STATE.x,ST_CASE,VEH_NO,PER_NO,PBPTYPE,PBAGE,PBSEX,PBCWALK,PBSWALK,PBSZONE,PEDCTYPE,BIKECTYPE,PEDLOC,BIKELOC,PEDPOS,BIKEPOS,PEDDIR,BIKEDIR,MOTDIR,MOTMAN,PEDLEG,PEDSNR,PEDCGP,BIKECGP,STATE.y,VE_TOTAL,VE_FORMS,PVH_INVL,PEDS,PERNOTMVIT,PERMVIT,PERSONS,COUNTY,CITY,DAY,MONTH,YEAR,DAY_WEEK,HOUR,MINUTE,NHS,RUR_URB,FUNC_SYS,RD_OWNER,ROUTE,TWAY_ID,TWAY_ID2,MILEPT,LATITUDE,LONGITUD,SP_JUR,HARM_EV,MAN_COLL,RELJCT1,RELJCT2,TYP_INT,WRK_ZONE,REL_ROAD,LGT_COND,WEATHER1,WEATHER2,WEATHER,SCH_BUS,RAIL,NOT_HOUR,NOT_MIN,ARR_HOUR,ARR_MIN,HOSP_HR,HOSP_MN,CF1,CF2,CF3,FATALS,DRUNK_DR
4,40060,0,1,5,57,1,0,1,0,760,0,3,7,3,7,8,7,8,8,8,8,750,0,4,1,1,0,1,1,1,1,13,370,9,1,2017,2,7,13,0,2,3,4,6,7TH AVE,NA,0,33.51382222,-112.0827639,0,8,0,0,1,1,0,1,1,1,0,1,0,0,7,14,7,18,7,30,0,0,0,1,0
4,40062,0,1,5,19,1,0,1,0,741,0,3,7,3,7,8,7,8,8,8,8,740,0,4,2,2,0,1,1,3,3,13,370,11,1,2017,4,20,48,1,2,3,4,6,51ST AVE,NA,0,99.9999,999.9999,0,8,0,0,1,1,0,1,6,98,0,98,0,0,99,99,99,99,99,99,0,0,0,1,0
4,40063,0,1,5,24,1,0,1,0,160,0,3,7,3,7,8,7,8,8,8,8,100,0,4,1,1,0,1,1,2,2,13,370,14,1,2017,7,1,54,1,2,3,4,6,51ST AVE,NA,0,33.48303611,-112.1689111,0,8,0,0,1,1,0,1,3,10,0,10,0,0,2,28,2,35,88,88,0,0,0,1,1
4,40064,0,1,5,53,1,0,1,0,410,0,3,7,5,7,8,7,8,8,8,8,400,0,4,1,1,0,1,1,1,1,13,370,15,1,2017,1,7,24,1,2,3,4,6,7TH ST,NA,0,33.40814722,-112.0645889,0,8,0,0,1,1,0,4,4,10,0,10,0,0,7,27,7,31,7,47,0,0,0,1,0
4,40067,0,1,5,40,1,0,1,0,760,0,3,7,3,7,8,7,8,8,8,8,750,0,4,2,2,0,1,1,8,8,13,370,20,1,2017,6,18,17,0,2,4,4,6,BROADWAY RD,NA,0,33.40670833,-112.0706056,0,8,0,0,1,1,0,1,3,2,0,2,0,0,18,18,18,22,88,88,0,0,0,1,0
4,40068,0,1,5,27,1,0,1,0,440,0,3,7,3,7,8,7,8,8,8,8,400,0,4,1,1,0,1,1,1,1,13,370,21,1,2017,7,6,48,0,2,4,4,6,43RD AVE,NA,0,33.4654,-112.1518139,0,8,0,0,1,1,0,1,3,10,0,10,0,0,6,50,6,54,88,88,0,0,0,1,0
4,40070,0,1,5,63,1,0,1,0,760,0,3,7,3,7,8,7,8,8,8,8,750,0,4,1,1,0,1,1,1,1,13,370,29,1,2017,1,19,22,0,2,3,4,6,19TH AVE,NA,0,33.56951944,-112.0996278,0,8,0,0,1,1,0,1,3,1,0,1,0,0,19,24,19,27,88,88,0,0,0,1,0
4,40073,0,1,5,21,2,0,0,0,440,0,3,7,3,7,8,7,8,8,8,8,400,0,4,1,1,0,1,1,1,1,13,370,4,2,2017,7,18,58,0,2,4,4,6,32ND ST,NA,0,33.38876944,-112.0125444,0,8,0,0,1,1,0,1,3,1,0,1,0,0,19,0,19,5,19,18,0,0,0,1,1
4,40074,0,1,8,14,2,0,1,0,250,0,3,7,3,7,8,7,8,8,8,8,100,0,4,1,1,0,1,1,1,1,19,530,4,2,2017,7,20,5,0,2,4,4,6,36TH ST,M L KING JR WAY,0,32.19244167,-110.951625,0,15,0,0,2,3,0,1,2,1,0,1,0,0,20,5,20,9,20,21,0,0,0,1,1
4,40075,0,1,5,63,1,1,1,0,760,0,1,7,2,7,3,7,4,3,2,3b,750,0,4,1,1,0,1,1,1,1,19,530,4,2,2017,7,22,7,1,2,3,4,6,IRVINGTON RD,12TH AVE,0,32.16329444,-110.9776611,0,8,0,0,3,2,0,1,3,1,0,1,0,0,22,7,22,12,22,28,0,0,0,1,1
4,40077,0,1,5,35,1,1,1,0,760,0,1,7,2,7,9,7,3,3,9,99,750,0,4,1,1,0,1,1,6,6,13,290,5,2,2017,1,20,21,0,2,3,4,6,ALMA SCHOOL RD,MAIN ST,0,33.41490833,-111.85665,0,8,0,0,3,2,0,1,3,1,0,1,0,0,99,99,99,99,21,20,0,0,0,1,0
4,40084,0,1,5,29,2,1,1,0,760,0,3,7,3,7,8,7,8,8,8,8,750,0,4,2,2,0,1,1,2,2,13,290,11,2,2017,7,4,25,0,2,3,4,6,DOBSON RD,NA,0,33.38964167,-111.8747611,0,8,0,0,1,1,0,1,3,10,0,10,0,0,4,25,4,30,4,54,0,0,0,1,0
4,40088,0,1,5,39,1,0,0,0,760,0,3,7,3,7,8,7,8,8,8,8,750,0,4,1,1,0,1,1,1,1,15,0,13,2,2017,2,6,8,0,1,5,1,3,SR-66,NA,437,35.52357778,-113.4809306,0,8,0,0,1,1,0,1,2,10,0,10,0,0,6,11,6,18,99,99,0,0,0,1,0
4,40093,0,1,5,28,2,0,1,0,741,0,3,7,3,7,8,7,8,8,8,8,740,0,4,1,1,0,1,1,1,1,7,210,14,2,2017,3,18,26,1,2,3,1,2,US-60 BROAD ST,NA,2173,33.41458333,-110.7982528,0,8,0,0,1,1,0,1,2,10,0,10,0,0,18,29,18,34,88,88,0,0,0,1,0
4,40097,0,1,8,32,1,0,1,0,760,0,1,7,2,7,4,7,1,3,2,3b,750,0,4,1,1,0,1,1,2,2,19,530,23,2,2017,5,18,48,0,2,3,1,6,6TH AVE,I-10 RAMP 261,0,32.18776944,-110.9682917,0,15,0,1,3,2,0,1,3,1,0,1,0,0,18,48,18,52,19,12,0,0,0,1,0
4,40099,0,1,5,37,1,0,0,0,741,0,3,7,3,7,8,7,8,8,8,8,740,0,4,1,1,0,1,1,3,3,5,0,26,2,2017,1,23,38,1,1,3,1,2,US-89,NA,724,36.21889444,-111.39695,3,8,0,0,1,1,0,1,2,1,0,1,0,0,23,38,0,6,88,88,0,0,0,1,0
4,40103,0,1,5,48,1,0,0,0,680,0,3,7,3,7,8,7,8,8,8,8,990,0,4,2,2,0,1,1,3,3,13,370,21,2,2017,3,21,9,1,2,1,1,1,I-17,NA,142,33.57203056,-112.1172806,0,8,0,1,18,1,0,1,3,1,0,1,0,0,21,9,21,15,21,30,0,0,0,1,0
4,40105,0,1,5,7,1,1,1,0,742,0,1,7,2,7,3,7,2,3,1,1a,740,0,4,1,1,0,1,1,1,1,13,290,8,2,2017,4,6,48,0,2,3,4,6,BROADWAY RD,56TH ST,0,33.40832778,-111.7102611,0,8,0,0,3,3,0,1,4,1,0,1,0,0,6,48,6,51,7,15,0,0,0,1,0
4,40107,0,1,5,50,1,0,0,0,230,0,1,7,9,7,9,7,3,3,9,99,100,0,4,1,1,0,1,1,1,1,21,0,1,2,2017,4,4,21,1,1,3,1,3,SR-347 MARICOPA RD,BIA 1 CASA BLANCA RD,175,33.12347778,-112.0176917,3,8,0,0,2,3,0,1,2,1,0,1,0,0,4,21,99,99,99,99,19,23,0,1,0
4,40111,0,1,5,85,1,0,0,0,680,0,3,7,3,7,8,7,8,8,8,8,990,0,4,1,1,0,1,1,1,1,21,0,15,2,2017,4,12,31,0,1,7,62,8,BLACKWATER SCHOOL RD,NA,0,33.030525,-111.6024972,0,8,0,0,1,1,0,1,1,1,0,1,0,0,12,31,12,36,13,14,0,0,0,1,0
4,40114,0,1,5,31,1,0,0,0,910,0,3,7,3,7,8,7,8,8,8,8,910,0,4,2,2,0,1,1,3,3,13,490,12,2,2017,1,13,18,1,2,2,1,3,SR-202,NA,82,33.43592778,-111.9176056,0,8,0,0,1,1,0,1,1,10,0,10,0,0,13,18,13,18,13,42,0,0,0,1,0
4,40117,0,1,5,21,1,0,0,0,910,0,3,7,3,7,8,7,8,8,8,8,910,0,4,3,3,0,1,1,5,5,21,0,19,2,2017,1,2,35,1,1,1,1,1,I-10,NA,2298,32.53695833,-111.2927139,0,8,0,0,1,1,0,1,2,10,0,10,0,0,2,35,2,51,88,88,16,0,0,1,0
4,40121,0,1,5,60,1,1,1,0,760,0,3,7,3,7,8,7,8,8,8,8,750,0,4,1,1,0,1,1,1,1,13,370,3,2,2017,6,18,38,0,2,4,4,6,43RD AVE,NA,0,33.46401389,-112.1519389,0,8,0,0,1,1,0,1,3,1,0,1,0,0,99,99,99,99,99,99,0,0,0,1,1
4,40122,0,1,5,26,2,0,9,0,900,0,9,7,9,7,8,7,8,8,8,8,990,0,4,1,1,0,1,1,1,1,17,0,1,2,2017,4,19,10,0,2,4,1,3,SR-73,NA,294,33.85234167,-109.9641083,3,8,0,0,99,99,0,99,6,98,0,98,0,0,99,99,99,99,99,99,0,0,0,1,0
4,40124,0,1,5,54,1,0,1,0,760,0,3,7,3,7,8,7,8,8,8,8,750,0,4,1,1,0,1,1,1,1,13,370,4,2,2017,7,21,18,0,2,4,4,6,MCDOWELL RD,NA,0,33.46600556,-112.1708833,0,8,0,0,1,1,0,1,3,1,0,1,0,0,21,19,21,22,21,39,0,0,0,1,0
4,40125,0,1,5,71,2,0,1,0,760,0,3,7,3,7,8,7,8,8,8,8,750,0,4,1,1,0,1,1,2,2,13,370,7,2,2017,3,18,44,0,2,3,4,6,GREENWAY RD,NA,0,99.9999,999.9999,0,8,0,0,1,1,0,1,9,99,0,99,0,0,99,99,99,99,99,99,0,0,0,1,0
4,40126,0,1,5,65,1,0,1,0,760,0,2,7,3,7,4,7,3,3,2,4a,750,0,4,1,1,0,1,1,1,1,13,370,9,2,2017,5,19,9,0,2,3,4,6,19TH AVE,CHOLLA ST,0,33.58921111,-112.0996667,0,8,0,0,3,2,0,1,3,1,0,1,0,0,19,10,19,13,19,24,0,0,0,1,0
4,40128,0,1,5,56,1,9,9,0,900,0,9,7,9,7,8,7,8,8,8,8,990,0,4,1,1,0,1,1,1,1,13,370,15,2,2017,4,99,99,0,2,5,4,6,15TH AVE,NA,0,99.9999,999.9999,0,8,0,0,99,99,0,99,9,99,0,99,0,0,99,99,99,99,99,99,0,0,0,1,0
4,40133,0,1,5,58,1,1,1,0,760,0,3,7,3,7,8,7,8,8,8,8,750,0,4,1,1,0,1,1,1,1,13,200,20,2,2017,2,6,35,0,2,3,4,6,CAMELBACK RD,NA,0,33.50946667,-112.1771639,0,8,0,0,1,1,0,1,3,1,0,1,0,0,6,35,6,40,88,88,0,0,0,1,0
4,40137,0,1,5,83,1,0,1,0,760,0,3,7,3,7,8,7,8,8,8,8,750,0,4,1,1,0,1,1,1,1,13,370,27,2,2017,2,5,58,0,2,7,98,6,DENTON LN,NA,0,33.51628056,-112.1493,0,8,0,0,1,1,0,1,3,1,0,1,0,0,6,0,6,5,6,24,0,0,0,1,0
4,40138,0,1,5,50,1,1,1,0,760,0,1,7,2,7,9,7,2,3,9,99,750,0,4,1,1,0,1,1,1,1,13,370,28,2,2017,3,21,15,1,2,3,4,6,BELL RD,7TH AVE,0,33.64009167,-112.0828639,0,8,0,0,3,2,0,1,6,99,0,99,0,0,99,99,99,99,99,99,0,0,0,1,0
4,40139,0,1,5,57,2,0,1,0,760,0,3,7,3,7,8,7,8,8,8,8,750,0,4,1,1,0,1,1,1,1,19,530,3,3,2017,6,6,12,1,2,4,4,6,WETMORE RD,NA,0,32.28643333,-110.9745972,0,8,0,0,1,1,0,1,2,10,0,10,0,0,6,12,6,19,88,88,0,0,0,1,0
4,40148,0,1,8,26,1,0,1,0,250,0,3,7,3,7,8,7,8,8,8,8,100,0,4,2,1,1,1,1,2,2,19,530,9,3,2017,5,7,0,0,2,7,98,6,LEE ST,NA,0,32.24161667,-110.8746694,0,15,0,0,1,1,0,1,1,1,0,1,0,0,7,0,7,4,7,23,14,0,0,1,0
4,40149,0,1,5,26,1,1,1,0,760,0,3,7,3,7,8,7,8,8,8,8,750,0,4,1,1,0,1,1,1,1,13,370,10,3,2017,6,21,35,1,2,3,4,6,CAVE CREEK RD,NA,0,33.642775,-112.0308222,0,8,0,0,1,1,0,1,3,1,0,1,0,0,99,99,99,99,99,99,0,0,0,1,0
4,40161,0,1,5,74,1,0,1,0,760,0,3,7,3,7,8,7,8,8,8,8,750,0,4,1,1,0,1,1,1,1,19,530,18,3,2017,7,23,14,0,2,3,4,6,GRANT RD,NA,0,32.25052222,-110.918125,0,8,0,0,1,1,0,1,3,1,0,1,0,0,23,14,23,18,23,23,0,0,0,1,0
4,40163,0,1,5,23,1,0,1,0,741,0,1,7,1,7,1,7,4,3,1,2a,740,0,4,1,1,0,1,1,2,2,13,370,21,3,2017,3,1,55,0,2,3,4,6,BLENDALE AVE,14TH AVE,0,33.538497219999996,-112.0894278,0,8,0,0,2,3,0,1,3,1,0,1,0,0,1,56,1,58,99,99,0,0,0,1,0
4,40167,0,1,5,42,1,1,1,0,760,0,2,7,3,7,2,7,1,3,2,4a,750,0,4,1,1,0,1,1,1,1,19,530,24,3,2017,6,19,27,0,2,3,4,6,CRAYCROFT RD,29TH ST,0,32.19984444,-110.8750306,0,8,0,0,3,2,0,1,3,1,0,1,0,0,19,27,19,31,19,50,0,0,0,1,0
4,40168,0,1,5,19,2,0,0,0,760,0,3,7,3,7,8,7,8,8,8,8,750,0,4,1,1,0,1,1,1,1,19,0,26,3,2017,1,3,45,0,2,4,2,4,CR-ALVERNON WAY,NA,0,32.12700278,-110.9094472,0,8,0,0,1,1,0,1,2,1,0,1,0,0,3,45,3,45,88,88,0,0,0,1,0
4,40173,0,1,5,64,1,0,1,0,680,0,3,7,3,7,8,7,8,8,8,8,990,0,4,1,1,0,1,1,1,1,19,530,31,3,2017,6,14,55,1,2,3,4,6,CONGRESS ST,NA,0,32.22172222,-110.9726222,0,8,0,0,1,1,0,1,1,1,0,1,0,0,14,55,14,59,15,18,0,0,0,1,0
4,40178,0,1,5,20,2,1,1,0,770,0,3,7,2,7,8,7,8,8,8,8,750,0,4,1,1,0,1,1,2,2,13,370,27,3,2017,2,21,23,0,2,3,4,6,19TH AVE,NA,0,33.5938,-112.0995667,0,8,0,0,1,1,0,1,3,10,0,10,0,0,21,23,21,27,21,35,0,0,0,1,0
4,40188,0,1,5,49,2,9,9,0,900,0,9,7,9,7,8,7,8,8,8,8,990,0,4,1,1,0,1,1,1,1,13,370,7,3,2017,3,9,25,0,2,7,98,6,21ST ST,NA,0,99.9999,999.9999,0,8,0,0,99,99,0,99,1,98,0,98,0,0,99,99,99,99,99,99,0,0,0,1,0
4,40192,0,1,5,999,9,0,1,0,680,0,3,7,3,7,8,7,8,8,8,8,990,0,4,2,2,0,1,1,2,2,13,370,8,3,2017,4,6,30,0,2,3,4,6,THOMAS RD,NA,0,99.9999,999.9999,0,8,0,0,1,1,0,1,9,98,0,98,0,0,99,99,99,99,99,99,0,0,0,1,0
4,40196,0,1,5,52,1,0,1,0,770,0,1,7,2,7,2,7,1,3,2,3a,750,0,4,1,1,0,1,1,1,1,13,200,16,3,2017,5,18,17,0,2,3,4,6,59TH AVE,BERRIDGE LN,0,33.52598056,-112.1862472,0,8,0,0,3,3,0,1,1,1,0,1,0,0,99,99,99,99,99,99,0,0,0,2,0
4,40200,0,1,5,44,1,0,1,0,760,0,3,7,3,7,8,7,8,8,8,8,750,0,4,1,1,0,1,1,1,1,13,370,22,3,2017,4,19,7,0,2,3,4,6,35TH AVE,NA,0,33.50013889,-112.134225,0,8,0,0,1,1,0,1,3,2,0,2,0,0,19,8,19,14,88,88,0,0,0,1,0
4,40201,0,1,5,49,1,0,1,0,760,0,3,7,3,7,8,7,8,8,8,8,750,0,4,1,1,0,1,1,1,1,13,80,23,3,2017,5,8,6,0,2,3,4,6,PECOS RD,NA,0,33.29149722,-111.8376778,0,8,0,0,1,1,0,1,1,10,0,10,0,0,8,6,8,11,8,22,0,0,0,1,0
4,40205,0,1,5,998,2,0,1,0,741,0,3,7,3,7,8,7,8,8,8,8,740,0,4,1,1,0,1,1,1,1,13,200,30,3,2017,5,20,42,0,2,7,98,6,65TH AVE,NA,0,33.53358611,-112.198975,0,8,0,0,1,1,0,1,3,7,0,7,0,0,20,43,20,47,21,9,0,0,0,1,0
4,40206,0,1,5,53,1,1,1,0,770,0,1,7,2,7,2,7,1,3,1,1a,750,0,4,1,1,0,1,1,1,1,13,370,25,3,2017,7,19,24,0,2,3,4,6,CENTRAL AVE,JONES AVE,0,33.41055556,-112.0733,0,8,0,0,3,2,0,1,3,1,0,1,0,0,19,25,19,28,19,42,0,0,0,1,0
4,40207,0,1,8,21,1,0,0,0,680,0,3,7,3,7,8,7,8,8,8,8,990,0,4,1,1,0,1,1,1,1,19,0,1,2,2017,4,14,0,0,2,5,2,4,CR-SWAN RD,NA,0,32.131975,-110.891875,0,15,0,0,1,1,0,1,1,1,0,1,0,0,99,99,14,2,99,99,0,0,0,1,0
4,40210,0,1,5,88,2,0,1,0,760,0,3,7,3,7,8,7,8,8,8,8,750,0,4,1,1,0,1,1,1,1,13,370,7,4,2017,6,6,25,0,2,3,4,6,GREENWAY RD,NA,0,33.62524444,-112.1132639,0,8,0,0,1,1,0,1,4,1,0,1,0,0,6,25,6,27,6,57,0,0,0,1,0
4,40213,0,1,5,53,1,0,1,0,760,0,2,7,3,7,2,7,1,3,2,4a,750,0,4,1,1,0,1,1,1,1,19,530,8,4,2017,7,19,34,0,2,3,4,6,6TH AVE,OHIO ST,0,32.16784444,-110.968175,0,8,0,0,3,3,0,1,3,1,0,1,0,0,19,34,19,38,19,43,0,0,0,1,0
4,40220,0,1,5,40,2,0,1,0,760,0,3,7,3,7,8,7,8,8,8,8,750,0,4,1,1,0,1,1,1,1,13,290,13,4,2017,5,20,26,0,2,4,4,6,CRISMON RD,NA,0,33.40308889,-111.6153806,0,8,0,0,1,1,0,1,3,1,0,1,0,0,20,26,20,30,21,8,0,0,0,1,1
4,40225,0,1,5,49,2,1,1,0,741,0,1,7,2,7,2,7,3,3,2,3b,740,0,4,1,1,0,2,2,1,1,13,190,20,4,2017,5,6,14,0,2,3,4,6,VAL VISTA DR,ELLIOT RD,0,33.35000833,-111.7558278,0,8,0,0,3,2,0,1,1,1,0,1,0,0,6,14,99,99,99,99,0,0,0,1,0
4,40225,0,2,5,53,2,1,1,0,741,0,1,7,2,7,2,7,3,3,2,3b,740,0,4,1,1,0,2,2,1,1,13,190,20,4,2017,5,6,14,0,2,3,4,6,VAL VISTA DR,ELLIOT RD,0,33.35000833,-111.7558278,0,8,0,0,3,2,0,1,1,1,0,1,0,0,6,14,99,99,99,99,0,0,0,1,0
4,40237,0,1,5,25,1,9,9,0,900,0,9,7,9,7,8,7,8,8,8,8,990,0,4,1,1,0,1,1,1,1,21,0,27,3,2017,2,99,99,0,1,5,62,8,BIA 1 CASA BLANCA RD,NA,0,99.9999,999.9999,3,8,0,0,99,99,0,99,9,99,0,99,0,0,99,99,99,99,88,88,0,0,0,1,0
4,40241,0,1,5,74,2,0,1,0,760,0,3,7,3,7,8,7,8,8,8,8,750,0,4,1,1,0,1,1,1,1,13,290,7,4,2017,6,19,52,0,2,4,4,6,BROWN RD,NA,0,33.43521667,-111.838075,0,8,0,0,1,1,0,1,3,1,0,1,0,0,19,52,19,58,20,27,0,0,0,1,0
4,40250,0,1,5,17,2,0,1,0,410,0,3,7,5,7,8,7,8,8,8,8,400,0,4,4,4,0,5,5,10,10,13,370,19,3,2017,1,14,30,0,2,4,4,6,43RD AVE,NA,0,99.9999,999.9999,0,8,0,0,1,1,0,4,1,1,0,1,0,0,99,99,99,99,99,99,0,0,0,2,0
4,40250,0,2,5,7,1,0,1,0,410,0,3,7,5,7,8,7,8,8,8,8,400,0,4,4,4,0,5,5,10,10,13,370,19,3,2017,1,14,30,0,2,4,4,6,43RD AVE,NA,0,99.9999,999.9999,0,8,0,0,1,1,0,4,1,1,0,1,0,0,99,99,99,99,99,99,0,0,0,2,0
4,40250,0,3,5,998,1,0,1,0,410,0,3,7,5,7,8,7,8,8,8,8,400,0,4,4,4,0,5,5,10,10,13,370,19,3,2017,1,14,30,0,2,4,4,6,43RD AVE,NA,0,99.9999,999.9999,0,8,0,0,1,1,0,4,1,1,0,1,0,0,99,99,99,99,99,99,0,0,0,2,0
4,40250,0,4,5,998,2,0,1,0,410,0,3,7,5,7,8,7,8,8,8,8,400,0,4,4,4,0,5,5,10,10,13,370,19,3,2017,1,14,30,0,2,4,4,6,43RD AVE,NA,0,99.9999,999.9999,0,8,0,0,1,1,0,4,1,1,0,1,0,0,99,99,99,99,99,99,0,0,0,2,0
4,40250,0,5,5,998,8,0,1,0,410,0,3,7,5,7,8,7,8,8,8,8,400,0,4,4,4,0,5,5,10,10,13,370,19,3,2017,1,14,30,0,2,4,4,6,43RD AVE,NA,0,99.9999,999.9999,0,8,0,0,1,1,0,4,1,1,0,1,0,0,99,99,99,99,99,99,0,0,0,2,0
4,40255,0,1,5,53,2,0,0,0,140,0,3,7,3,7,8,7,8,8,8,8,100,0,4,2,2,0,4,4,1,1,13,370,1,5,2017,2,5,7,1,2,1,1,1,I-17,NA,203,33.66085278,-112.1141528,0,12,1,0,1,1,0,1,3,1,0,1,0,0,5,7,5,19,99,99,15,19,0,2,0
4,40255,0,2,5,38,1,0,0,0,140,0,3,7,3,7,8,7,8,8,8,8,100,0,4,2,2,0,4,4,1,1,13,370,1,5,2017,2,5,7,1,2,1,1,1,I-17,NA,203,33.66085278,-112.1141528,0,12,1,0,1,1,0,1,3,1,0,1,0,0,5,7,5,19,99,99,15,19,0,2,0
4,40255,0,3,5,46,1,0,0,0,140,0,3,7,3,7,8,7,8,8,8,8,100,0,4,2,2,0,4,4,1,1,13,370,1,5,2017,2,5,7,1,2,1,1,1,I-17,NA,203,33.66085278,-112.1141528,0,12,1,0,1,1,0,1,3,1,0,1,0,0,5,7,5,19,99,99,15,19,0,2,0
4,40255,0,4,5,52,1,0,0,0,140,0,3,7,3,7,8,7,8,8,8,8,100,0,4,2,2,0,4,4,1,1,13,370,1,5,2017,2,5,7,1,2,1,1,1,I-17,NA,203,33.66085278,-112.1141528,0,12,1,0,1,1,0,1,3,1,0,1,0,0,5,7,5,19,99,99,15,19,0,2,0
4,40265,0,1,5,64,1,0,0,0,760,0,3,7,3,7,8,7,8,8,8,8,750,0,4,1,1,0,1,1,1,1,17,0,6,5,2017,7,4,5,1,1,1,1,1,I-40,NA,2976,34.99027222,-110.0012611,0,8,0,0,1,1,0,1,2,1,0,1,0,0,4,5,4,5,88,88,0,0,0,1,0
4,40268,0,1,5,65,1,0,1,0,760,0,2,7,3,7,2,7,3,3,1,2b,750,0,4,1,1,0,1,1,1,1,13,370,6,5,2017,7,21,50,0,2,4,4,6,27TH AVE,ROVEY AVE,0,33.52522222,-112.1169111,0,8,0,0,3,2,0,1,3,1,0,1,0,0,99,99,99,99,99,99,0,0,0,1,0
4,40270,0,1,5,22,1,0,1,0,760,0,3,7,3,7,8,7,8,8,8,8,750,0,4,1,1,0,1,1,1,1,13,290,7,5,2017,1,21,31,0,2,4,4,6,BROWN RD,NA,0,33.43743611,-111.6992833,0,8,0,0,1,1,0,1,3,10,0,10,0,0,21,31,21,37,21,49,0,0,0,1,0
4,40272,0,1,5,46,2,0,1,0,760,0,3,7,3,7,8,7,8,8,8,8,750,0,4,1,1,0,1,1,1,1,13,290,11,5,2017,5,4,1,0,2,3,4,6,UNIVERSITY DR,NA,0,33.42227778,-111.8308583,0,8,0,0,1,1,0,1,3,1,0,1,0,0,4,1,4,9,4,38,0,0,0,1,0
4,40275,0,1,5,47,1,0,1,0,770,0,3,7,3,7,8,7,8,8,8,8,750,0,4,1,1,0,1,1,1,1,19,530,18,5,2017,5,22,22,0,2,3,98,6,22ND ST,NA,0,32.2069,-110.9028278,0,8,0,0,1,1,0,1,3,1,0,1,0,0,22,22,22,23,22,56,0,0,0,1,1
4,40288,0,1,5,34,1,0,0,0,240,0,3,7,3,7,8,7,8,8,8,8,100,0,4,1,1,0,1,1,1,1,3,0,31,5,2017,4,21,40,0,2,5,2,4,CR-SCHOOL TERRACE RD,NA,0,31.42081667,-109.8945444,0,8,0,0,1,1,0,1,2,1,0,1,0,0,21,35,21,40,99,99,0,0,0,1,0
4,40303,0,1,5,61,2,0,1,0,760,0,3,7,3,7,8,7,8,8,8,8,750,0,4,1,1,0,1,1,1,1,13,370,4,4,2017,3,22,29,0,2,4,4,6,NORTHERN AVE,NA,0,99.9999,999.9999,0,8,0,0,1,1,0,1,6,98,0,98,0,0,99,99,99,99,88,88,0,0,0,1,0
4,40308,0,1,5,39,2,0,1,0,760,0,3,7,3,7,8,7,8,8,8,8,750,0,4,1,1,0,1,1,1,1,13,200,7,4,2017,6,19,31,0,2,3,4,6,CAMELBACK RD,NA,0,99.9999,999.9999,0,8,0,0,1,1,0,1,9,98,0,98,0,0,99,99,99,99,99,99,0,0,0,1,0
4,40316,0,1,5,27,1,0,1,0,760,0,3,7,3,7,8,7,8,8,8,8,750,0,4,1,1,0,1,1,1,1,13,370,24,4,2017,2,18,13,0,2,3,4,6,CAMELBACK RD,NA,0,99.9999,999.9999,0,8,0,0,1,1,0,1,9,98,0,98,0,0,99,99,99,99,99,99,0,0,0,1,0
4,40317,0,1,5,65,1,0,1,0,760,0,3,7,3,7,8,7,8,8,8,8,750,0,4,2,2,0,1,1,2,2,13,370,25,4,2017,3,19,32,0,2,3,4,6,19TH AVE,NA,0,33.65378611,-112.0997528,0,8,0,0,1,1,0,1,3,1,0,1,0,0,19,33,19,41,88,88,0,0,0,1,0
4,40323,0,1,5,69,1,0,1,0,760,0,3,7,3,7,8,7,8,8,8,8,750,0,4,1,1,0,1,1,1,1,13,490,29,4,2017,7,22,38,0,2,3,4,6,BROADWAY RD,NA,0,33.40756389,-111.905925,0,8,0,0,1,1,0,1,3,1,0,1,0,0,22,39,22,43,88,88,0,0,0,1,0
4,40335,0,1,5,61,1,0,1,0,900,0,9,7,9,7,8,7,8,8,8,8,990,0,4,1,1,0,1,1,1,1,13,510,17,1,2017,3,99,99,0,2,7,98,6,80TH AVE,NA,0,99.9999,999.9999,0,8,0,0,99,99,0,99,9,98,0,98,0,0,99,99,99,99,88,88,0,0,0,1,0
4,40355,0,1,5,52,1,0,1,0,760,0,2,7,3,7,9,7,4,3,1,2c,750,0,4,1,1,0,1,1,1,1,13,370,7,5,2017,1,1,23,1,2,3,4,6,INDIAN SCHOOL RD,48TH ST,0,33.49460556,-111.9781472,0,8,0,0,3,2,0,1,3,1,0,1,0,0,1,23,1,24,88,88,0,0,0,1,0
4,40356,0,1,5,39,2,1,1,0,140,0,2,7,5,7,3,7,4,3,2,4b,100,0,4,2,2,0,1,1,3,3,13,370,9,5,2017,3,11,8,1,2,3,4,6,BELL RD,17TH AVE,0,33.64022222,-112.0957444,0,12,99,0,2,2,0,1,1,98,0,98,0,0,99,99,99,99,99,99,0,0,0,1,0
4,40360,0,1,5,19,2,0,1,0,230,0,3,7,3,7,8,7,8,8,8,8,100,0,4,2,2,0,1,1,2,2,13,370,12,5,2017,6,22,53,0,2,4,4,6,BROADWAY RD,NA,0,33.40701667,-112.0158333,0,8,0,0,1,1,0,1,3,1,0,1,0,0,22,54,22,58,88,88,23,0,0,1,0
4,40361,0,1,5,54,1,0,1,0,680,0,3,7,3,7,8,7,8,8,8,8,990,0,4,1,1,0,1,1,1,1,13,370,13,5,2017,7,21,6,0,2,3,4,6,75TH AVE,NA,0,99.9999,999.9999,0,8,0,0,1,1,0,1,6,98,0,98,0,0,99,99,99,99,99,99,0,0,0,1,0
4,40366,0,1,5,39,2,0,0,0,410,0,3,7,3,7,8,7,8,8,8,8,400,0,4,1,1,0,1,1,1,1,21,0,18,5,2017,5,5,37,0,1,7,2,4,CR-COOPER RD,NA,0,33.12094167,-111.4386917,0,8,0,0,1,1,0,1,2,1,0,1,0,0,5,37,99,97,99,97,0,0,0,1,0
4,40368,0,1,5,51,1,1,1,0,760,0,3,7,3,7,8,7,8,8,8,8,750,0,4,1,1,0,1,1,1,1,13,370,18,5,2017,5,4,40,0,2,4,4,6,BETHANY HOME RD,NA,0,99.9999,999.9999,0,8,0,0,1,1,0,1,1,98,0,98,0,0,99,99,99,99,99,99,0,0,0,1,0