STATE.x,ST_CASE,VEH_NO,PER_NO,PBPTYPE,PBAGE,PBSEX,PBCWALK,PBSWALK,PBSZONE,PEDCTYPE,BIKECTYPE,PEDLOC,BIKELOC,PEDPOS,BIKEPOS,PEDDIR,BIKEDIR,MOTDIR,MOTMAN,PEDLEG,PEDSNR,PEDCGP,BIKECGP,STATE.y,VE_TOTAL,VE_FORMS,PVH_INVL,PEDS,PERNOTMVIT,PERMVIT,PERSONS,COUNTY,CITY,DAY,MONTH,YEAR,DAY_WEEK,HOUR,MINUTE,NHS,RUR_URB,FUNC_SYS,RD_OWNER,ROUTE,TWAY_ID,TWAY_ID2,MILEPT,LATITUDE,LONGITUD,SP_JUR,HARM_EV,MAN_COLL,RELJCT1,RELJCT2,TYP_INT,WRK_ZONE,REL_ROAD,LGT_COND,WEATHER1,WEATHER2,WEATHER,SCH_BUS,RAIL,NOT_HOUR,NOT_MIN,ARR_HOUR,ARR_MIN,HOSP_HR,HOSP_MN,CF1,CF2,CF3,FATALS,DRUNK_DR
4,40734,0,1,5,29,2,0,1,0,760,0,3,7,3,7,8,7,8,8,8,8,750,0,4,1,1,0,1,1,1,1,13,370,12,10,2017,5,2,31,0,2,4,4,6,CAMELBACK RD,NA,0,33.50829722,-112.2761028,0,8,0,0,1,1,0,11,3,1,0,1,0,0,2,33,2,37,2,56,0,0,0,1,1
4,40735,0,1,5,50,1,0,0,0,760,0,3,7,3,7,8,7,8,8,8,8,750,0,4,1,1,0,1,1,1,1,13,200,12,10,2017,5,23,5,0,2,4,4,6,GLENDALE AVE,NA,0,33.53686389,-112.27695,0,8,0,0,1,1,0,1,2,1,0,1,0,0,23,5,23,12,88,88,0,0,0,1,0
4,40742,0,1,5,53,2,0,1,0,760,0,3,7,3,7,8,7,8,8,8,8,750,0,4,1,1,0,1,1,1,1,5,336,13,10,2017,6,18,50,0,2,4,4,6,HAUL RD,NA,0,36.90426667,-111.4822472,3,8,0,0,1,1,0,1,2,1,0,1,0,0,18,52,18,58,19,19,0,0,0,1,0
4,40743,0,1,5,22,1,0,0,0,410,0,3,7,3,7,8,7,8,8,8,8,400,0,4,1,1,0,1,1,2,2,19,0,24,10,2017,3,20,7,0,2,4,62,8,MISSION RD,NA,0,32.13958889,-111.0150194,3,8,0,0,1,1,0,1,2,1,0,1,0,0,99,99,99,99,99,99,0,0,0,1,0
4,40745,0,1,5,35,1,0,9,0,900,0,9,7,9,7,8,7,8,8,8,8,990,0,4,1,1,0,1,1,1,1,13,370,1,10,2017,1,99,99,0,1,4,4,6,19TH AVE,NA,0,99.9999,999.9999,0,8,0,0,99,99,0,99,9,98,0,98,0,0,99,99,99,99,88,88,0,0,0,1,0
4,40748,0,1,5,64,1,0,1,0,760,0,3,7,3,7,8,7,8,8,8,8,750,0,4,1,1,0,1,1,1,1,13,370,3,10,2017,3,17,2,0,2,3,4,6,35TH AVE,NA,0,33.556075,-112.13425,0,8,0,0,1,1,0,1,1,1,0,1,0,0,17,4,17,7,17,22,0,0,0,1,0
4,40749,0,1,5,53,1,0,1,0,313,0,3,7,3,7,8,7,8,8,8,8,600,0,4,1,1,0,1,1,2,2,13,370,3,10,2017,3,19,57,0,2,7,98,6,WILSHIRE DR,NA,0,99.9999,999.9999,0,8,0,0,1,1,0,1,9,98,0,98,0,0,99,99,99,99,99,99,0,0,0,1,0
4,40753,0,1,5,52,2,0,1,0,680,0,3,7,3,7,8,7,8,8,8,8,990,0,4,1,1,0,1,1,1,1,13,370,13,10,2017,6,22,12,0,2,3,4,6,GLENDALE AVE,NA,0,99.9999,999.9999,0,8,0,0,1,1,0,1,6,98,0,98,0,0,99,99,99,99,99,99,0,0,0,1,0
4,40754,0,1,5,55,1,0,1,0,150,0,3,7,5,7,8,7,8,8,8,8,100,0,4,1,1,0,1,1,2,2,13,370,14,10,2017,7,5,1,0,2,3,4,6,DUNLAP AVE,NA,0,99.9999,999.9999,0,8,0,0,1,1,0,4,9,98,0,98,0,0,99,99,99,99,99,99,0,0,0,1,1
4,40756,0,1,5,40,1,9,1,0,900,0,9,7,9,7,8,7,8,8,8,8,990,0,4,1,1,0,1,1,1,1,13,370,15,10,2017,1,20,37,0,2,3,4,6,THOMAS RD,NA,0,99.9999,999.9999,0,8,0,0,99,99,0,1,6,98,0,98,0,0,99,99,99,99,99,99,0,0,0,1,0
4,40757,0,1,5,42,2,0,1,0,741,0,3,7,3,7,8,7,8,8,8,8,740,0,4,1,1,0,1,1,2,2,13,370,16,10,2017,2,19,23,0,2,3,4,6,MCDOWELL RD,NA,0,33.46568889,-111.9732556,0,8,0,0,1,1,0,1,9,98,0,98,0,0,99,99,99,99,99,99,0,0,0,1,0
4,40758,0,1,5,6,2,0,1,0,760,0,3,7,3,7,8,7,8,8,8,8,750,0,4,1,1,0,2,2,1,1,13,370,21,10,2017,7,23,5,0,2,4,4,6,43RD AVE,NA,0,99.9999,999.9999,0,8,0,0,1,1,0,1,6,98,0,98,0,0,99,99,99,99,99,99,0,0,0,1,0
4,40758,0,2,5,47,2,0,1,0,760,0,3,7,3,7,8,7,8,8,8,8,750,0,4,1,1,0,2,2,1,1,13,370,21,10,2017,7,23,5,0,2,4,4,6,43RD AVE,NA,0,99.9999,999.9999,0,8,0,0,1,1,0,1,6,98,0,98,0,0,99,99,99,99,99,99,0,0,0,1,0
4,40760,0,1,5,50,1,0,1,0,760,0,3,7,3,7,8,7,8,8,8,8,750,0,4,1,1,0,1,1,1,1,13,370,25,10,2017,4,20,16,0,2,3,4,6,19TH AVE,NA,0,99.9999,999.9999,0,8,0,0,1,1,0,1,9,98,0,98,0,0,99,99,99,99,99,99,0,0,0,1,0
4,40761,0,1,5,79,1,1,1,0,792,0,1,7,2,7,2,7,2,2,2,7a,790,0,4,1,1,0,1,1,1,1,13,370,27,10,2017,6,9,14,1,2,1,1,7,I-17 FRONTAGE RD,INDIAN SCHOOL RD,73,33.49473611,-112.1134611,0,8,0,1,3,2,0,1,1,1,0,1,0,0,9,15,9,19,9,31,0,0,0,1,0
4,40763,0,1,5,49,1,0,1,0,760,0,3,7,3,7,8,7,8,8,8,8,750,0,4,1,1,0,1,1,2,2,13,370,31,10,2017,3,21,9,0,2,4,4,6,MCDOWELL RD,NA,0,99.9999,999.9999,0,8,0,0,1,1,0,1,9,98,0,98,0,0,99,99,99,99,99,99,0,0,0,1,1
4,40768,0,1,5,50,1,0,1,0,760,0,2,7,3,7,4,7,3,3,1,2a,750,0,4,1,1,0,1,1,1,1,5,336,5,11,2017,1,18,21,0,1,4,4,3,SR-89L LAKE POWELL BLVD,RIMVIEW DR,18,36.92050833,-111.4638361,3,8,0,0,3,3,0,1,3,1,0,1,0,0,18,21,18,25,88,88,0,0,0,1,1
4,40774,0,1,5,77,1,0,0,0,760,0,3,7,3,7,8,7,8,8,8,8,750,0,4,2,2,0,1,1,3,3,19,407,11,11,2017,7,18,47,0,2,3,4,6,SAHUARITA RD,NA,0,31.95742222,-110.9503,0,8,0,0,1,1,0,1,2,1,0,1,0,0,18,47,18,57,88,88,0,0,0,1,1
4,40775,0,1,5,84,1,0,1,0,760,0,3,7,3,7,8,7,8,8,8,8,750,0,4,1,1,0,1,1,3,3,13,370,11,11,2017,7,19,27,1,2,3,4,6,7TH ST,NA,0,33.38547222,-112.0646333,0,8,0,0,1,1,0,1,3,1,0,1,0,0,19,28,19,31,19,46,0,0,0,1,0
4,40776,0,1,5,41,1,0,0,0,760,0,3,7,3,7,8,7,8,8,8,8,750,0,4,1,1,0,2,2,2,2,3,431,11,11,2017,7,20,33,0,1,3,1,3,SR-92,NA,10,31.5395,-110.2573583,0,8,0,0,1,1,0,1,2,1,0,1,0,0,20,33,20,36,99,99,0,0,0,1,0
4,40776,0,2,5,46,2,0,0,0,760,0,3,7,3,7,8,7,8,8,8,8,750,0,4,1,1,0,2,2,2,2,3,431,11,11,2017,7,20,33,0,1,3,1,3,SR-92,NA,10,31.5395,-110.2573583,0,8,0,0,1,1,0,1,2,1,0,1,0,0,20,33,20,36,99,99,0,0,0,1,0
4,40785,0,1,5,28,1,0,1,0,760,0,3,7,3,7,8,7,8,8,8,8,750,0,4,1,1,0,1,1,1,1,13,420,23,11,2017,5,1,22,0,2,4,4,6,CAMELBACK RD,NA,0,33.50223889,-111.9111917,0,8,0,0,1,1,0,1,3,1,0,1,0,0,1,24,1,29,88,88,0,0,0,1,0
4,40793,0,1,5,65,1,1,1,0,760,0,1,7,2,7,2,7,3,3,1,1b,750,0,4,1,1,0,1,1,2,2,13,370,27,11,2017,2,22,37,1,2,3,4,6,7TH ST,ROSE LN,0,33.52746944,-112.0650667,0,8,0,0,3,2,0,1,3,1,0,1,0,0,22,39,22,43,88,88,0,0,0,1,0
4,40796,0,1,5,72,1,0,1,0,760,0,2,7,3,7,1,7,4,3,1,2a,750,0,4,1,1,0,1,1,3,3,13,490,28,11,2017,3,18,34,0,2,3,4,6,SOUTHERN AVE,GEORGE DR,0,33.39301944,-111.8875639,0,8,0,0,3,2,0,1,3,10,0,10,0,0,18,34,18,40,18,53,0,0,0,1,0
4,40799,0,1,5,43,2,0,0,0,680,0,3,7,3,7,8,7,8,8,8,8,990,0,4,1,1,0,1,1,2,2,13,490,29,11,2017,4,23,2,1,2,1,1,1,I-10,NA,1555,33.38665278,-111.9679194,0,8,0,1,18,1,0,1,3,1,0,1,0,0,23,11,23,27,88,88,0,0,0,1,0
4,40814,0,1,5,34,1,0,1,0,680,0,3,7,3,7,8,7,8,8,8,8,990,0,4,1,1,0,1,1,1,1,13,370,7,12,2017,5,22,48,0,2,4,4,6,16TH ST,NA,0,33.499075,-112.0475917,0,8,0,0,1,1,0,1,3,1,0,1,0,0,12,51,12,55,88,88,0,0,0,1,0
4,40833,0,1,5,44,2,0,1,0,760,0,3,7,3,7,8,7,8,8,8,8,750,0,4,1,1,0,1,1,1,1,13,370,22,12,2017,6,19,36,0,2,4,4,6,MCDOWELL RD,NA,0,33.465725,-112.0568167,0,8,0,0,1,1,0,1,3,1,0,1,0,0,19,38,19,42,19,52,0,0,0,1,0
4,40835,0,1,5,21,2,0,1,0,760,0,2,7,3,7,2,7,1,3,2,4a,750,0,4,1,1,0,1,1,2,2,19,530,23,12,2017,7,18,32,0,2,4,4,6,12TH AVE,CANADA ST,0,32.15236389,-110.97755,0,8,0,0,3,3,0,1,3,1,0,1,0,0,18,32,18,36,19,7,0,0,0,1,0
4,40839,0,1,5,25,2,0,0,0,680,0,3,7,9,7,8,7,8,8,8,8,990,0,4,1,1,0,1,1,1,1,21,0,28,12,2017,5,7,13,0,2,4,2,4,CR-HUNT HWY,NA,0,33.14753333,-111.5510083,0,8,0,0,1,1,0,99,2,1,0,1,0,0,99,99,99,99,88,88,0,0,0,1,0
4,40844,0,1,5,36,2,0,0,0,760,0,3,7,3,7,8,7,8,8,8,8,750,0,4,1,1,0,1,1,1,1,7,0,31,12,2017,1,6,30,1,1,3,1,3,SR-87,NA,1323,34.20241111,-111.3309944,0,8,0,0,1,1,0,1,2,1,0,1,0,0,6,30,6,38,99,99,0,0,0,1,0
4,40846,0,1,5,22,1,0,0,0,230,0,3,7,3,7,8,7,8,8,8,8,100,0,4,2,2,0,2,2,1,1,13,30,31,10,2017,3,2,23,0,2,4,4,6,MCDOWELL RD,NA,0,33.46410278,-112.3098611,0,8,0,0,1,1,0,1,2,1,0,1,0,0,2,24,2,29,2,41,15,23,0,1,0
4,40846,0,2,5,22,1,0,0,0,230,0,3,7,3,7,8,7,8,8,8,8,100,0,4,2,2,0,2,2,1,1,13,30,31,10,2017,3,2,23,0,2,4,4,6,MCDOWELL RD,NA,0,33.46410278,-112.3098611,0,8,0,0,1,1,0,1,2,1,0,1,0,0,2,24,2,29,2,41,15,23,0,1,0
4,40847,0,1,5,15,2,0,0,0,342,0,3,7,3,7,8,7,8,8,8,8,340,0,4,1,1,0,1,1,2,2,17,0,31,10,2017,3,16,10,0,1,5,62,8,BIA 59,NA,0,99.9999,999.9999,3,8,0,0,1,1,0,1,1,98,0,98,1,0,99,99,99,99,99,99,0,0,0,1,1
4,40851,0,1,5,76,1,1,1,0,770,0,1,7,2,7,2,7,1,3,2,3a,750,0,4,1,1,0,1,1,1,1,13,370,1,11,2017,4,18,30,1,2,3,4,6,7TH ST,JONES ST,0,33.41057778,-112.0645722,0,8,0,0,3,3,0,1,9,98,0,98,0,0,99,99,99,99,88,88,0,0,0,1,1
4,40852,0,1,5,36,2,0,1,0,150,0,3,7,5,7,8,7,8,8,8,8,100,0,4,1,1,0,1,1,1,1,13,370,2,11,2017,5,4,37,0,2,7,98,6,LAKEWOOD PKWY,NA,0,33.29770833,-112.0117417,0,33,0,0,1,1,0,4,6,98,0,98,0,0,99,99,99,99,99,99,0,0,0,1,1
4,40854,0,1,5,15,1,0,1,0,120,0,3,7,3,7,8,7,8,8,8,8,100,0,4,1,1,0,2,2,1,1,13,370,3,11,2017,6,19,34,1,2,3,4,6,TATUM BLVD,NA,0,33.58162222,-111.9778889,0,8,0,0,1,1,0,1,9,98,0,98,0,0,99,99,99,99,99,99,0,0,0,2,0
4,40854,0,2,5,17,1,0,1,0,120,0,3,7,3,7,8,7,8,8,8,8,100,0,4,1,1,0,2,2,1,1,13,370,3,11,2017,6,19,34,1,2,3,4,6,TATUM BLVD,NA,0,33.58162222,-111.9778889,0,8,0,0,1,1,0,1,9,98,0,98,0,0,99,99,99,99,99,99,0,0,0,2,0
4,40855,0,1,5,45,1,1,1,0,760,0,1,7,1,7,1,7,4,3,1,2a,750,0,4,1,1,0,1,1,1,1,13,370,4,11,2017,7,20,38,1,2,3,4,6,BELL RD,9TH ST,0,33.64039444,-112.0611917,0,8,0,0,2,2,0,1,6,98,0,98,0,0,99,99,99,99,99,99,0,0,0,1,0
4,40860,0,1,5,23,1,0,1,0,680,0,3,7,3,7,8,7,8,8,8,8,990,0,4,2,2,0,3,3,1,1,13,200,12,11,2017,1,5,15,0,2,3,4,6,CAMELBACK RD,NA,0,99.9999,999.9999,0,8,0,0,1,1,0,1,6,98,0,98,0,0,99,99,99,99,99,99,23,0,0,1,0
4,40860,0,2,5,18,1,0,1,0,680,0,3,7,3,7,8,7,8,8,8,8,990,0,4,2,2,0,3,3,1,1,13,200,12,11,2017,1,5,15,0,2,3,4,6,CAMELBACK RD,NA,0,99.9999,999.9999,0,8,0,0,1,1,0,1,6,98,0,98,0,0,99,99,99,99,99,99,23,0,0,1,0
4,40860,0,3,5,21,1,0,1,0,680,0,3,7,3,7,8,7,8,8,8,8,990,0,4,2,2,0,3,3,1,1,13,200,12,11,2017,1,5,15,0,2,3,4,6,CAMELBACK RD,NA,0,99.9999,999.9999,0,8,0,0,1,1,0,1,6,98,0,98,0,0,99,99,99,99,99,99,23,0,0,1,0
4,40862,0,1,5,74,2,0,1,0,760,0,3,7,3,7,8,7,8,8,8,8,750,0,4,1,1,0,1,1,1,1,13,370,17,11,2017,6,6,52,0,2,3,4,6,7TH AVE,NA,0,99.9999,999.9999,0,8,0,0,1,1,0,1,9,98,0,98,0,0,99,99,99,99,99,99,0,0,0,1,0
4,40868,0,1,5,43,2,0,1,0,900,0,9,7,9,7,8,7,8,8,8,8,990,0,4,1,1,0,1,1,1,1,13,370,23,11,2017,5,1,55,0,2,5,4,6,36TH ST,NA,0,99.9999,999.9999,0,8,0,0,1,1,0,1,6,98,0,98,0,0,99,99,99,99,88,88,0,0,0,1,0
4,40873,0,1,5,22,1,1,1,0,313,0,1,7,1,7,9,7,2,3,2,4c,600,0,4,1,1,0,1,1,1,1,13,420,29,11,2017,4,22,52,1,2,3,4,6,SHEA BLVD,72ND PL,0,33.582075,-111.924225,0,8,0,0,2,2,0,1,3,1,0,1,0,0,22,53,22,57,23,27,0,0,0,1,0
4,40876,0,1,5,65,1,1,1,0,760,0,3,7,3,7,8,7,8,8,8,8,750,0,4,1,1,0,1,1,1,1,13,200,15,12,2017,6,18,20,0,2,3,4,6,GLENDALE AVE,NA,0,33.53851667,-112.190225,0,8,0,0,1,1,0,1,3,1,0,1,0,0,18,20,18,25,88,88,0,0,0,1,0
4,40882,0,1,5,51,1,0,9,0,760,0,3,7,3,7,8,7,8,8,8,8,750,0,4,1,1,0,1,1,1,1,1,0,16,6,2017,6,22,12,0,1,5,62,8,NAVAJO ROUTE 12,NA,0,99.9999,999.9999,3,8,0,0,1,1,0,1,6,98,0,98,0,0,99,99,99,99,99,99,0,0,0,1,0
4,40893,0,1,5,26,1,1,1,0,760,0,3,7,3,7,8,7,8,8,8,8,750,0,4,1,1,0,1,1,2,2,13,370,17,10,2017,3,22,5,1,2,3,1,6,7TH ST,NA,0,33.66893056,-112.0654444,0,8,0,1,18,1,0,1,6,98,0,98,0,0,99,99,99,99,99,99,0,0,0,1,0
4,40897,0,1,5,79,1,0,1,0,680,0,3,7,9,7,8,7,8,8,8,8,990,0,4,1,1,0,1,1,1,1,13,370,1,11,2017,4,18,30,0,2,7,98,6,14TH WAY,NA,0,33.4,-112.0497917,0,8,0,0,1,1,0,1,6,98,0,98,0,0,99,99,99,99,88,88,0,0,0,1,0
4,40904,0,1,5,57,1,0,1,0,760,0,3,7,3,7,8,7,8,8,8,8,750,0,4,1,1,0,1,1,1,1,13,370,2,12,2017,7,17,52,0,2,4,4,6,7TH AVE,NA,0,33.40706389,-112.0819583,0,8,0,0,1,1,0,1,3,1,0,1,0,0,17,54,17,55,88,88,0,0,0,1,0
4,40905,0,1,8,65,1,1,1,0,760,0,1,7,2,7,4,7,3,3,2,3a,750,0,4,1,1,0,1,1,1,1,13,370,9,12,2017,7,19,54,1,2,3,4,6,7TH ST,MOHAVE ST,0,33.431225,-112.0652528,0,15,0,0,3,2,0,1,3,1,0,1,0,0,99,99,99,99,99,99,0,0,0,1,0
4,40907,0,1,5,68,1,0,1,0,760,0,1,7,2,7,3,7,4,3,2,3b,750,0,4,1,1,0,1,1,3,3,13,370,21,12,2017,5,6,30,0,2,4,4,6,UNION HILLS DR,45TH DR,0,33.65462778,-112.1572972,0,8,0,0,2,3,0,1,3,1,0,1,0,0,99,99,99,99,99,99,0,0,0,1,0
4,40914,0,1,5,43,1,0,1,0,760,0,3,7,3,7,8,7,8,8,8,8,750,0,4,1,1,0,1,1,1,1,13,200,2,12,2017,7,17,53,0,2,4,4,6,NORTHERN AVE,NA,0,99.9999,999.9999,0,8,0,0,1,1,0,11,9,98,0,98,0,0,99,99,99,99,99,99,0,0,0,1,0
4,40922,0,1,5,23,1,0,0,0,760,0,3,7,3,7,8,7,8,8,8,8,750,0,4,1,1,0,1,1,1,1,17,0,20,12,2017,4,17,57,0,2,4,1,3,SR-73 CHIEF AVE,NA,251,33.79936944,-109.9955056,3,8,0,0,1,1,0,1,8,98,0,98,0,0,99,99,99,99,99,99,0,0,0,1,0
4,40928,0,1,5,32,1,0,1,0,760,0,3,7,3,7,8,7,8,8,8,8,750,0,4,1,1,0,1,1,1,1,13,0,28,12,2017,5,19,2,0,2,4,2,4,CR-BROADWAY RD,NA,0,33.40786944,-111.6274028,0,8,0,0,1,1,0,1,2,1,0,1,0,0,19,2,19,14,19,30,0,0,0,1,0
4,40932,0,1,5,55,2,0,1,0,760,0,3,7,3,7,8,7,8,8,8,8,750,0,4,1,1,0,1,1,1,1,13,370,3,12,2017,1,18,55,1,2,3,4,6,BELL RD,NA,0,99.9999,999.9999,0,8,0,0,1,1,0,1,9,98,0,98,0,0,99,99,99,99,99,99,0,0,0,1,0
4,40934,0,1,5,57,1,1,1,0,341,0,3,7,3,7,8,7,8,8,8,8,340,0,4,1,1,0,1,1,1,1,13,370,7,12,2017,5,6,42,0,2,4,4,6,NORTHERN AVE,NA,0,99.9999,999.9999,0,8,0,0,1,1,0,1,9,98,0,98,0,0,99,99,99,99,99,99,0,0,0,1,0
4,40937,0,1,5,61,1,0,1,0,760,0,3,7,3,7,8,7,8,8,8,8,750,0,4,1,1,0,1,1,1,1,13,370,21,12,2017,5,3,58,0,2,3,4,6,24TH ST,NA,0,99.9999,999.9999,0,8,0,0,1,1,0,1,6,98,0,98,0,0,99,99,99,99,99,99,0,0,0,1,0
4,40938,0,1,5,53,2,0,1,0,760,0,3,7,3,7,8,7,8,8,8,8,750,0,4,1,1,0,1,1,1,1,13,370,22,12,2017,6,18,26,0,2,7,98,6,15TH AVE,NA,0,99.9999,999.9999,0,8,0,0,1,1,0,1,6,98,0,98,0,0,99,99,99,99,99,99,0,0,0,1,0
4,40940,0,1,5,35,1,0,1,0,770,0,1,7,2,7,2,7,1,3,1,1a,750,0,4,1,1,0,1,1,1,1,13,370,29,12,2017,6,20,53,0,2,3,4,6,7TH AVE,COCOPAH ST,0,33.43211389,-112.082475,0,8,0,0,3,2,0,1,3,1,0,1,0,0,21,3,21,6,21,31,0,0,0,1,0
4,40942,0,1,5,58,2,0,1,0,781,0,1,7,2,7,1,7,3,1,2,11b,790,0,4,1,1,0,2,2,1,1,13,490,26,9,2017,3,11,20,0,2,3,4,6,BASELINE RD,HAZELTON LN,0,33.37843056,-111.9045639,0,8,0,0,3,3,0,1,1,1,0,1,0,0,11,20,11,23,11,38,0,0,0,1,0
4,40942,0,2,5,73,1,0,1,0,781,0,1,7,2,7,1,7,3,1,2,11b,790,0,4,1,1,0,2,2,1,1,13,490,26,9,2017,3,11,20,0,2,3,4,6,BASELINE RD,HAZELTON LN,0,33.37843056,-111.9045639,0,8,0,0,3,3,0,1,1,1,0,1,0,0,11,20,11,23,11,38,0,0,0,1,0
4,40943,0,1,5,56,1,0,0,0,410,0,3,7,6,7,8,7,8,8,8,8,400,0,4,1,1,0,1,1,2,2,17,0,18,10,2017,4,14,26,0,2,5,62,8,BIA 55 FORK RD,NA,0,33.83005278,-109.95925,3,8,0,0,1,1,0,4,1,98,0,98,0,0,99,99,99,99,99,99,0,0,0,1,1
5,50005,0,1,5,28,2,0,0,0,690,0,1,7,1,7,1,7,2,3,1,2b,990,0,5,1,1,0,1,1,1,1,119,2320,17,1,2017,3,19,7,0,2,4,1,3,SR-338-010,MABELVALE PLAZA DRIVE,24,34.67011944,-92.37815833,0,8,0,0,2,3,0,1,3,10,0,10,0,0,19,8,19,18,99,99,0,0,0,1,0
5,50015,0,1,5,20,1,0,0,0,910,0,3,7,3,7,8,7,8,8,8,8,910,0,5,1,1,0,1,1,2,2,35,4120,9,1,2017,2,5,52,1,2,1,1,1,I-40-520,NA,2794,35.15855833,-90.15866389,0,8,0,0,1,1,0,1,3,1,0,1,0,0,88,88,88,88,88,88,0,0,0,1,0
5,50073,0,1,5,51,1,0,0,0,760,0,3,7,3,7,8,7,8,8,8,8,750,0,5,1,1,0,1,1,1,1,119,2320,29,1,2017,1,18,35,0,2,4,1,6,CS-STAGECOACH ROAD,NA,23,34.66958611,-92.41914444,0,8,0,0,1,1,0,1,3,1,0,1,0,0,18,39,18,42,88,88,0,0,0,1,0
5,50082,0,1,5,84,2,0,0,0,760,0,3,7,3,7,8,7,8,8,8,8,750,0,5,1,1,0,1,1,1,1,33,3930,11,1,2017,4,19,33,1,2,3,1,2,US-64-02,NA,18,35.4426,-94.32742778,0,8,0,0,1,1,0,1,6,1,0,1,0,0,19,37,19,38,88,88,0,0,0,1,1
5,50110,0,1,5,18,1,0,0,0,760,0,3,7,3,7,8,7,8,8,8,8,750,0,5,1,1,0,1,1,1,1,29,0,27,3,2017,2,6,32,0,1,5,1,3,SR-95-01,NA,63,35.24090278,-92.73342778,0,8,0,0,1,1,0,1,2,10,0,10,0,0,6,33,6,45,88,88,0,0,0,1,0
5,50123,0,1,5,24,2,0,0,0,680,0,3,7,9,7,8,7,8,8,8,8,990,0,5,1,1,0,1,1,1,1,15,0,14,4,2017,6,21,0,0,1,4,1,3,SR-21-060,NA,96,36.44493333,-93.47897222,0,8,0,0,1,1,0,99,2,1,0,1,0,0,0,0,0,15,88,88,0,0,0,1,0
5,50130,0,1,5,68,1,0,0,0,313,0,1,7,1,7,9,7,1,1,2,12d,600,0,5,1,1,0,1,1,1,1,67,2820,14,4,2017,6,20,56,0,2,4,1,3,SR-384-030,SR-00067,8,35.60787778,-91.23708611,0,8,0,1,2,2,0,1,2,1,0,1,0,0,20,56,20,57,99,99,0,0,0,1,0
5,50132,0,1,5,54,1,0,1,0,680,0,3,7,3,7,8,7,8,8,8,8,990,0,5,1,1,0,1,1,1,1,119,2880,21,1,2017,7,22,27,0,2,4,1,3,SR-176-01,NA,18,34.80866389,-92.26568889,0,8,0,0,1,1,0,1,2,2,0,2,0,0,22,29,22,34,99,99,0,0,0,1,0
5,50136,0,1,5,70,2,0,0,0,910,0,3,7,5,7,8,7,8,8,8,8,910,0,5,1,1,0,1,1,1,1,33,50,12,2,2017,1,18,50,0,2,5,1,2,US-64-02,NA,92,35.488375,-94.21017222,0,8,0,0,8,1,0,1,2,1,0,1,0,0,99,99,99,99,88,88,0,0,0,1,0
5,50144,0,1,5,51,1,0,0,0,890,0,4,7,7,7,8,7,8,8,8,8,800,0,5,2,1,1,1,1,1,1,23,3290,30,4,2017,1,3,58,0,1,4,1,3,SR-25-020,NA,5,35.37009167,-92.22695833,0,8,0,0,1,1,0,4,2,2,0,2,0,0,4,17,4,28,99,99,0,0,0,1,0
5,50148,0,1,5,60,1,0,0,0,410,0,3,7,3,7,8,7,8,8,8,8,400,0,5,1,1,0,1,1,1,1,67,2820,2,5,2017,3,20,50,0,2,4,4,6,CS-MCLAIN AVE,NA,0,35.60790556,-91.25958611,0,8,0,0,1,1,0,1,3,1,0,1,0,0,21,9,21,12,99,99,0,0,0,1,0
5,50152,0,1,5,33,1,1,0,0,760,0,3,7,3,7,8,7,8,8,8,8,750,0,5,1,1,0,1,1,1,1,69,4156,6,4,2017,5,6,36,0,2,4,4,5,HOSPITALITY DR,NA,0,34.25927222,-92.09915556,0,8,0,0,1,1,0,1,4,1,0,1,0,0,6,36,6,46,99,99,0,0,0,1,0
5,50155,0,1,5,53,1,0,0,0,910,0,3,7,3,7,8,7,8,8,8,8,910,0,5,1,1,0,1,1,2,2,119,2320,4,4,2017,3,1,35,1,2,1,1,1,I-30-23,NA,1334,34.678675,-92.33358333,0,8,0,0,1,1,0,1,3,1,0,1,0,0,99,99,99,99,88,88,0,0,0,1,0
5,50160,0,1,5,56,1,9,9,0,760,0,3,7,3,7,8,7,8,8,8,8,750,0,5,2,2,0,1,1,2,2,119,2320,7,4,2017,6,21,57,0,2,3,1,3,SR-5-00,NA,81,34.71769167,-92.343925,0,8,0,0,1,1,0,1,3,1,0,1,0,0,21,59,22,3,88,88,19,0,0,1,0
5,50174,0,1,5,55,2,0,0,0,910,0,3,7,3,7,8,7,8,8,8,8,910,0,5,1,1,0,1,1,1,1,119,2320,19,5,2017,6,23,46,1,2,1,1,1,I-30-230,NA,1269,34.64427222,-92.43564722,0,8,0,0,1,1,0,1,2,10,0,10,0,0,88,88,88,88,88,88,0,0,0,1,0
5,50177,0,1,5,17,1,0,0,0,610,0,3,7,3,7,8,7,8,8,8,8,600,0,5,1,1,0,1,1,1,1,51,1907,1,5,2017,2,0,15,1,2,2,60,2,US-270-050,NA,210,34.47022778,-93.08961111,0,8,0,0,1,1,0,1,3,1,0,1,0,0,88,88,88,88,88,88,0,0,0,1,0
5,50184,0,1,5,20,1,0,0,0,910,0,3,7,3,7,8,7,8,8,8,8,910,0,5,2,2,0,1,1,2,2,119,2880,2,6,2017,6,23,30,1,2,1,1,1,I-30-230,NA,1410,34.75426944,-92.26234444,0,8,0,0,1,1,0,1,3,1,0,1,0,0,23,31,23,35,88,88,0,0,0,1,0
5,50194,0,1,5,54,1,0,0,0,910,0,3,7,3,7,8,7,8,8,8,8,910,0,5,1,1,0,1,1,2,2,119,2036,17,6,2017,7,21,0,1,2,3,1,2,US-67-100,NA,148,34.93559167,-92.07831944,0,8,0,0,1,1,4,1,2,1,0,1,0,0,21,0,21,6,88,88,0,0,0,1,1
5,50197,0,1,5,87,1,1,9,0,782,0,1,7,2,7,1,7,3,1,2,11b,790,0,5,1,1,0,1,1,1,1,131,1370,9,5,2017,3,11,58,1,2,3,60,2,US-64-01X,N 10TH ST,1,35.39561667,-94.4106,0,8,0,0,2,2,0,1,1,1,0,1,0,0,12,1,12,4,99,99,0,0,0,1,0