STATE.x,ST_CASE,VEH_NO,PER_NO,PBPTYPE,PBAGE,PBSEX,PBCWALK,PBSWALK,PBSZONE,PEDCTYPE,BIKECTYPE,PEDLOC,BIKELOC,PEDPOS,BIKEPOS,PEDDIR,BIKEDIR,MOTDIR,MOTMAN,PEDLEG,PEDSNR,PEDCGP,BIKECGP,STATE.y,VE_TOTAL,VE_FORMS,PVH_INVL,PEDS,PERNOTMVIT,PERMVIT,PERSONS,COUNTY,CITY,DAY,MONTH,YEAR,DAY_WEEK,HOUR,MINUTE,NHS,RUR_URB,FUNC_SYS,RD_OWNER,ROUTE,TWAY_ID,TWAY_ID2,MILEPT,LATITUDE,LONGITUD,SP_JUR,HARM_EV,MAN_COLL,RELJCT1,RELJCT2,TYP_INT,WRK_ZONE,REL_ROAD,LGT_COND,WEATHER1,WEATHER2,WEATHER,SCH_BUS,RAIL,NOT_HOUR,NOT_MIN,ARR_HOUR,ARR_MIN,HOSP_HR,HOSP_MN,CF1,CF2,CF3,FATALS,DRUNK_DR
5,50202,0,1,5,49,1,0,0,0,910,0,3,7,3,7,8,7,8,8,8,8,910,0,5,1,1,0,1,1,1,1,119,0,15,6,2017,5,1,19,1,2,1,1,1,I-40-330,NA,1416,34.89059444,-92.38985556,0,8,0,0,1,1,0,1,2,1,0,1,0,0,1,20,1,30,88,88,0,0,0,1,0
5,50215,0,1,5,51,1,9,0,0,680,0,3,7,4,7,8,7,8,8,8,8,990,0,5,1,1,0,1,1,1,1,31,2070,25,1,2017,4,5,0,0,2,5,4,6,TRAILWATER,NA,0,35.79369722,-90.73733056,0,8,0,0,1,1,0,2,3,1,0,1,0,0,5,12,5,21,88,88,0,0,0,1,0
5,50256,0,1,5,41,1,0,0,0,459,0,3,7,3,7,8,7,8,8,8,8,400,0,5,1,1,0,1,1,1,1,123,2460,14,7,2017,6,1,0,0,1,5,1,2,US-70-19,NA,30,35.01260278,-90.73606944,0,8,0,0,1,1,0,1,2,1,0,1,0,9999999,1,7,1,13,88,88,0,0,0,1,0
5,50260,0,1,5,34,1,0,1,0,741,0,3,7,3,7,8,7,8,8,8,8,740,0,5,1,1,0,1,1,1,1,5,1470,16,7,2017,1,23,7,1,1,3,1,2,US-62-10,NA,25,36.286075,-92.48485833,0,8,0,0,1,1,0,1,2,1,0,1,0,0,23,17,23,27,99,99,0,0,0,1,0
5,50265,0,1,5,37,2,0,0,0,760,0,3,7,3,7,8,7,8,8,8,8,750,0,5,1,1,0,2,2,2,2,69,2045,12,8,2017,7,4,38,1,2,3,1,2,US-65-150,NA,18,34.19486667,-91.93418889,0,8,0,0,1,1,0,1,2,5,0,5,0,0,4,51,5,20,88,88,0,0,0,1,0
5,50265,0,2,5,34,1,0,0,0,760,0,3,7,3,7,8,7,8,8,8,8,750,0,5,1,1,0,2,2,2,2,69,2045,12,8,2017,7,4,38,1,2,3,1,2,US-65-150,NA,18,34.19486667,-91.93418889,0,8,0,0,1,1,0,1,2,5,0,5,0,0,4,51,5,20,88,88,0,0,0,1,0
5,50270,0,1,5,56,2,0,0,0,620,0,3,7,3,7,8,7,8,8,8,8,600,0,5,1,1,0,1,1,1,1,35,0,23,8,2017,4,5,38,1,2,1,1,1,I-40-520,NA,2821,35.15450833,-90.10988889,0,8,0,0,1,1,0,1,2,5,0,5,0,0,6,1,6,1,88,88,0,0,0,1,0
5,50272,0,1,5,45,1,0,0,0,760,0,3,7,3,7,8,7,8,8,8,8,750,0,5,1,1,0,1,1,2,2,7,3390,19,7,2017,4,22,30,1,2,3,1,2,US-71-18B,NA,110,36.33465556,-94.16990278,0,8,0,0,1,1,0,1,6,1,0,1,0,0,22,30,22,33,99,99,0,0,0,1,0
5,50278,0,1,5,45,2,0,0,0,910,0,3,7,3,7,8,7,8,8,8,8,910,0,5,1,1,0,1,1,1,1,7,2380,4,8,2017,6,21,48,1,2,1,1,1,I-49-290,NA,774,36.24597778,-94.15096389,0,8,0,0,1,1,4,1,2,1,0,1,0,0,21,49,22,1,99,99,0,0,0,1,0
5,50280,0,1,5,36,1,0,0,0,440,0,3,7,3,7,8,7,8,8,8,8,400,0,5,1,1,0,1,1,1,1,35,4120,21,7,2017,6,3,9,1,2,1,1,1,I-55-11,NA,80,35.18483889,-90.197225,0,8,0,0,1,1,0,1,2,1,0,1,0,0,3,11,3,20,88,88,0,0,0,1,0
5,50313,0,1,5,61,1,1,0,0,760,0,1,7,2,7,1,7,2,3,1,1b,750,0,5,1,1,0,1,1,2,2,7,3390,12,8,2017,7,5,53,0,2,3,1,2,US-71-18B,CS- S 28TH STREET,106,36.33443889,-94.16154167,0,8,0,0,2,3,0,1,2,1,0,1,0,0,99,99,99,99,88,88,0,0,0,1,0
5,50316,0,1,5,77,1,0,0,0,410,0,2,7,3,7,9,7,3,3,2,4d,400,0,5,1,1,0,1,1,2,2,3,920,7,9,2017,5,20,8,0,2,4,1,3,SR-133-010,SR-SHELTONS LOOP,21,33.16204167,-91.94369722,0,8,0,0,3,2,0,1,3,1,0,1,0,0,20,10,20,14,88,88,0,0,0,1,0
5,50319,0,1,5,18,1,0,0,0,760,0,3,7,3,7,8,7,8,8,8,8,750,0,5,1,1,0,1,1,1,1,9,0,10,8,2017,5,2,0,0,1,5,1,3,SR-43-020,NA,108,36.21203611,-93.16522222,0,8,0,0,1,1,0,1,2,10,0,10,0,0,2,10,2,19,88,88,0,0,0,1,0
5,50350,0,1,5,59,1,0,0,0,410,0,3,7,9,7,8,7,8,8,8,8,400,0,5,1,1,0,1,1,1,1,11,4030,16,9,2017,7,21,0,0,2,4,1,2,US-278-12B,NA,18,33.60986111,-92.07890278,0,8,0,0,1,1,0,1,3,1,0,1,0,0,21,1,21,5,99,99,0,0,0,1,0
5,50367,0,1,5,50,1,0,0,0,910,0,3,7,3,7,8,7,8,8,8,8,910,0,5,1,1,0,1,1,2,2,119,2320,14,10,2017,7,21,47,1,2,1,1,1,I-630-210,NA,41,34.74520278,-92.33435833,0,8,0,0,1,1,0,1,3,1,0,1,0,0,21,47,21,56,99,99,0,0,0,1,0
5,50369,0,1,5,39,1,0,0,0,910,0,3,7,3,7,8,7,8,8,8,8,910,0,5,2,2,0,1,1,2,2,7,3390,20,10,2017,6,3,30,1,2,1,1,1,I-49-290,NA,841,36.33148056,-94.18429444,0,8,0,0,1,1,4,1,2,1,0,1,0,0,3,40,3,46,88,88,14,0,0,1,0
5,50389,0,1,5,37,1,0,0,0,440,0,3,7,4,7,8,7,8,8,8,8,400,0,5,1,1,0,1,1,1,1,91,0,28,10,2017,7,23,30,0,1,4,1,3,SR-237-010,NA,27,33.34410833,-93.99726111,0,8,0,0,1,1,0,1,2,1,0,1,0,0,1,6,1,29,88,88,0,0,0,1,0
5,50402,0,1,5,41,1,0,0,0,741,0,3,7,3,7,8,7,8,8,8,8,740,0,5,1,1,0,1,1,1,1,31,2070,6,10,2017,6,18,6,1,1,3,1,3,SR-91-02,NA,174,35.84520833,-90.68526667,0,8,0,0,1,1,0,1,1,1,0,1,0,0,18,6,18,8,99,99,0,0,0,1,1
5,50408,0,1,5,11,1,0,0,0,760,0,3,7,3,7,8,7,8,8,8,8,750,0,5,1,1,0,1,1,1,1,87,0,14,10,2017,7,11,23,0,1,7,2,4,CR-MADISON 6060,NA,0,36.06410833,-93.73712222,0,8,0,0,1,1,0,1,1,1,0,1,0,0,11,23,11,33,99,99,0,0,0,1,0
5,50411,0,1,5,49,2,0,0,0,741,0,3,7,3,7,8,7,8,8,8,8,740,0,5,1,1,0,1,1,2,2,31,2070,21,10,2017,7,21,25,1,2,3,1,3,SR-91-02,NA,169,35.84526389,-90.69561389,0,8,0,0,1,1,0,1,6,1,0,1,0,0,21,33,21,35,99,99,0,0,0,1,0
5,50412,0,1,5,25,2,0,0,0,760,0,3,7,3,7,8,7,8,8,8,8,750,0,5,1,1,0,1,1,1,1,63,0,8,11,2017,4,19,37,1,2,3,1,2,US-167-180,NA,41,35.81153611,-91.60194444,0,8,0,0,1,1,0,1,2,1,0,1,0,0,19,37,19,41,99,99,0,0,0,1,0
5,50425,0,1,5,17,2,0,0,0,910,0,3,7,3,7,8,7,8,8,8,8,910,0,5,1,1,0,1,1,1,1,35,0,18,11,2017,7,22,55,1,1,1,1,1,I-55-110,NA,140,35.265575,-90.22934167,0,8,0,0,1,1,0,1,2,1,0,1,0,0,22,58,23,5,99,99,0,0,0,1,0
5,50453,0,1,5,45,1,0,0,0,410,0,3,7,3,7,8,7,8,8,8,8,400,0,5,2,2,0,1,1,4,4,69,3150,1,11,2017,4,3,39,1,2,3,1,2,US-65-14B,NA,44,34.22982222,-92.02505278,0,8,0,0,1,1,4,1,2,2,0,2,0,0,99,99,99,99,88,88,0,0,0,1,1
5,50456,0,1,5,58,1,0,0,0,900,0,9,7,9,7,8,7,8,8,8,8,990,0,5,3,3,0,1,1,3,3,69,3150,19,12,2017,3,17,21,0,2,3,1,2,US-63-13B,CS-22ND AVE,20,34.20721667,-92.00706667,0,8,0,0,3,3,0,1,3,2,0,2,0,0,17,21,17,27,99,99,0,0,0,1,0
8,80005,0,1,5,21,1,0,0,0,760,0,3,7,3,7,8,7,8,8,8,8,750,0,8,1,1,0,1,1,1,1,15,0,8,1,2017,1,20,20,0,1,5,2,4,CR-162,NA,0,38.73338611,-106.1589889,0,8,0,0,8,1,0,1,2,98,0,98,0,0,99,99,99,99,88,88,0,0,0,1,0
8,80018,0,1,5,38,1,1,1,0,760,0,1,7,2,7,3,7,4,3,2,3b,750,0,8,1,1,0,1,1,1,1,31,600,15,1,2017,1,2,15,0,2,4,4,6,BLAKE ST,16TH ST,0,39.75048333,-104.9992056,0,8,0,0,3,2,0,1,3,98,0,98,0,0,2,16,2,16,2,18,0,0,0,1,0
8,80021,0,1,5,74,1,0,1,0,459,0,3,7,3,7,8,7,8,8,8,8,400,0,8,1,1,0,1,1,1,1,1,0,23,1,2017,2,6,20,0,2,5,2,4,CR-ZUNI ST,NA,0,39.79254167,-105.0158917,0,8,0,0,1,1,0,1,3,98,0,98,0,0,99,99,99,99,88,88,0,0,0,1,0
8,80023,0,1,5,9,2,1,1,0,791,0,1,7,2,7,4,7,4,2,2,7a,790,0,8,1,1,0,2,2,1,1,41,430,24,1,2017,3,19,47,1,2,3,4,6,N ACADENY BLVD,N CAREFREE CIR,0,38.88249444,-104.7568806,0,8,0,0,3,2,0,1,3,98,0,98,0,0,19,48,19,53,20,10,0,0,0,1,0
8,80023,0,2,5,40,2,1,1,0,791,0,1,7,2,7,4,7,4,2,2,7a,790,0,8,1,1,0,2,2,1,1,41,430,24,1,2017,3,19,47,1,2,3,4,6,N ACADENY BLVD,N CAREFREE CIR,0,38.88249444,-104.7568806,0,8,0,0,3,2,0,1,3,98,0,98,0,0,19,48,19,53,20,10,0,0,0,1,0
8,80026,0,1,5,56,2,1,1,0,760,0,1,7,2,7,9,7,2,3,2,3c,750,0,8,1,1,0,1,1,1,1,5,110,24,1,2017,3,21,48,1,2,3,4,6,E MISSISSIPPI AVE,I-225 NB RAMPS,0,39.69654444,-104.8284167,0,8,0,1,3,2,0,1,3,98,0,98,0,0,21,48,21,53,22,3,0,0,0,1,0
8,80028,0,1,5,54,2,0,0,0,610,0,3,7,3,7,8,7,8,8,8,8,600,0,8,1,1,0,1,1,1,1,43,0,27,1,2017,6,19,17,1,1,3,1,2,US-50,NA,2329,38.45570556,-105.8422056,0,8,0,0,1,1,0,1,2,98,0,98,0,0,99,99,99,99,88,88,0,0,0,1,0
8,80030,0,1,5,28,1,1,1,0,760,0,1,7,2,7,2,7,1,3,1,1a,750,0,8,1,1,0,1,1,2,2,31,600,26,1,2017,5,6,39,1,2,3,1,3,SR-88  N FEDERAL BLVD,W HOWARD PL,2,39.73786667,-105.0250667,0,8,0,0,3,2,0,1,3,98,0,98,0,0,6,40,6,48,88,88,0,0,0,1,0
8,80033,0,1,5,56,1,0,1,0,160,0,2,7,3,7,1,7,2,3,2,4b,100,0,8,1,1,0,1,1,1,1,5,110,17,1,2017,3,17,50,1,2,3,1,2,US-40  E COLFAX AVE,NA,3043,39.74006111,-104.8714361,0,8,0,0,1,1,0,1,3,98,0,98,0,0,99,99,99,99,99,99,0,0,0,1,0
8,80043,0,1,5,55,1,0,1,0,160,0,3,7,3,7,8,7,8,8,8,8,100,0,8,1,1,0,1,1,1,1,69,860,2,2,2017,5,18,5,0,2,4,4,6,S TAFT HILL RD,NA,0,40.57184444,-105.11515,0,8,0,0,1,1,0,1,3,98,0,98,0,0,18,5,18,10,88,88,0,0,0,1,0
8,80046,0,1,5,74,1,1,1,0,690,0,1,7,2,7,4,7,3,3,1,1a,990,0,8,1,1,0,1,1,1,1,31,600,1,2,2017,4,7,18,1,2,3,1,3,SR-88  S FEDERAL BLVD,W LOUISIANA AVE,32,39.69321111,-105.0251722,0,8,0,0,3,2,0,1,1,98,0,98,0,0,99,99,99,99,99,99,0,0,0,1,0
8,80049,0,1,5,16,1,0,1,0,741,0,1,7,2,7,3,7,2,3,1,1a,740,0,8,1,1,0,1,1,1,1,41,430,1,2,2017,4,8,0,0,2,7,4,6,MAXWELL RD,POTTER DR,0,38.843575,-104.7503444,0,8,0,0,3,2,0,1,1,98,0,98,0,0,8,2,8,4,8,17,16,0,0,1,0
8,80052,0,1,5,51,1,0,1,0,760,0,2,7,3,7,2,7,1,3,1,2a,750,0,8,1,1,0,1,1,2,2,1,2550,15,2,2017,4,18,48,1,2,3,1,3,SR-95  SHERIDAN BLVD,NA,134,39.84556111,-105.0531306,0,8,0,0,1,1,0,1,3,98,0,98,0,0,18,48,18,50,19,5,0,0,0,1,0
8,80060,0,1,5,88,2,1,1,0,760,0,1,7,2,7,2,7,3,3,2,3b,750,0,8,1,1,0,1,1,2,2,5,0,27,2,2017,2,19,16,0,2,5,4,4,CR-S DAYTON ST,CR-E CALEY AVE,0,39.60220556,-104.8761889,0,8,0,0,3,2,0,1,3,1,0,1,0,0,99,99,99,99,88,88,0,0,0,1,0
8,80066,0,1,5,47,2,0,1,0,760,0,2,7,3,7,3,7,4,3,2,4b,750,0,8,1,1,0,1,1,1,1,1,2550,2,3,2017,5,19,14,0,2,4,4,6,W 72ND AVE,MEADE ST,0,39.82731111,-105.0360194,0,8,0,0,3,3,0,1,3,98,0,98,0,0,19,14,19,18,19,35,0,0,0,1,0
8,80069,0,1,5,52,1,0,1,0,760,0,1,7,2,7,4,7,1,3,2,3b,750,0,8,1,1,0,1,1,1,1,1,110,7,3,2017,3,18,57,1,2,3,4,6,N TOWER RD,E 28TH AVE,0,39.75622222,-104.77215,0,8,0,0,3,2,0,1,3,98,0,98,0,0,18,57,19,1,19,13,0,0,0,1,0
8,80070,0,1,5,60,1,0,0,0,610,0,3,7,3,7,8,7,8,8,8,8,600,0,8,1,1,0,1,1,1,1,41,0,9,3,2017,5,0,50,1,2,2,2,6,CR-ACADEMY BLVD,NA,28,38.769275,-104.759325,0,8,0,0,1,1,0,1,2,98,0,98,0,0,99,99,99,99,99,99,0,0,0,1,0
8,80091,0,1,5,47,1,0,1,0,150,0,3,7,5,7,8,7,8,8,8,8,100,0,8,2,1,1,2,2,1,1,67,650,18,3,2017,7,16,1,1,2,3,1,2,US-550  MAIN AVE,NA,223,37.28569444,-107.8765167,0,33,0,0,1,1,0,4,1,98,0,98,0,0,99,99,99,99,99,99,14,0,0,2,1
8,80091,0,2,5,23,1,0,1,0,150,0,3,7,5,7,8,7,8,8,8,8,100,0,8,2,1,1,2,2,1,1,67,650,18,3,2017,7,16,1,1,2,3,1,2,US-550  MAIN AVE,NA,223,37.28569444,-107.8765167,0,33,0,0,1,1,0,4,1,98,0,98,0,0,99,99,99,99,99,99,14,0,0,2,1
8,80103,0,1,5,79,1,1,1,0,213,0,3,7,3,7,8,7,8,8,8,8,200,0,8,1,1,0,1,1,1,1,41,430,28,3,2017,3,7,31,0,2,4,4,6,N TEJON ST,NA,0,38.83861111,-104.8233333,0,8,0,0,1,1,0,1,1,98,0,98,0,0,7,32,7,38,7,46,0,0,0,1,0
8,80109,0,1,5,33,1,1,1,0,770,0,1,7,2,7,1,7,2,3,1,1b,750,0,8,1,1,0,1,1,3,3,123,1070,6,4,2017,5,19,57,1,2,3,1,2,US-34 BUSN RT  10TH ST,21ST AVE,90,40.42266111,-104.7113889,0,8,0,0,3,2,0,1,3,98,0,98,0,0,19,57,20,3,88,88,0,0,0,1,0
8,80113,0,1,5,59,1,0,1,0,760,0,3,7,3,7,8,7,8,8,8,8,750,0,8,1,1,0,1,1,1,1,31,600,8,4,2017,7,21,40,1,2,3,1,3,SR-88  N FEDERAL BLVD,NA,10,39.72728056,-105.0251278,0,8,0,0,1,1,0,1,3,98,0,98,0,0,21,42,21,47,21,57,0,0,0,1,0
8,80130,0,1,5,35,2,0,1,0,760,0,3,7,3,7,8,7,8,8,8,8,750,0,8,1,1,0,1,1,1,1,69,860,6,4,2017,5,20,39,0,2,4,4,6,E HARMONY RD,NA,0,40.52344722,-105.0763889,0,8,0,0,1,1,0,1,3,98,0,98,0,0,99,99,99,99,99,99,0,0,0,1,0
8,80138,0,1,5,41,1,0,0,0,150,0,3,7,4,7,8,7,8,8,8,8,100,0,8,1,1,0,1,1,1,1,71,0,22,4,2017,7,10,32,1,1,1,1,1,I-25,NA,390,37.49320278,-104.6693167,0,8,0,0,1,1,0,2,1,98,0,98,0,0,99,99,99,99,99,99,0,0,0,1,0
8,80142,0,1,5,62,1,0,1,0,710,0,3,7,3,7,8,7,8,8,8,8,720,0,8,1,1,0,1,1,1,1,41,430,17,4,2017,2,13,3,1,2,3,4,6,S CIRCLE DR,NA,0,38.79584722,-104.7922778,0,8,0,0,1,1,0,1,1,98,0,98,0,0,13,4,13,6,13,30,0,0,0,1,0
8,80143,0,1,5,38,1,0,1,0,760,0,3,7,3,7,8,7,8,8,8,8,750,0,8,1,1,0,1,1,1,1,59,0,23,4,2017,1,20,23,1,2,3,2,4,CR-W BOWLES AVE,NA,0,39.60985,-105.0783056,0,8,0,0,1,1,0,1,2,98,0,98,0,0,20,21,20,29,20,45,0,0,0,1,0
8,80150,0,1,5,11,1,0,1,0,710,0,3,7,3,7,8,7,8,8,8,8,720,0,8,1,1,0,1,1,1,1,5,0,1,5,2017,2,19,40,1,2,3,2,4,CR-E EVANS AVE,NA,0,39.67726111,-104.9043611,0,8,0,0,1,1,0,1,3,1,0,1,0,0,99,99,99,99,88,88,0,0,0,1,0
8,80153,0,1,5,18,1,1,1,0,770,0,1,7,2,7,2,7,1,3,1,1a,750,0,8,1,1,0,1,1,1,1,59,2550,4,5,2017,5,21,16,1,2,3,1,3,SR-121  WADSWORTH PKWY,101ST AVE,235,39.87960833,-105.0960167,0,8,0,0,3,2,0,1,3,98,0,98,0,0,21,16,21,17,21,27,0,0,0,1,0
8,80186,0,1,5,43,1,1,1,0,760,0,1,7,2,7,4,7,1,3,2,3b,750,0,8,1,1,0,1,1,3,3,41,430,13,5,2017,7,22,35,1,2,3,4,6,N ACADEMY BLVD,AUSTIN BLUFFS PKWY,0,38.89105,-104.7568722,0,8,0,0,3,2,0,1,3,98,0,98,0,0,99,99,99,99,99,99,0,0,0,1,0
8,80188,0,1,5,86,1,0,1,0,213,0,1,7,2,7,9,7,3,2,1,5d,200,0,8,1,1,0,1,1,2,2,41,430,11,5,2017,5,15,35,0,2,7,4,6,BAYLOR DR,E SAN MIGUEL ST,0,38.85126944,-104.7615139,0,8,0,0,3,2,0,1,1,98,0,98,0,0,15,35,15,45,16,20,0,0,0,1,0
8,80190,0,1,5,33,1,1,1,0,690,0,1,7,2,7,3,7,2,3,2,3a,990,0,8,1,1,0,1,1,1,1,101,2050,31,5,2017,4,21,15,1,2,3,1,2,US-50 BYPASS,HUDSON AVE,3166,38.28658611,-104.5969667,0,8,0,0,3,2,0,1,3,98,0,98,0,0,99,99,99,99,99,99,0,0,0,1,0
8,80202,0,1,5,33,2,0,0,0,313,0,3,7,3,7,8,7,8,8,8,8,600,0,8,1,1,0,2,2,1,1,31,600,2,6,2017,6,23,24,0,6,96,96,6,ALLEY  N BROADWAY ST,NA,0,39.71670278,-104.9868639,0,8,0,0,1,1,0,1,2,98,0,98,0,0,23,24,23,27,0,2,0,0,0,1,1
8,80202,0,2,5,38,1,0,0,0,313,0,3,7,3,7,8,7,8,8,8,8,600,0,8,1,1,0,2,2,1,1,31,600,2,6,2017,6,23,24,0,6,96,96,6,ALLEY  N BROADWAY ST,NA,0,39.71670278,-104.9868639,0,8,0,0,1,1,0,1,2,98,0,98,0,0,23,24,23,27,0,2,0,0,0,1,1
8,80226,0,1,5,54,2,0,0,0,910,0,3,7,3,7,8,7,8,8,8,8,910,0,8,1,1,0,1,1,4,4,41,0,18,6,2017,1,21,25,1,2,1,1,1,I-25,NA,1316,38.72413889,-104.7323861,0,8,0,1,18,1,0,1,2,98,0,98,0,0,99,99,99,99,88,88,0,0,0,1,0
8,80227,0,1,5,57,1,0,1,0,220,0,3,7,3,7,8,7,8,8,8,8,100,0,8,1,1,0,1,1,0,0,123,1070,5,6,2017,2,5,15,0,2,7,4,6,30TH ST,NA,0,40.38771389,-104.7269944,0,8,0,0,1,1,0,1,3,98,0,98,0,0,5,15,5,21,88,88,0,0,0,1,0
8,80261,0,1,5,45,1,0,1,0,680,0,3,7,3,7,8,7,8,8,8,8,990,0,8,1,1,0,1,1,1,1,45,320,3,6,2017,7,22,49,0,2,4,1,3,SR-133,NA,684,39.40908889,-107.2214472,0,8,0,0,1,1,0,1,2,98,0,98,0,0,23,20,23,55,88,88,0,0,0,1,0
8,80264,0,1,5,48,1,0,1,0,610,0,3,7,3,7,8,7,8,8,8,8,600,0,8,1,1,0,1,1,1,1,31,600,8,6,2017,5,21,23,1,2,3,1,3,SR-88  S FEDERAL BLVD,NA,34,39.68986111,-105.0250833,0,8,0,0,1,1,0,1,3,98,0,98,0,0,21,25,21,30,88,88,0,0,0,1,0
8,80270,0,1,5,25,1,0,1,0,741,0,3,7,3,7,8,7,8,8,8,8,740,0,8,1,1,0,1,1,1,1,45,990,6,5,2017,7,23,59,1,2,3,1,3,SR-82,NA,23,39.51821389,-107.3193806,0,8,0,0,1,1,0,1,3,98,0,98,0,0,23,59,0,7,0,18,0,0,0,1,0
8,80279,0,1,5,60,1,0,0,0,741,0,1,7,1,7,1,7,4,3,2,4a,740,0,8,1,1,0,1,1,1,1,97,0,7,7,2017,6,2,31,1,1,3,1,3,SR-82,CR-BRUSH CREEK RD,353,39.24986111,-106.883825,0,8,0,0,3,2,0,1,2,98,0,98,0,0,2,34,2,42,88,88,0,0,0,1,0
8,80286,0,1,5,24,1,0,1,0,610,0,3,7,3,7,8,7,8,8,8,8,600,0,8,1,1,0,1,1,1,1,1,2550,5,7,2017,4,1,0,1,2,3,1,3,SR-95  SHERIDAN BLVD,NA,124,39.83163056,-105.0532417,0,8,0,0,1,1,0,1,3,98,0,98,0,0,1,5,1,11,1,36,0,0,0,1,0
8,80289,0,1,5,37,1,0,0,0,610,0,3,7,3,7,8,7,8,8,8,8,600,0,8,1,1,0,1,1,1,1,101,0,14,7,2017,6,21,50,1,2,3,1,2,US-50 BUSN RT,NA,67,38.24498889,-104.5090917,0,8,0,0,1,1,0,1,2,2,0,2,0,0,21,55,22,0,23,35,0,0,0,1,0
8,80314,0,1,5,81,1,0,1,0,465,0,3,7,5,7,8,7,8,8,8,8,460,0,8,1,1,0,1,1,1,1,59,1435,27,7,2017,5,12,15,1,2,3,1,3,SR-121  S WADSWORTH BLVD,NA,101,39.68986111,-105.0813556,0,8,0,0,4,1,0,1,1,98,0,98,0,0,12,15,12,20,99,99,0,0,0,1,0
8,80320,0,1,5,66,2,1,1,0,781,0,1,7,2,7,4,7,2,1,2,11b,790,0,8,1,1,0,1,1,1,1,77,0,27,7,2017,5,7,24,0,2,5,2,4,CR-E AND A HALF,CR-WARRIOR WAY,0,39.08463889,-108.4731639,0,8,0,0,3,2,0,1,1,1,0,1,0,0,7,25,7,30,99,99,0,0,0,1,0
8,80331,0,1,5,46,1,0,0,0,130,0,3,7,3,7,8,7,8,8,8,8,100,0,8,1,1,0,1,1,2,2,51,0,3,8,2017,5,21,58,1,1,3,1,2,US-50,NA,1190,38.39571667,-107.4649889,0,8,0,0,1,1,0,1,2,98,0,98,0,0,22,0,22,20,88,88,0,0,0,1,1
8,80350,0,1,5,33,1,0,0,0,140,0,3,7,4,7,8,7,8,8,8,8,100,0,8,3,2,1,1,1,2,2,45,0,16,8,2017,4,17,27,1,1,1,1,1,I-70,NA,930,39.52986667,-107.73175,0,14,0,0,1,1,0,2,1,98,0,98,0,0,99,99,99,99,99,99,0,0,0,1,0
8,80351,0,1,5,74,1,0,1,0,760,0,3,7,3,7,8,7,8,8,8,8,750,0,8,1,1,0,1,1,1,1,101,2050,13,8,2017,1,20,49,0,2,4,4,6,LAKE AVE,NA,0,38.22431111,-104.6252028,0,8,0,0,1,1,0,1,3,98,0,98,0,0,20,49,20,50,99,99,0,0,0,1,1
8,80361,0,1,5,93,1,0,1,0,150,0,3,7,5,7,8,7,8,8,8,8,100,0,8,1,1,0,1,1,1,1,1,0,16,8,2017,4,21,30,0,2,7,2,4,CR-DOWNING ST,NA,0,39.84228889,-104.9726833,0,8,0,0,1,1,0,4,3,1,0,1,0,0,99,99,99,99,88,88,0,0,0,1,1
8,80363,0,1,5,58,1,0,0,0,910,0,3,7,3,7,8,7,8,8,8,8,910,0,8,1,1,0,1,1,1,1,41,430,20,8,2017,1,5,9,1,2,1,1,1,I-25,NA,1407,38.82255556,-104.8361389,0,8,0,0,1,1,1,1,3,98,0,98,0,0,5,9,5,16,5,35,0,0,0,1,0
8,80364,0,1,5,25,1,1,1,0,770,0,1,7,2,7,2,7,1,3,2,3a,750,0,8,1,1,0,1,1,1,1,31,600,26,8,2017,7,1,55,1,2,3,4,6,20TH ST,BLAKE ST,0,39.75444444,-104.9943389,0,8,0,0,3,2,0,1,3,98,0,98,0,0,1,56,2,1,88,88,0,0,0,1,1
8,80366,0,1,5,40,2,0,1,0,770,0,1,7,1,7,2,7,1,3,2,4a,750,0,8,1,1,0,1,1,1,1,31,600,27,8,2017,1,22,35,1,2,3,1,3,SR-88  N FEDERAL BLVD,W ELLSWORTH AVE,16,39.7167,-105.0249667,0,8,0,0,3,3,0,1,3,98,0,98,0,0,22,40,22,40,88,88,0,0,0,1,1
8,80370,0,1,5,57,1,1,1,0,741,0,1,7,1,7,4,7,1,3,2,4b,740,0,8,1,1,0,1,1,1,1,31,600,24,8,2017,5,21,10,1,2,3,1,3,SR-88  S FEDERAL BLVD,W ARKANSAS AVE,33,39.69143333,-105.0250194,0,8,0,0,3,3,0,1,3,1,0,1,0,0,21,10,21,19,88,88,0,0,0,1,0
8,80384,0,1,5,45,1,0,0,0,760,0,3,7,3,7,8,7,8,8,8,8,750,0,8,1,1,0,1,1,2,2,85,1700,19,8,2017,7,1,13,1,2,3,1,2,US-550,NA,1261,38.4365,-107.8666278,0,8,0,0,1,1,0,1,2,98,0,98,0,0,1,11,1,16,88,88,0,0,0,1,0
8,80386,0,1,5,57,1,0,1,0,760,0,3,7,3,7,8,7,8,8,8,8,750,0,8,1,1,0,1,1,1,1,41,890,5,8,2017,7,20,38,1,2,3,1,2,US-85,NA,1328,38.73618611,-104.730325,0,8,0,0,1,1,0,1,3,98,0,98,0,0,20,38,20,41,21,19,0,0,0,1,0
8,80389,0,1,5,41,1,0,1,0,760,0,3,7,3,7,8,7,8,8,8,8,750,0,8,1,1,0,1,1,1,1,31,600,15,7,2017,7,19,36,0,2,5,4,6,E ALBROOK DR,NA,0,39.78206667,-104.8453111,0,8,0,0,1,1,0,1,1,98,0,98,0,0,19,36,99,99,88,88,0,0,0,1,0
8,80391,0,1,5,56,1,0,1,0,741,0,2,7,3,7,4,7,3,3,1,2a,740,0,8,1,1,0,1,1,2,2,1,0,6,5,2017,7,20,52,0,2,5,2,4,CR-CONIFER RD,NA,0,39.84363889,-104.9916194,0,8,0,0,1,1,0,1,3,98,0,98,0,0,99,99,99,99,99,99,0,0,0,1,0