STATE.x,ST_CASE,VEH_NO,PER_NO,PBPTYPE,PBAGE,PBSEX,PBCWALK,PBSWALK,PBSZONE,PEDCTYPE,BIKECTYPE,PEDLOC,BIKELOC,PEDPOS,BIKEPOS,PEDDIR,BIKEDIR,MOTDIR,MOTMAN,PEDLEG,PEDSNR,PEDCGP,BIKECGP,STATE.y,VE_TOTAL,VE_FORMS,PVH_INVL,PEDS,PERNOTMVIT,PERMVIT,PERSONS,COUNTY,CITY,DAY,MONTH,YEAR,DAY_WEEK,HOUR,MINUTE,NHS,RUR_URB,FUNC_SYS,RD_OWNER,ROUTE,TWAY_ID,TWAY_ID2,MILEPT,LATITUDE,LONGITUD,SP_JUR,HARM_EV,MAN_COLL,RELJCT1,RELJCT2,TYP_INT,WRK_ZONE,REL_ROAD,LGT_COND,WEATHER1,WEATHER2,WEATHER,SCH_BUS,RAIL,NOT_HOUR,NOT_MIN,ARR_HOUR,ARR_MIN,HOSP_HR,HOSP_MN,CF1,CF2,CF3,FATALS,DRUNK_DR
12,120025,0,1,5,63,1,0,1,0,620,0,2,7,3,7,9,7,1,3,9,99,600,0,12,1,1,0,1,1,1,1,103,2730,9,1,2017,2,22,0,0,2,4,1,2,US-92,SR-687,99998,27.81031667,-82.63856389,0,8,0,0,3,2,0,1,3,1,0,1,0,0,99,99,99,99,88,88,0,0,0,1,0
12,120029,0,1,5,29,1,0,0,0,230,0,3,7,3,7,8,7,8,8,8,8,100,0,12,2,2,0,1,1,2,2,33,0,10,1,2017,3,17,53,1,2,3,1,2,US-29,NA,99998,30.64792222,-87.35006111,0,12,9,0,1,1,0,1,2,10,0,10,0,0,99,99,99,99,99,99,23,19,0,1,0
12,120036,0,1,5,44,1,0,0,0,680,0,3,7,3,7,8,7,8,8,8,8,990,0,12,1,1,0,1,1,1,1,105,120,1,1,2017,1,19,45,1,2,3,1,2,US-92,NA,99998,28.05867778,-81.78634167,0,8,0,0,1,1,0,1,3,1,0,1,0,0,99,99,99,99,99,99,0,0,0,1,0
12,120045,0,1,5,63,1,0,0,0,680,0,3,7,3,7,8,7,8,8,8,8,990,0,12,1,1,0,1,1,1,1,105,1690,12,1,2017,5,18,17,0,2,4,1,3,SR-33,NA,99998,28.07199444,-81.95324722,0,8,0,0,1,1,0,1,3,1,0,1,0,0,99,99,99,99,88,88,0,0,0,1,0
12,120049,0,1,5,44,2,0,0,0,890,0,4,7,8,7,8,7,8,8,8,8,800,0,12,2,2,0,4,4,6,6,33,0,13,1,2017,6,15,48,0,2,7,25,6,BLOUNT ST,P ST,5,30.42826111,-87.24191944,0,12,6,0,2,2,0,1,1,1,0,1,0,0,99,99,99,99,99,99,20,0,0,1,0
12,120049,0,2,5,37,2,0,0,0,890,0,4,7,8,7,8,7,8,8,8,8,800,0,12,2,2,0,4,4,6,6,33,0,13,1,2017,6,15,48,0,2,7,25,6,BLOUNT ST,P ST,5,30.42826111,-87.24191944,0,12,6,0,2,2,0,1,1,1,0,1,0,0,99,99,99,99,99,99,20,0,0,1,0
12,120049,0,3,5,63,1,0,0,0,890,0,4,7,8,7,8,7,8,8,8,8,800,0,12,2,2,0,4,4,6,6,33,0,13,1,2017,6,15,48,0,2,7,25,6,BLOUNT ST,P ST,5,30.42826111,-87.24191944,0,12,6,0,2,2,0,1,1,1,0,1,0,0,99,99,99,99,99,99,20,0,0,1,0
12,120049,0,4,5,6,2,0,0,0,890,0,4,7,8,7,8,7,8,8,8,8,800,0,12,2,2,0,4,4,6,6,33,0,13,1,2017,6,15,48,0,2,7,25,6,BLOUNT ST,P ST,5,30.42826111,-87.24191944,0,12,6,0,2,2,0,1,1,1,0,1,0,0,99,99,99,99,99,99,20,0,0,1,0
12,120053,0,1,5,80,1,0,0,0,440,0,3,7,6,7,8,7,8,8,8,8,400,0,12,1,1,0,1,1,1,1,101,0,12,1,2017,5,7,26,1,2,3,1,2,US-301,NA,99998,28.204025,-82.18922222,0,8,0,0,1,1,0,4,1,1,0,1,0,0,7,27,7,35,88,88,0,0,0,1,0
12,120055,0,1,5,55,1,0,0,0,410,0,3,7,3,7,8,7,8,8,8,8,400,0,12,1,1,0,1,1,1,1,127,2375,16,1,2017,2,20,12,1,2,3,1,2,US-1,COQUINA  AVE,82,29.30716111,-81.0961,0,8,0,0,1,1,0,1,2,1,0,1,0,0,99,99,99,99,88,88,0,0,0,1,0
12,120057,0,1,5,70,1,0,0,0,410,0,3,7,3,7,8,7,8,8,8,8,400,0,12,1,1,0,1,1,1,1,95,2360,12,1,2017,5,5,25,1,2,3,1,2,US-17,NA,99998,28.55301111,-81.38936667,0,8,0,0,1,1,0,1,3,1,0,1,0,0,99,99,99,99,88,88,0,0,0,1,0
12,120058,0,1,5,25,2,0,0,0,230,0,3,7,4,7,8,7,8,8,8,8,100,0,12,2,1,1,1,1,1,1,31,1510,14,1,2017,7,2,25,1,2,1,1,1,I-95,NA,99998,30.14268056,-81.54190556,0,8,0,0,1,1,0,2,2,1,0,1,0,0,99,99,99,99,99,99,23,0,0,1,0
12,120066,0,1,5,61,2,0,0,0,770,0,3,7,3,7,8,7,8,8,8,8,750,0,12,2,2,0,1,1,2,2,69,0,12,1,2017,5,19,55,0,2,5,98,8,CR-473,NA,99998,28.85326389,-81.77465278,0,8,0,0,1,1,0,1,2,1,0,1,0,0,99,99,99,99,88,88,0,0,0,1,0
12,120070,0,1,5,62,1,1,1,0,760,0,2,7,3,7,2,7,3,3,1,2b,750,0,12,1,1,0,1,1,1,1,95,0,14,1,2017,7,19,20,0,2,4,98,4,CR-431,FIGWOOD LANE,99998,28.57547222,-81.45169167,0,8,0,0,3,3,0,1,5,10,0,10,0,0,99,99,99,99,99,99,0,0,0,1,0
12,120074,0,1,5,53,2,0,0,0,410,0,3,7,3,7,8,7,8,8,8,8,400,0,12,1,1,0,1,1,1,1,95,2360,17,1,2017,3,13,53,0,2,7,98,6,LAKE ADAIR BLVD,NA,99998,28.56108056,-81.39253056,0,8,0,0,1,1,0,1,1,1,0,1,0,0,99,99,99,99,99,99,0,0,0,1,0
12,120075,0,1,5,61,1,0,0,0,680,0,3,7,3,7,8,7,8,8,8,8,990,0,12,1,1,0,1,1,1,1,95,2360,14,1,2017,7,18,31,1,2,3,1,3,SR-436,NA,99998,28.66178333,-81.391,0,8,0,0,1,1,0,1,2,1,0,1,0,0,99,99,99,99,88,88,0,0,0,1,0
12,120085,0,1,5,81,1,0,0,0,459,0,3,7,4,7,8,7,8,8,8,8,400,0,12,2,2,0,1,1,2,2,109,0,13,1,2017,6,1,15,1,2,3,1,2,US-1,ESTRELLA  AVE,99998,29.95441667,-81.34350833,0,8,0,0,1,1,0,2,2,10,0,10,0,0,99,99,99,99,88,88,0,0,0,1,0
12,120089,0,1,5,33,1,0,0,0,760,0,3,7,3,7,8,7,8,8,8,8,750,0,12,1,1,0,1,1,1,1,117,1840,1,1,2017,1,6,28,1,2,3,1,3,SR-434,NA,99998,28.69786944,-81.33811111,0,8,0,0,1,1,0,1,2,5,0,5,0,0,88,88,88,88,88,88,0,0,0,1,0
12,120098,0,1,5,82,2,1,0,0,760,0,1,7,2,7,9,7,3,3,2,3c,750,0,12,1,1,0,1,1,1,1,101,750,3,1,2017,3,6,43,1,2,3,1,2,US-98,MORNINGSIDE DR,99998,28.34312222,-82.18749722,0,8,0,1,2,2,0,1,3,1,0,1,0,0,99,99,99,99,88,88,0,0,0,1,0
12,120102,0,1,5,54,2,0,0,0,760,0,3,7,3,7,8,7,8,8,8,8,750,0,12,1,1,0,1,1,1,1,127,0,15,1,2017,1,3,54,1,1,1,1,1,I-95,NA,99998,28.82645556,-80.90977778,0,8,0,0,1,1,0,1,2,10,0,10,0,0,99,99,99,99,88,88,0,0,0,1,0
12,120113,0,1,5,30,1,0,0,0,760,0,3,7,3,7,8,7,8,8,8,8,750,0,12,1,1,0,1,1,1,1,91,0,22,1,2017,1,1,40,1,2,3,1,2,US-98,NA,99998,30.39483611,-86.57117222,0,8,0,0,1,1,0,1,2,10,0,10,0,0,99,99,99,99,99,99,0,0,0,1,0
12,120114,0,1,5,52,2,1,0,0,760,0,1,7,2,7,4,7,1,3,1,1b,750,0,12,1,1,0,1,1,1,1,83,0,23,1,2017,2,20,5,0,2,4,1,3,SR-35,7TH ST,99998,29.19368056,-82.05351111,0,8,0,0,3,2,0,1,2,1,0,1,0,0,99,99,99,99,99,99,0,0,0,1,0
12,120120,0,1,5,33,1,0,0,0,420,0,3,7,4,7,8,7,8,8,8,8,400,0,12,1,1,0,1,1,2,2,131,0,21,1,2017,7,13,5,0,1,4,1,2,US-90,NA,99998,30.74096944,-86.3724,0,8,0,0,1,1,0,4,1,10,0,10,0,0,99,99,99,99,88,88,0,0,0,1,0
12,120122,0,1,5,52,1,0,0,0,760,0,3,7,3,7,8,7,8,8,8,8,750,0,12,1,1,0,1,1,3,3,83,0,19,1,2017,5,21,2,1,2,3,1,2,US-27,NA,99998,29.11631944,-82.09698889,0,8,0,0,1,1,0,1,2,1,0,1,0,0,99,99,99,99,88,88,0,0,0,1,0
12,120123,0,1,5,60,1,0,0,0,760,0,3,7,3,7,8,7,8,8,8,8,750,0,12,1,1,0,1,1,1,1,107,0,21,1,2017,7,3,35,0,1,4,1,3,SR-19,NA,99998,29.47138333,-81.73858333,0,8,0,0,1,1,0,1,2,1,0,1,0,0,99,99,99,99,88,88,0,0,0,1,0
12,120125,0,1,5,24,2,0,1,0,760,0,3,7,3,7,8,7,8,8,8,8,750,0,12,1,1,0,1,1,1,1,81,0,15,1,2017,1,0,49,1,2,3,1,2,US-41,NA,99998,27.44405,-82.57541111,0,8,0,0,1,1,0,1,3,1,0,1,0,0,99,99,99,99,99,99,0,0,0,1,0
12,120130,0,1,5,53,1,0,0,0,760,0,3,7,3,7,8,7,8,8,8,8,750,0,12,1,1,0,1,1,1,1,117,0,22,1,2017,1,18,50,1,2,3,1,3,SR-436,NA,99998,28.67024167,-81.44775278,0,8,0,0,1,1,0,1,2,2,0,2,0,0,99,99,99,99,99,99,0,0,0,1,0
12,120133,0,1,5,56,1,0,0,0,760,0,1,7,1,7,2,7,3,3,2,4b,750,0,12,1,1,0,1,1,1,1,105,1690,31,1,2017,3,6,7,0,2,4,1,6,MASSACHUSETTS AVE,PARKER ST,99998,28.05111111,-81.95431389,0,8,0,0,2,2,0,1,3,1,0,1,0,0,99,99,99,99,99,99,0,0,0,1,0
12,120137,0,1,5,76,1,1,0,0,230,0,1,7,1,7,9,7,1,1,2,12d,100,0,12,1,1,0,1,1,1,1,11,1050,27,1,2017,6,15,20,0,2,4,98,6,6TH ST,ANDREWS AVE,99998,26.12972222,-80.14378056,0,8,0,0,2,2,0,1,1,10,0,10,0,0,99,99,99,99,99,99,19,23,0,1,0
12,120141,0,1,5,47,2,0,0,0,230,0,3,7,4,7,8,7,8,8,8,8,100,0,12,3,1,2,1,1,1,1,95,0,23,1,2017,2,21,6,1,1,2,1,3,SR-528,NA,99998,28.45165833,-81.10625556,0,14,0,0,1,1,0,2,2,1,0,1,0,0,99,99,99,99,88,88,23,0,0,1,0
12,120151,0,1,5,38,1,0,0,0,313,0,3,7,3,7,8,7,8,8,8,8,600,0,12,2,2,0,1,1,3,3,17,0,1,2,2017,4,4,19,1,2,3,1,2,US-19,NA,99998,28.83923333,-82.57954722,0,8,0,0,1,1,0,1,2,5,0,5,0,0,4,13,4,23,88,88,0,0,0,1,0
12,120158,0,1,5,82,1,0,1,0,760,0,3,7,3,7,8,7,8,8,8,8,750,0,12,2,2,0,1,1,2,2,21,0,27,1,2017,6,19,30,1,2,3,1,2,US-41,NA,99998,26.13378056,-81.77636944,0,8,0,0,1,1,0,1,3,1,0,1,0,0,99,99,99,99,88,88,0,0,0,1,0
12,120160,0,1,5,56,1,0,0,0,760,0,2,7,3,7,4,7,3,3,1,2a,750,0,12,1,1,0,1,1,1,1,101,0,18,1,2017,4,19,50,1,2,3,1,2,US-301,COREY ST,99998,28.21859444,-82.17992778,0,8,0,0,3,3,0,1,2,1,0,1,0,0,99,99,99,99,88,88,0,0,0,1,0
12,120162,0,1,5,63,1,1,1,0,770,0,1,7,2,7,1,7,2,3,1,1b,750,0,12,1,1,0,1,1,1,1,127,2190,5,2,2017,1,17,19,0,2,4,1,3,SR-44,MYRTLE AVE,99998,29.022075,-80.93029444,0,8,0,0,3,2,0,1,1,1,0,1,0,0,99,99,99,99,99,99,0,0,0,1,0
12,120164,0,1,5,71,1,0,1,0,760,0,3,7,3,7,8,7,8,8,8,8,750,0,12,1,1,0,1,1,1,1,117,1840,13,1,2017,6,19,7,9,8,98,98,3,SR-434,NA,99998,28.69795556,-81.36019444,0,8,0,0,1,1,0,1,3,2,0,2,0,0,99,99,99,99,99,99,0,0,0,1,0
12,120168,0,1,5,28,1,0,0,0,420,0,3,7,3,7,8,7,8,8,8,8,400,0,12,1,1,0,1,1,1,1,83,0,19,1,2017,5,18,30,1,2,3,1,2,US-27,NA,99998,29.09508333,-82.08509722,0,8,0,0,1,1,0,1,2,1,0,1,0,0,99,99,99,99,99,99,0,0,0,1,0
12,120169,0,1,5,43,2,0,0,0,620,0,3,7,3,7,8,7,8,8,8,8,600,0,12,3,3,0,1,1,4,4,83,0,17,1,2017,3,2,0,1,2,3,1,2,US-301,NA,99998,28.96541944,-82.04140556,0,8,0,0,1,1,0,1,2,1,0,1,0,0,99,99,99,99,88,88,0,0,0,1,0
12,120173,0,1,5,52,1,0,0,0,760,0,3,7,3,7,8,7,8,8,8,8,750,0,12,1,1,0,1,1,1,1,86,2010,5,2,2017,1,1,16,1,2,2,1,3,SR-836,NA,99998,25.78253056,-80.22263889,0,8,0,0,1,1,0,1,3,1,0,1,0,0,99,99,99,99,88,88,0,0,0,1,0
12,120191,0,1,5,50,1,0,0,0,230,0,3,7,4,7,8,7,8,8,8,8,100,0,12,3,2,1,1,1,3,3,127,0,1,2,2017,4,12,51,1,2,1,1,1,I-4,NA,99998,28.85193889,-81.30287778,0,14,0,0,1,1,0,2,1,1,0,1,0,0,99,99,99,99,99,99,23,14,15,1,0
12,120193,0,1,5,48,1,0,0,0,313,0,3,7,3,7,8,7,8,8,8,8,600,0,12,1,1,0,1,1,1,1,101,0,6,2,2017,2,4,35,0,1,7,98,8,MARYLAND AVE,NA,99998,28.37351667,-82.68810833,0,8,0,0,1,1,0,1,2,5,0,5,0,0,4,48,5,20,88,88,0,0,0,1,0
12,120195,0,1,5,31,1,0,0,0,610,0,3,7,3,7,8,7,8,8,8,8,600,0,12,2,2,0,1,1,2,2,31,1510,7,2,2017,3,4,40,1,2,3,1,3,SR-228,PARRISH CEMETERY RD,99998,30.27683056,-81.82778889,0,8,0,0,3,2,0,1,3,1,0,1,0,0,99,99,99,99,88,88,0,0,0,1,0
12,120196,0,1,5,57,1,1,1,0,620,0,3,7,3,7,8,7,8,8,8,8,600,0,12,1,1,0,1,1,2,2,57,2950,3,2,2017,6,1,9,1,2,3,1,2,US-92,GANDY BLVD,99998,27.8936,-82.50692778,0,8,0,0,3,2,0,1,3,1,0,1,0,0,99,99,99,99,99,99,0,0,0,1,1
12,120200,0,1,5,74,1,1,1,0,760,0,3,7,3,7,8,7,8,8,8,8,750,0,12,1,1,0,1,1,1,1,86,2220,5,2,2017,1,18,26,0,2,4,1,3,SR-915,NA,99998,25.90935833,-80.18734722,0,8,0,0,1,1,0,1,1,1,0,1,0,0,99,99,99,99,99,99,0,0,0,1,0
12,120201,0,1,5,28,1,0,0,0,760,0,3,7,3,7,8,7,8,8,8,8,750,0,12,1,1,0,1,1,1,1,57,0,6,2,2017,2,16,30,0,2,4,1,3,SR-583,NA,99998,28.01784444,-82.393275,0,8,0,0,1,1,0,1,1,1,0,1,0,0,99,99,99,99,99,99,0,0,0,1,0
12,120207,0,1,5,47,1,0,0,0,760,0,3,7,3,7,8,7,8,8,8,8,750,0,12,1,1,0,1,1,1,1,103,0,9,2,2017,5,20,30,0,2,3,98,6,49TH ST,NA,99998,27.81425278,-82.70006667,0,8,0,0,1,1,0,1,3,1,0,1,0,0,99,99,99,99,99,99,0,0,0,1,0
12,120211,0,1,5,63,1,0,0,0,680,0,3,7,3,7,8,7,8,8,8,8,990,0,12,1,1,0,1,1,1,1,53,0,7,2,2017,3,20,12,1,1,3,1,2,US-98,NA,99998,28.52321944,-82.23368889,0,8,0,0,1,1,4,1,3,1,0,1,0,0,99,99,99,99,88,88,0,0,0,1,0
12,120225,0,1,5,31,1,0,0,0,760,0,3,7,3,7,8,7,8,8,8,8,750,0,12,2,2,0,1,1,7,7,69,0,9,2,2017,5,18,40,0,1,5,98,8,CR-452,NA,99998,28.93876944,-81.78344167,0,8,0,0,1,1,0,1,2,1,0,1,0,0,99,99,99,99,88,88,0,0,0,1,0
12,120232,0,1,5,39,1,0,0,0,760,0,3,7,3,7,8,7,8,8,8,8,750,0,12,1,1,0,1,1,1,1,57,2950,20,2,2017,2,5,41,0,2,5,98,6,COLUMBUS DR,NA,99998,27.96678333,-82.39561944,0,8,0,0,1,1,0,1,2,1,0,1,0,0,99,99,99,99,88,88,0,0,0,1,0
12,120240,0,1,5,63,1,0,1,0,150,0,3,7,5,7,8,7,8,8,8,8,100,0,12,1,1,0,1,1,1,1,105,1690,10,1,2017,3,14,45,0,2,4,1,3,SR-563,NA,99998,28.02196389,-81.97373889,0,33,0,0,1,1,0,4,1,10,0,10,0,0,99,99,99,99,99,99,0,0,0,1,0
12,120241,0,1,5,17,2,0,1,0,741,0,3,7,3,7,8,7,8,8,8,8,740,0,12,1,1,0,1,1,2,2,9,2424,18,1,2017,4,15,4,0,2,5,98,6,EMERSON DR,NA,99998,28.03200556,-80.71303611,0,8,0,0,1,1,0,1,1,1,0,1,0,0,99,99,99,99,99,99,0,0,0,1,0
12,120246,0,1,5,74,1,0,0,0,230,0,3,7,3,7,8,7,8,8,8,8,100,0,12,1,1,0,1,1,1,1,105,0,8,1,2017,1,5,2,1,1,1,1,1,I-4,NA,99998,99.9999,999.9999,0,8,0,0,1,1,0,1,2,10,0,10,0,0,99,99,99,99,88,88,19,0,0,1,0
12,120251,0,1,5,49,1,0,0,0,680,0,3,7,3,7,8,7,8,8,8,8,990,0,12,1,1,0,1,1,1,1,11,2260,24,1,2017,3,21,50,1,2,3,1,3,SR-870,NA,99998,26.18896944,-80.13461111,0,8,0,0,1,1,0,1,3,1,0,1,0,0,99,99,99,99,88,88,0,0,0,1,0
12,120256,0,1,5,52,1,0,0,0,760,0,2,7,3,7,3,7,2,3,2,4a,750,0,12,1,1,0,1,1,1,1,86,0,12,1,2017,5,18,51,1,2,3,1,3,SR-932,NW 12TH AVE,99998,25.86884167,-80.21797222,0,8,0,0,3,2,0,1,3,1,0,1,0,0,99,99,99,99,88,88,0,0,0,1,0
12,120261,0,1,5,42,2,0,0,0,760,0,3,7,3,7,8,7,8,8,8,8,750,0,12,1,1,0,1,1,1,1,11,2570,25,1,2017,4,23,26,1,2,3,1,2,US-1,NA,99998,26.24371667,-80.10181944,0,8,0,0,1,1,0,1,3,1,0,1,0,0,99,99,99,99,88,88,0,0,0,1,0
12,120264,0,1,5,67,2,0,0,0,760,0,3,7,3,7,8,7,8,8,8,8,750,0,12,1,1,0,2,2,1,1,11,1420,11,1,2017,4,19,59,0,2,4,98,6,DAVIE RD EXT,NA,99998,26.03888611,-80.23650556,0,8,0,0,1,1,0,1,3,1,0,1,0,0,99,99,99,99,99,99,0,0,0,1,1
12,120264,0,2,5,42,9,0,0,0,760,0,3,7,3,7,8,7,8,8,8,8,750,0,12,1,1,0,2,2,1,1,11,1420,11,1,2017,4,19,59,0,2,4,98,6,DAVIE RD EXT,NA,99998,26.03888611,-80.23650556,0,8,0,0,1,1,0,1,3,1,0,1,0,0,99,99,99,99,99,99,0,0,0,1,1
12,120266,0,1,5,32,2,1,1,0,140,0,3,7,5,7,8,7,8,8,8,8,100,0,12,2,2,0,1,1,2,2,86,0,16,1,2017,2,12,20,0,1,7,98,8,29TH AVE,46TH ST,99998,25.81645,-80.24254722,0,12,6,0,2,2,0,1,1,1,0,1,0,0,99,99,99,99,88,88,0,0,0,1,0
12,120269,0,1,5,87,1,1,1,0,730,0,1,7,2,7,2,7,3,3,2,3b,720,0,12,1,1,0,1,1,1,1,11,1927,31,1,2017,3,7,10,1,2,3,1,2,US-441,WINFIELD BLVD,99998,26.25865,-80.2017,0,8,0,0,3,2,0,1,1,1,0,1,0,0,99,99,99,99,88,88,0,0,0,1,0
12,120273,0,1,5,23,1,0,1,0,160,0,3,7,3,7,8,7,8,8,8,8,100,0,12,1,1,0,1,1,3,3,1,1130,4,2,2017,7,23,55,0,2,6,98,6,SW 22ND RD,NA,99998,29.63208333,-82.38439444,0,8,0,0,1,1,0,1,3,1,0,1,0,0,99,99,99,99,99,99,0,0,0,1,1
12,120275,0,1,5,57,1,0,0,0,680,0,3,7,3,7,8,7,8,8,8,8,990,0,12,1,1,0,1,1,1,1,9,620,17,1,2017,3,20,26,9,8,98,98,9,DIXON BLVD,NA,99998,28.37308889,-80.75028611,0,8,0,0,1,1,0,1,3,1,0,1,0,0,99,99,99,99,99,99,0,0,0,1,0
12,120276,0,1,8,66,2,0,0,0,680,0,3,7,9,7,8,7,8,8,8,8,990,0,12,1,1,0,1,1,1,1,31,1510,7,2,2017,3,22,5,0,1,7,98,6,31ST ST,PEARCE ST,99998,30.36277778,-81.685,0,38,0,0,3,2,0,5,3,1,0,1,0,0,99,99,99,99,88,88,19,0,0,1,0
12,120277,0,1,5,67,1,1,1,0,760,0,3,7,3,7,8,7,8,8,8,8,750,0,12,1,1,0,1,1,1,1,11,1050,3,2,2017,6,5,56,1,2,3,1,3,SR-842,NA,99998,26.12932222,-80.15971111,0,8,0,0,1,1,0,1,3,1,0,1,0,0,99,99,99,99,88,88,0,0,0,1,0
12,120279,0,1,5,29,1,0,1,0,741,0,3,7,3,7,8,7,8,8,8,8,740,0,12,1,1,0,1,1,2,2,103,0,25,1,2017,4,21,23,1,2,3,1,2,US-19,NA,99998,28.06333056,-82.73874167,0,8,0,0,1,1,0,1,3,1,0,1,0,0,99,99,99,99,99,99,0,0,0,1,0
12,120281,0,1,5,46,1,0,0,0,311,0,3,7,3,7,8,7,8,8,8,8,310,0,12,1,1,0,1,1,1,1,61,0,19,1,2017,5,5,11,1,1,1,1,1,I-95,NA,99998,27.76751111,-80.55093056,0,8,0,1,20,1,4,1,3,1,0,1,0,0,99,99,99,99,99,99,0,0,0,1,0
12,120282,0,1,5,48,1,0,0,0,680,0,3,7,3,7,8,7,8,8,8,8,990,0,12,1,1,0,1,1,1,1,57,2540,16,1,2017,2,19,42,1,2,3,1,2,US-92,NA,99998,28.01966667,-82.15881389,0,8,0,0,1,1,0,1,3,1,0,1,0,0,99,99,99,99,99,99,0,0,0,1,0
12,120283,0,1,5,66,1,0,0,0,760,0,3,7,3,7,8,7,8,8,8,8,750,0,12,1,1,0,1,1,3,3,99,210,7,1,2017,7,19,54,1,2,3,1,3,SR-80,NA,99998,26.67228333,-80.670525,0,8,0,0,1,1,0,1,3,10,0,10,0,0,99,99,99,99,88,88,0,0,0,1,0
12,120284,0,1,5,61,2,0,0,0,760,0,1,7,1,7,4,7,1,3,1,2b,750,0,12,1,1,0,1,1,1,1,95,2360,31,1,2017,3,18,58,0,2,7,98,6,IVEY LN,LENOX BLVD,99998,28.52880833,-81.43432222,0,8,0,0,2,2,0,1,3,1,0,1,0,0,99,99,99,99,99,99,0,0,0,1,0
12,120294,0,1,5,53,1,0,0,0,320,0,3,7,3,7,8,7,8,8,8,8,350,0,12,2,2,0,1,1,2,2,86,0,13,2,2017,2,13,0,1,1,3,1,2,US-41,NA,99998,25.76088056,-80.45296111,0,12,7,0,1,1,0,1,1,10,0,10,0,0,99,99,99,99,88,88,0,0,0,1,0
12,120295,0,1,5,67,2,1,0,0,781,0,1,7,2,7,1,7,3,1,2,11b,790,0,12,1,1,0,1,1,1,1,95,0,10,2,2017,6,8,40,0,1,7,98,8,GATEWAY AVE,WILLIAMSPORT DR,99998,28.40969444,-81.4507,0,8,0,0,2,3,0,1,1,1,0,1,0,0,99,99,99,99,99,99,0,0,0,1,0
12,120296,0,1,5,56,1,0,0,0,313,0,3,7,3,7,8,7,8,8,8,8,600,0,12,1,1,0,1,1,1,1,103,2730,9,1,2017,2,22,37,0,2,3,98,6,49TH ST,NA,99998,27.80445833,-82.70005833,0,8,0,0,1,1,0,1,3,1,0,1,0,0,99,99,99,99,99,99,0,0,0,1,0
12,120298,0,1,5,24,1,0,0,0,760,0,3,7,3,7,8,7,8,8,8,8,750,0,12,1,1,0,1,1,1,1,111,0,2,2,2017,5,23,0,1,2,3,1,2,US-1,NA,99998,27.48568333,-80.34135556,0,8,0,0,1,1,0,1,2,1,0,1,0,0,99,99,99,99,99,99,0,0,0,1,0
12,120299,0,1,5,3,1,0,0,0,760,0,3,7,3,7,8,7,8,8,8,8,750,0,12,1,1,0,1,1,2,2,95,2250,16,2,2017,5,15,10,0,2,3,98,3,SR-50,NA,99998,28.54593889,-81.650125,0,8,0,0,1,1,0,1,1,1,0,1,0,0,99,99,99,99,99,99,0,0,0,1,0
12,120303,0,1,5,65,1,1,0,0,760,0,3,7,3,7,8,7,8,8,8,8,750,0,12,1,1,0,1,1,1,1,27,80,21,2,2017,3,1,30,1,2,3,1,3,SR-70,NA,99998,27.21388889,-81.85941111,0,8,0,0,1,1,0,1,2,10,0,10,0,0,99,99,99,99,99,99,0,0,0,1,0
12,120313,0,1,5,58,1,0,0,0,680,0,3,7,3,7,8,7,8,8,8,8,990,0,12,1,1,0,1,1,1,1,97,0,14,2,2017,3,20,32,0,2,4,98,6,BUENA VENTURA BLVD,NA,99998,28.342475,-81.36268611,0,8,0,0,1,1,0,1,3,1,0,1,0,0,99,99,99,99,99,99,0,0,0,1,0
12,120314,0,1,5,46,2,0,0,0,760,0,3,7,3,7,8,7,8,8,8,8,750,0,12,1,1,0,1,1,1,1,115,0,20,2,2017,2,19,6,0,2,4,1,3,SR-72,NA,99998,27.26919444,-82.50194444,0,8,0,0,1,1,0,1,3,1,0,1,0,0,99,99,99,99,88,88,0,0,0,1,0
12,120315,0,1,5,46,2,0,0,0,760,0,3,7,3,7,8,7,8,8,8,8,750,0,12,1,1,0,1,1,1,1,71,1823,20,2,2017,2,18,50,0,2,4,98,6,CR-884,NA,99998,26.61716667,-81.67175833,0,8,0,0,1,1,0,1,2,1,0,1,0,0,99,99,99,99,88,88,0,0,0,1,0
12,120320,0,1,5,79,1,0,1,0,410,0,3,7,3,7,8,7,8,8,8,8,400,0,12,1,1,0,1,1,2,2,31,1510,24,2,2017,6,19,3,0,2,7,98,6,CLEVELAND RD,NA,99998,30.3716,-81.7116,0,8,0,0,1,1,0,1,2,1,0,1,0,0,99,99,99,99,88,88,0,0,0,1,0
12,120321,0,1,5,81,1,0,0,0,680,0,3,7,3,7,8,7,8,8,8,8,990,0,12,1,1,0,1,1,1,1,86,0,10,2,2017,6,19,15,0,2,4,1,2,US-441,NA,99998,25.86158333,-80.20967222,0,8,0,0,1,1,0,1,3,1,0,1,0,0,99,99,99,99,99,99,0,0,0,1,0
12,120326,0,1,5,21,1,0,0,0,680,0,3,7,3,7,8,7,8,8,8,8,990,0,12,1,1,0,1,1,1,1,23,1100,19,2,2017,1,22,35,0,1,7,98,6,SKYE AVENUE,NA,99998,29.92073889,-82.71976944,0,8,0,0,1,1,0,1,2,1,0,1,0,0,99,99,99,99,99,99,0,0,0,1,0