STATE.x,ST_CASE,VEH_NO,PER_NO,PBPTYPE,PBAGE,PBSEX,PBCWALK,PBSWALK,PBSZONE,PEDCTYPE,BIKECTYPE,PEDLOC,BIKELOC,PEDPOS,BIKEPOS,PEDDIR,BIKEDIR,MOTDIR,MOTMAN,PEDLEG,PEDSNR,PEDCGP,BIKECGP,STATE.y,VE_TOTAL,VE_FORMS,PVH_INVL,PEDS,PERNOTMVIT,PERMVIT,PERSONS,COUNTY,CITY,DAY,MONTH,YEAR,DAY_WEEK,HOUR,MINUTE,NHS,RUR_URB,FUNC_SYS,RD_OWNER,ROUTE,TWAY_ID,TWAY_ID2,MILEPT,LATITUDE,LONGITUD,SP_JUR,HARM_EV,MAN_COLL,RELJCT1,RELJCT2,TYP_INT,WRK_ZONE,REL_ROAD,LGT_COND,WEATHER1,WEATHER2,WEATHER,SCH_BUS,RAIL,NOT_HOUR,NOT_MIN,ARR_HOUR,ARR_MIN,HOSP_HR,HOSP_MN,CF1,CF2,CF3,FATALS,DRUNK_DR
12,120678,0,2,5,25,1,0,0,0,311,0,3,7,3,7,8,7,8,8,8,8,310,0,12,3,2,1,2,2,2,2,99,0,22,3,2017,4,7,42,1,2,3,1,2,US-98,NA,99998,26.67895833,-80.14204167,0,8,0,0,1,1,4,1,1,1,0,1,0,0,99,99,99,99,99,99,0,0,0,1,0
12,120694,0,1,5,23,1,0,0,0,760,0,3,7,3,7,8,7,8,8,8,8,750,0,12,1,1,0,1,1,1,1,103,0,5,4,2017,4,6,45,1,2,3,1,3,SR-688,NA,99998,27.89399167,-82.67791667,0,8,0,0,1,1,0,1,4,1,0,1,0,0,99,99,99,99,99,99,0,0,0,1,0
12,120701,0,1,5,39,1,0,0,0,680,0,3,7,3,7,8,7,8,8,8,8,990,0,12,1,1,0,1,1,1,1,86,0,31,3,2017,6,5,0,0,2,4,1,3,SR-969,NA,99998,25.83331111,-80.31404167,0,8,0,0,1,1,0,1,1,1,0,1,0,0,99,99,99,99,88,88,0,0,0,1,0
12,120709,0,1,5,21,2,0,0,0,760,0,1,7,2,7,9,7,1,3,9,99,750,0,12,1,1,0,1,1,1,1,127,825,7,4,2017,6,5,29,9,8,98,98,9,LAKE HELEN OSTEEN RD,CATALINA BLVD,99998,28.94940278,-81.21235833,0,8,0,0,3,3,0,1,2,1,0,1,0,0,99,99,99,99,99,99,0,0,0,1,0
12,120710,0,1,5,998,9,0,1,0,760,0,3,7,3,7,8,7,8,8,8,8,750,0,12,1,1,0,1,1,1,1,86,2023,5,4,2017,4,10,35,9,8,98,98,9,183RD ST,NA,99998,25.94028333,-80.26053333,0,8,0,0,1,1,0,1,1,1,0,1,0,0,99,99,99,99,99,99,0,0,0,1,0
12,120714,0,1,5,48,1,0,0,0,230,0,3,7,3,7,8,7,8,8,8,8,100,0,12,1,1,0,1,1,1,1,99,2431,11,4,2017,3,23,39,1,2,1,1,1,I-95 RAMP,NA,99998,26.88306111,-80.12816944,0,8,0,1,20,1,0,1,2,10,0,10,0,0,99,99,99,99,99,99,23,0,0,1,0
12,120717,0,1,5,46,1,0,1,0,760,0,1,7,1,7,9,7,2,3,2,4d,750,0,12,1,1,0,1,1,1,1,81,0,11,4,2017,3,20,52,1,2,3,1,3,SR-70,56TH COURT,99998,27.44628889,-82.48978889,0,8,0,0,2,3,0,1,2,1,0,1,0,0,99,99,99,99,99,99,0,0,0,1,0
12,120721,0,1,5,81,2,0,0,0,760,0,3,7,3,7,8,7,8,8,8,8,750,0,12,1,1,0,1,1,2,2,109,0,11,4,2017,3,20,10,0,2,4,1,3,SR-A1A,NA,99998,30.24466944,-81.38771111,0,8,0,0,1,1,0,1,2,1,0,1,0,0,99,99,99,99,99,99,0,0,0,1,0
12,120725,0,1,5,32,1,0,0,0,760,0,3,7,3,7,8,7,8,8,8,8,750,0,12,1,1,0,1,1,1,1,61,0,11,4,2017,3,21,30,1,2,3,1,2,US-1,SEBASTIAN BLVD,99998,27.80550278,-80.46466111,0,8,0,0,1,1,0,1,2,1,0,1,0,0,99,99,99,99,99,99,0,0,0,1,0
12,120727,0,1,5,68,1,0,0,0,420,0,3,7,9,7,8,7,8,8,8,8,400,0,12,2,1,1,1,2,1,2,99,0,6,4,2017,5,8,40,1,2,2,1,3,SR-91,NA,99998,26.68318889,-80.16361944,0,14,0,1,5,1,0,6,1,1,0,1,0,0,99,99,99,99,99,99,0,0,0,1,0
12,120731,0,1,5,80,2,0,0,0,420,0,3,7,4,7,8,7,8,8,8,8,400,0,12,1,1,0,2,2,1,1,11,771,1,2,2017,4,18,38,0,2,7,98,6,18TH ST,NA,99998,26.09801944,-80.26262222,0,8,0,0,1,1,0,4,3,1,0,1,0,0,99,99,99,99,99,99,0,0,0,1,0
12,120731,0,2,5,61,2,0,0,0,420,0,3,7,4,7,8,7,8,8,8,8,400,0,12,1,1,0,2,2,1,1,11,771,1,2,2017,4,18,38,0,2,7,98,6,18TH ST,NA,99998,26.09801944,-80.26262222,0,8,0,0,1,1,0,4,3,1,0,1,0,0,99,99,99,99,99,99,0,0,0,1,0
12,120732,0,1,5,998,1,1,1,0,760,0,3,7,3,7,8,7,8,8,8,8,750,0,12,1,1,0,1,1,1,1,87,1580,26,2,2017,1,1,59,1,2,3,1,2,US-1,SEARSTOWN,99998,24.57200556,-81.75964722,0,8,0,0,3,3,0,1,2,1,0,1,0,0,99,99,99,99,99,99,0,0,0,1,0
12,120738,0,1,5,57,1,1,1,0,520,0,3,7,5,7,8,7,8,8,8,8,500,0,12,1,1,0,1,1,1,1,105,1690,17,4,2017,2,16,44,0,2,5,98,6,BEACON RD,NA,99998,28.01859722,-81.96548611,0,33,0,0,1,1,0,4,1,1,0,1,0,0,99,99,99,99,99,99,0,0,0,1,0
12,120743,0,1,5,44,1,0,0,0,680,0,3,7,3,7,8,7,8,8,8,8,990,0,12,1,1,0,1,1,1,1,95,2360,17,4,2017,2,20,45,1,2,3,1,3,SR-435,NA,99998,28.499425,-81.45887222,0,8,0,0,1,1,0,1,3,1,0,1,0,0,99,99,99,99,99,99,0,0,0,1,0
12,120744,0,1,5,80,2,1,0,0,760,0,3,7,2,7,8,7,8,8,8,8,750,0,12,1,1,0,1,1,1,1,99,210,14,3,2017,3,20,0,9,8,98,98,3,SR-80,1ST STREET,99998,26.663925,-80.68206944,0,8,0,0,1,1,0,1,3,1,0,1,0,0,99,99,99,99,88,88,0,0,0,1,0
12,120754,0,1,5,42,1,0,0,0,760,0,2,7,3,7,2,7,3,3,2,4b,750,0,12,1,1,0,1,1,2,2,17,0,9,4,2017,1,0,5,1,2,3,1,2,US-19,GROVER CLEVELAND BLVD,99998,28.80349167,-82.57644722,0,8,0,0,3,2,0,1,2,1,0,1,0,0,99,99,99,99,99,99,0,0,0,1,0
12,120759,0,1,5,55,2,0,0,0,680,0,3,7,3,7,8,7,8,8,8,8,990,0,12,1,1,0,1,1,1,1,101,750,15,4,2017,7,1,30,1,2,3,1,2,US-301,NA,99998,28.45904444,-82.184825,0,8,0,0,8,1,0,1,3,1,0,1,0,0,99,99,99,99,99,99,0,0,0,1,0
12,120764,0,1,5,7,1,1,1,0,781,0,1,7,2,7,3,7,1,1,2,11b,790,0,12,1,1,0,1,1,1,1,99,1760,5,4,2017,4,20,20,0,2,6,98,6,PINE ST,BROADWAY,99998,26.58298056,-80.05651111,0,8,0,0,2,2,0,1,3,1,0,1,0,0,99,99,99,99,88,88,0,0,0,1,0
12,120775,0,1,5,60,2,0,1,0,760,0,3,7,3,7,8,7,8,8,8,8,750,0,12,1,1,0,1,1,1,1,95,0,13,4,2017,5,21,1,1,2,3,1,3,SR-50,NA,99998,28.56585,-81.19916944,0,8,0,0,1,1,0,1,3,1,0,1,0,0,99,99,99,99,99,99,0,0,0,1,0
12,120776,0,1,5,41,1,0,0,0,760,0,3,7,3,7,8,7,8,8,8,8,750,0,12,1,1,0,1,1,1,1,89,0,13,4,2017,5,6,12,1,2,3,1,2,US-17,NA,99998,30.59965,-81.59869167,0,8,0,0,1,1,0,1,2,1,0,1,0,0,99,99,99,99,99,99,0,0,0,1,0
12,120781,0,1,5,17,2,0,1,0,770,0,1,7,2,7,2,7,1,3,2,3a,750,0,12,1,1,0,1,1,1,1,103,2730,20,3,2017,2,7,7,0,2,4,98,6,CR-803,55TH AVE,99998,27.82214722,-82.64676667,0,8,0,0,3,3,0,1,4,1,0,1,0,0,99,99,99,99,99,99,0,0,0,1,0
12,120783,0,1,5,45,1,0,1,0,680,0,3,7,3,7,8,7,8,8,8,8,990,0,12,1,1,0,1,1,1,1,11,1826,14,4,2017,6,22,7,1,2,3,1,2,US-1,NA,99998,26.29134444,-80.09525278,0,8,0,0,1,1,0,1,3,1,0,1,0,0,99,99,99,99,99,99,0,0,0,1,0
12,120784,0,1,5,998,2,0,1,0,620,0,3,7,3,7,8,7,8,8,8,8,600,0,12,1,1,0,1,1,1,1,11,1280,17,4,2017,2,14,35,1,2,3,1,3,SR-858,NA,99998,25.98621111,-80.12391111,0,8,0,0,1,1,0,1,1,1,0,1,0,0,99,99,99,99,99,99,0,0,0,1,0
12,120788,0,1,5,41,1,0,1,0,420,0,3,7,5,7,8,7,8,8,8,8,400,0,12,2,2,0,2,2,2,2,86,0,26,3,2017,1,15,46,0,2,4,1,3,SR-944,54TH ST,99998,25.82380833,-80.24449444,0,12,7,0,3,3,0,1,1,1,0,1,0,0,99,99,99,99,99,99,0,0,0,1,0
12,120788,0,2,5,38,1,0,1,0,420,0,3,7,5,7,8,7,8,8,8,8,400,0,12,2,2,0,2,2,2,2,86,0,26,3,2017,1,15,46,0,2,4,1,3,SR-944,54TH ST,99998,25.82380833,-80.24449444,0,12,7,0,3,3,0,1,1,1,0,1,0,0,99,99,99,99,99,99,0,0,0,1,0
12,120790,0,1,5,75,1,0,0,0,760,0,2,7,3,7,3,7,2,3,1,2a,750,0,12,1,1,0,1,1,1,1,15,0,12,4,2017,4,13,23,0,2,5,98,6,CR-45,HARBOR BLVD,99998,26.98778889,-82.09853333,0,8,0,0,8,1,0,1,1,1,0,1,0,0,99,99,99,99,99,99,0,0,0,1,0
12,120796,0,1,5,71,2,0,0,0,770,0,1,7,2,7,4,7,1,3,1,1b,750,0,12,3,2,1,2,2,6,6,57,0,15,4,2017,7,20,36,1,2,3,1,2,US-301,LIGHTFOOT RD,99998,27.65748889,-82.37061111,0,12,1,0,2,4,0,1,2,1,0,1,0,0,99,99,99,99,99,99,0,0,0,1,0
12,120796,0,2,5,26,1,0,0,0,770,0,1,7,2,7,4,7,1,3,1,1b,750,0,12,3,2,1,2,2,6,6,57,0,15,4,2017,7,20,36,1,2,3,1,2,US-301,LIGHTFOOT RD,99998,27.65748889,-82.37061111,0,12,1,0,2,4,0,1,2,1,0,1,0,0,99,99,99,99,99,99,0,0,0,1,0
12,120810,0,1,5,28,1,1,1,0,760,0,3,7,3,7,8,7,8,8,8,8,750,0,12,1,1,0,1,1,1,1,117,0,6,4,2017,5,0,55,0,2,4,1,3,SR-426,NA,99998,28.61855,-81.26195833,0,8,0,0,1,1,0,1,2,10,0,10,0,0,99,99,99,99,99,99,0,0,0,1,0
12,120820,0,1,5,998,9,0,1,0,459,0,3,7,5,7,8,7,8,8,8,8,400,0,12,1,1,0,1,1,1,1,11,1927,13,4,2017,5,7,43,0,2,4,98,6,31ST ST,NA,99998,26.26741111,-80.20338056,0,42,0,0,1,1,0,4,1,1,0,1,0,0,99,99,99,99,99,99,0,0,0,1,0
12,120823,0,1,5,34,1,0,0,0,313,0,3,7,3,7,8,7,8,8,8,8,600,0,12,1,1,0,1,1,1,1,83,0,22,4,2017,7,23,50,0,1,3,1,3,SR-40,NA,99998,29.20565,-81.94146389,0,8,0,0,1,1,0,1,2,10,0,10,0,0,99,99,99,99,99,99,0,0,0,1,0
12,120832,0,1,5,55,1,0,0,0,781,0,1,7,2,7,1,7,3,1,2,11b,790,0,12,1,1,0,1,1,1,1,71,0,20,4,2017,5,20,39,0,2,5,2,6,CR-80A,OASIS PARK RD,99998,26.68188889,-81.793675,0,8,0,0,3,2,0,1,2,1,0,1,0,0,99,99,99,99,99,99,0,0,0,1,0
12,120835,0,1,5,29,1,0,0,0,410,0,3,7,9,7,8,7,8,8,8,8,400,0,12,1,1,0,1,1,1,1,31,1510,20,4,2017,5,22,0,0,2,4,1,2,US-90,NA,99998,30.31533056,-81.84438889,0,8,0,0,1,1,4,6,2,1,0,1,0,0,99,99,99,99,88,88,0,0,0,1,0
12,120857,0,1,8,15,1,0,0,0,410,0,3,7,3,7,8,7,8,8,8,8,400,0,12,1,1,0,1,1,1,1,95,0,22,4,2017,7,3,0,0,2,5,98,8,AVALON PARK BLVD,NA,99998,28.55686944,-81.16565,0,15,0,0,1,1,0,1,2,1,0,1,0,0,99,99,99,99,99,99,0,0,0,1,1
12,120883,0,1,5,59,2,0,0,0,910,0,3,7,3,7,8,7,8,8,8,8,910,0,12,1,1,0,1,1,1,1,31,1510,24,4,2017,2,18,50,1,2,1,1,1,I-95,NA,99998,30.33508611,-81.66971389,0,8,0,1,18,1,0,1,1,10,0,10,0,0,99,99,99,99,88,88,0,0,0,1,0
12,120884,0,1,5,65,1,1,0,0,760,0,1,7,2,7,1,7,4,3,1,1a,750,0,12,1,1,0,1,1,1,1,127,0,27,4,2017,5,20,45,1,2,3,1,2,US-92,CR-4101,99998,29.06323056,-81.26293889,0,8,0,0,3,2,0,1,2,1,0,1,0,0,99,99,99,99,88,88,0,0,0,1,0
12,120888,0,1,5,57,1,0,1,0,760,0,3,7,3,7,8,7,8,8,8,8,750,0,12,1,1,0,1,1,2,2,9,2670,2,5,2017,3,20,35,1,2,3,1,2,US-1,NA,99998,28.34693611,-80.72966389,0,8,0,0,1,1,0,1,3,1,0,1,0,0,99,99,99,99,88,88,0,0,0,1,0
12,120889,0,1,5,26,1,1,0,0,690,0,1,7,2,7,9,7,2,3,2,3c,990,0,12,1,1,0,1,1,1,1,85,0,1,4,2017,7,3,36,0,2,4,98,4,CR-714,BERRY AVE,99998,27.1612,-80.2858,0,8,0,0,3,2,0,1,3,1,0,1,0,0,99,99,99,99,88,88,0,0,0,1,0
12,120904,0,1,5,998,9,1,0,0,760,0,2,7,3,7,9,7,4,3,1,2c,750,0,12,1,1,0,1,1,1,1,11,2260,5,5,2017,6,20,37,1,2,3,1,3,SR-870,6TH AVE,99998,26.18873611,-80.13892778,0,8,0,0,3,2,0,1,3,1,0,1,0,0,99,99,99,99,99,99,0,0,0,1,0
12,120912,0,1,5,33,1,0,0,0,313,0,3,7,3,7,8,7,8,8,8,8,600,0,12,1,1,0,1,1,1,1,31,1510,5,5,2017,6,2,49,1,2,1,1,1,I-95,NA,99998,30.35648889,-81.668475,0,8,0,1,18,1,0,1,3,10,0,10,0,0,99,99,99,99,99,99,0,0,0,1,0
12,120913,0,1,5,31,1,0,0,0,760,0,3,7,3,7,8,7,8,8,8,8,750,0,12,1,1,0,1,1,1,1,99,3190,6,5,2017,7,4,0,0,2,4,98,6,GREENWOOD AVE,NA,99998,26.75954444,-80.06026389,0,8,0,0,1,1,0,1,3,1,0,1,0,0,99,99,99,99,88,88,0,0,0,1,0
12,120917,0,1,5,37,1,0,0,0,680,0,3,7,3,7,8,7,8,8,8,8,990,0,12,1,1,0,1,1,1,1,95,0,22,4,2017,7,21,34,0,2,7,98,6,FLORIDA ROCK RD,NA,99998,28.43998333,-81.37347778,0,8,0,0,1,1,0,1,2,1,0,1,0,0,99,99,99,99,88,88,0,0,0,1,0
12,120920,0,1,5,75,1,0,0,0,760,0,2,7,3,7,9,7,4,3,1,2c,750,0,12,1,1,0,1,1,1,1,95,2290,6,5,2017,7,6,0,9,8,98,98,9,SILVER STAR RD,N LAKESHORE DR,99998,28.57381944,-81.54423056,0,8,0,0,3,3,0,1,2,1,0,1,0,0,99,99,99,99,99,99,0,0,0,1,0
12,120925,0,1,5,52,1,0,0,0,760,0,3,7,3,7,8,7,8,8,8,8,750,0,12,1,1,0,1,1,1,1,95,0,17,4,2017,2,0,15,1,2,3,1,2,US-441,NA,99998,28.50358889,-81.3969,0,8,0,0,1,1,0,1,3,1,0,1,0,0,99,99,99,99,88,88,0,0,0,1,0
12,120931,0,1,5,13,1,0,0,0,410,0,3,7,6,7,8,7,8,8,8,8,400,0,12,1,1,0,5,5,1,1,105,0,27,4,2017,5,16,59,0,1,7,98,8,ALLEGHENY DR,NA,99998,28.04408056,-81.50570278,0,8,0,0,1,1,0,4,1,1,0,1,0,0,99,99,99,99,99,99,0,0,0,1,0
12,120931,0,2,5,13,1,0,0,0,410,0,3,7,6,7,8,7,8,8,8,8,400,0,12,1,1,0,5,5,1,1,105,0,27,4,2017,5,16,59,0,1,7,98,8,ALLEGHENY DR,NA,99998,28.04408056,-81.50570278,0,8,0,0,1,1,0,4,1,1,0,1,0,0,99,99,99,99,99,99,0,0,0,1,0
12,120931,0,3,5,13,1,0,0,0,410,0,3,7,6,7,8,7,8,8,8,8,400,0,12,1,1,0,5,5,1,1,105,0,27,4,2017,5,16,59,0,1,7,98,8,ALLEGHENY DR,NA,99998,28.04408056,-81.50570278,0,8,0,0,1,1,0,4,1,1,0,1,0,0,99,99,99,99,99,99,0,0,0,1,0
12,120931,0,4,5,14,2,0,0,0,410,0,3,7,6,7,8,7,8,8,8,8,400,0,12,1,1,0,5,5,1,1,105,0,27,4,2017,5,16,59,0,1,7,98,8,ALLEGHENY DR,NA,99998,28.04408056,-81.50570278,0,8,0,0,1,1,0,4,1,1,0,1,0,0,99,99,99,99,99,99,0,0,0,1,0
12,120931,0,5,5,12,1,0,0,0,410,0,3,7,6,7,8,7,8,8,8,8,400,0,12,1,1,0,5,5,1,1,105,0,27,4,2017,5,16,59,0,1,7,98,8,ALLEGHENY DR,NA,99998,28.04408056,-81.50570278,0,8,0,0,1,1,0,4,1,1,0,1,0,0,99,99,99,99,99,99,0,0,0,1,0
12,120933,0,1,5,62,1,0,1,0,240,0,3,7,3,7,8,7,8,8,8,8,100,0,12,1,1,0,1,1,1,1,31,1510,10,5,2017,4,21,45,1,2,4,1,3,SR-109,NA,99998,30.26708889,-81.61649167,0,8,0,0,1,1,0,1,3,1,0,1,0,0,99,99,99,99,88,88,0,0,0,1,0
12,120941,0,1,5,32,1,1,1,0,742,0,1,7,2,7,2,7,1,3,2,3a,740,0,12,1,1,0,1,1,1,1,57,0,4,5,2017,5,14,15,1,2,3,1,3,SR-580,WATERS AVE,99998,28.02553056,-82.50506944,0,8,0,0,3,2,0,1,1,1,0,1,0,0,99,99,99,99,99,99,0,0,0,1,0
12,120946,0,1,5,24,1,0,0,0,410,0,3,7,3,7,8,7,8,8,8,8,400,0,12,1,1,0,1,1,1,1,57,0,10,5,2017,4,20,49,0,1,7,98,8,PETTIE RD,NA,99998,28.00055833,-82.20746944,0,8,0,0,1,1,0,1,2,1,0,1,0,0,99,99,99,99,99,99,0,0,0,1,0
12,120947,0,1,5,34,1,0,0,0,220,0,3,7,3,7,8,7,8,8,8,8,100,0,12,1,1,0,1,1,0,0,11,2541,28,4,2017,6,3,52,9,8,98,98,9,PERIMETER RD,NA,99998,26.11985833,-80.25716667,0,8,0,0,1,1,0,1,3,1,0,1,0,0,99,99,99,99,88,88,0,0,0,1,0
12,120958,0,1,5,30,1,1,0,0,760,0,1,7,2,7,3,7,4,3,2,3b,750,0,12,1,1,0,1,1,1,1,57,0,12,5,2017,6,5,45,0,2,4,98,4,CR-584,WOODLAND CORPORATE BL,99998,28.02557222,-82.52417778,0,8,0,0,2,2,0,1,3,1,0,1,0,0,99,99,99,99,88,88,0,0,0,1,0
12,120970,0,1,5,32,1,0,0,0,760,0,3,7,3,7,8,7,8,8,8,8,750,0,12,1,1,0,1,1,1,1,57,2950,28,1,2017,7,21,50,1,2,3,1,3,SR-60,NA,99998,27.95558611,-82.53640833,0,8,0,0,1,1,0,1,3,2,0,2,0,0,99,99,99,99,88,88,0,0,0,1,0
12,120981,0,1,5,60,2,0,0,0,140,0,3,7,3,7,8,7,8,8,8,8,100,0,12,1,1,0,1,1,1,1,35,2439,20,1,2017,6,6,46,9,8,98,98,9,PALM COAST PKWY,NA,99998,29.55637222,-81.20529167,0,8,0,0,1,1,0,1,2,1,0,1,0,0,99,99,99,99,99,99,19,0,0,1,0
12,120985,0,1,5,85,1,1,0,0,680,0,3,7,2,7,8,7,8,8,8,8,990,0,12,1,1,0,1,1,1,1,127,780,31,3,2017,6,12,26,9,8,98,98,9,MEMORIAL MEDICAL PKWY,NA,99998,29.24289444,-81.10940278,0,8,0,0,1,1,0,1,1,1,0,1,0,0,99,99,99,99,99,99,0,0,0,1,0
12,120991,0,1,5,54,1,1,1,0,760,0,1,7,2,7,4,7,1,3,2,3b,750,0,12,1,1,0,1,1,1,1,127,780,3,4,2017,2,21,50,9,8,98,98,3,SR-483,US-92,99998,29.19416389,-81.05262222,0,8,0,0,2,3,0,1,3,1,0,1,0,0,99,99,99,99,99,99,0,0,0,1,0
12,121004,0,1,5,59,1,0,0,0,680,0,3,7,3,7,8,7,8,8,8,8,990,0,12,1,1,0,1,1,1,1,11,2260,12,5,2017,6,20,43,1,2,3,1,3,SR-816,NA,99998,26.166425,-80.14706944,0,8,0,0,1,1,0,1,3,1,0,1,0,0,99,99,99,99,88,88,0,0,0,1,0
12,121005,0,1,5,35,1,0,0,0,741,0,3,7,3,7,8,7,8,8,8,8,740,0,12,1,1,0,1,1,4,4,86,0,20,4,2017,5,20,14,1,2,2,1,3,SR-112,NA,99998,25.80238056,-80.26492222,0,8,0,0,1,1,0,1,3,1,0,1,0,0,99,99,99,99,88,88,0,0,0,1,0
12,121006,0,1,5,53,1,0,0,0,760,0,2,7,3,7,1,7,2,3,1,2b,750,0,12,2,2,0,1,1,3,3,57,0,13,5,2017,7,0,52,1,2,3,1,3,SR-580,ARCHSTONE DR,99998,27.99644167,-82.55552222,0,8,0,0,3,3,0,1,3,1,0,1,0,0,99,99,99,99,88,88,0,0,0,1,0
12,121007,0,1,5,30,1,1,1,0,760,0,3,7,3,7,8,7,8,8,8,8,750,0,12,1,1,0,1,1,2,2,127,780,4,5,2017,5,22,50,9,8,98,98,3,SR-5A,NA,99998,29.22265,-81.04871111,0,8,0,0,1,1,0,1,3,1,0,1,0,0,99,99,99,99,99,99,0,0,0,1,0
12,121010,0,1,5,79,1,0,0,0,760,0,3,7,3,7,8,7,8,8,8,8,750,0,12,1,1,0,1,1,1,1,113,0,10,5,2017,4,20,50,0,2,5,98,8,HAMILTON BRIDGE RD,NA,99998,30.62108056,-87.09203889,0,8,0,0,1,1,0,1,3,1,0,1,0,0,99,99,99,99,88,88,0,0,0,1,0
12,121011,0,1,5,79,1,0,1,0,760,0,3,7,3,7,8,7,8,8,8,8,750,0,12,1,1,0,1,1,1,1,57,2950,9,5,2017,3,20,42,1,2,3,1,2,US-92,NA,99998,27.99625556,-82.48654722,0,8,0,0,1,1,0,1,3,1,0,1,0,0,99,99,99,99,99,99,0,0,0,1,0
12,121014,0,1,5,28,1,0,0,0,410,0,3,7,3,7,8,7,8,8,8,8,400,0,12,1,1,0,1,1,1,1,131,800,8,2,2017,4,19,0,9,8,98,98,9,BRUCE AVE,NA,99998,30.71206944,-86.12044167,0,8,0,0,1,1,0,1,2,10,0,10,0,0,99,99,99,99,99,99,0,0,0,1,0
12,121019,0,1,5,56,1,0,0,0,760,0,2,7,3,7,1,7,2,3,1,2b,750,0,12,1,1,0,1,1,1,1,86,0,10,2,2017,6,21,10,9,8,98,98,9,SW 56TH ST,SW 154TH CT,99998,25.71361667,-80.44351111,0,8,0,0,3,3,0,1,3,1,0,1,0,0,99,99,99,99,99,99,0,0,0,1,0
12,121022,0,1,5,57,2,0,1,0,410,0,3,7,5,7,8,7,8,8,8,8,400,0,12,1,1,0,1,1,2,2,117,2770,24,2,2017,6,17,27,9,8,98,98,9,LIVE OAK BLVD,NA,99998,28.76950278,-81.29324167,0,33,0,0,1,1,0,4,5,1,0,1,0,0,99,99,99,99,99,99,0,0,0,1,0
12,121024,0,1,5,57,2,0,0,0,690,0,1,7,1,7,4,7,3,3,1,2a,990,0,12,1,1,0,2,2,1,1,9,454,4,3,2017,7,19,17,1,2,3,1,3,SR-A1A,SR-A1A,99998,28.38643056,-80.60566111,0,8,0,0,2,2,0,1,3,1,0,1,0,0,99,99,99,99,99,99,0,0,0,1,1
12,121024,0,2,5,61,1,0,0,0,690,0,1,7,1,7,4,7,3,3,1,2a,990,0,12,1,1,0,2,2,1,1,9,454,4,3,2017,7,19,17,1,2,3,1,3,SR-A1A,SR-A1A,99998,28.38643056,-80.60566111,0,8,0,0,2,2,0,1,3,1,0,1,0,0,99,99,99,99,99,99,0,0,0,1,1
12,121028,0,1,5,998,9,0,1,0,760,0,3,7,3,7,8,7,8,8,8,8,750,0,12,1,1,0,1,1,2,2,11,1780,15,3,2017,4,20,1,9,8,98,98,9,OCEAN BLVD,NA,99998,26.20589722,-80.09443056,0,8,0,0,1,1,0,1,3,1,0,1,0,0,99,99,99,99,99,99,0,0,0,1,0
12,121038,0,1,5,39,2,0,1,0,410,0,2,7,3,7,1,7,2,3,1,2b,400,0,12,1,1,0,1,1,1,1,33,2490,10,3,2017,6,19,53,1,2,3,1,2,US-90,H ST,99998,30.42028889,-87.23233056,0,8,0,0,3,3,0,1,3,1,0,1,0,0,99,99,99,99,99,99,0,0,0,1,0
12,121047,0,1,5,28,1,0,0,0,760,0,3,7,3,7,8,7,8,8,8,8,750,0,12,1,1,0,2,2,1,1,33,0,15,5,2017,2,22,28,0,2,4,1,3,SR-297,NA,99998,30.53375556,-87.31296389,0,8,0,0,1,1,0,1,2,1,0,1,0,0,99,99,99,99,99,99,0,0,0,2,0
12,121047,0,2,5,28,1,0,0,0,760,0,3,7,3,7,8,7,8,8,8,8,750,0,12,1,1,0,2,2,1,1,33,0,15,5,2017,2,22,28,0,2,4,1,3,SR-297,NA,99998,30.53375556,-87.31296389,0,8,0,0,1,1,0,1,2,1,0,1,0,0,99,99,99,99,99,99,0,0,0,2,0
12,121051,0,1,5,49,1,1,1,0,760,0,1,7,1,7,3,7,4,3,1,2b,750,0,12,1,1,0,1,1,2,2,103,0,7,5,2017,1,0,30,9,8,98,98,9,54TH AVE,28TH ST,99998,27.82106944,-82.67131944,0,8,0,0,2,2,0,1,3,1,0,1,0,0,99,99,99,99,99,99,0,0,0,1,0
12,121057,0,1,5,46,1,0,0,0,760,0,3,7,3,7,8,7,8,8,8,8,750,0,12,1,1,0,1,1,1,1,101,0,7,5,2017,1,23,6,1,2,3,1,2,US-19,NA,99998,28.363563890000002,-82.693525,0,8,0,0,1,1,0,1,3,1,0,1,0,0,23,8,23,12,88,88,0,0,0,1,0
12,121058,0,1,5,2,1,0,0,0,220,0,3,7,5,7,8,7,8,8,8,8,100,0,12,1,1,0,1,1,0,0,95,0,10,5,2017,4,18,23,0,2,7,98,6,TRAFALGAR DR,NA,99998,28.4022,-81.41066944,0,8,0,0,8,1,0,1,1,1,0,1,0,0,99,99,99,99,99,99,24,0,0,1,0
12,121070,0,1,5,73,1,1,1,0,760,0,1,7,2,7,4,7,3,3,1,1a,750,0,12,1,1,0,1,1,1,1,95,0,11,5,2017,5,5,32,0,2,4,1,3,SR-551,CHARLIN PKWY,99998,28.48841111,-81.28552778,0,8,0,0,2,2,0,1,3,1,0,1,0,0,99,99,99,99,99,99,0,0,0,1,0