STATE.x,ST_CASE,VEH_NO,PER_NO,PBPTYPE,PBAGE,PBSEX,PBCWALK,PBSWALK,PBSZONE,PEDCTYPE,BIKECTYPE,PEDLOC,BIKELOC,PEDPOS,BIKEPOS,PEDDIR,BIKEDIR,MOTDIR,MOTMAN,PEDLEG,PEDSNR,PEDCGP,BIKECGP,STATE.y,VE_TOTAL,VE_FORMS,PVH_INVL,PEDS,PERNOTMVIT,PERMVIT,PERSONS,COUNTY,CITY,DAY,MONTH,YEAR,DAY_WEEK,HOUR,MINUTE,NHS,RUR_URB,FUNC_SYS,RD_OWNER,ROUTE,TWAY_ID,TWAY_ID2,MILEPT,LATITUDE,LONGITUD,SP_JUR,HARM_EV,MAN_COLL,RELJCT1,RELJCT2,TYP_INT,WRK_ZONE,REL_ROAD,LGT_COND,WEATHER1,WEATHER2,WEATHER,SCH_BUS,RAIL,NOT_HOUR,NOT_MIN,ARR_HOUR,ARR_MIN,HOSP_HR,HOSP_MN,CF1,CF2,CF3,FATALS,DRUNK_DR
12,121077,0,1,5,4,1,0,0,0,610,0,3,7,3,7,8,7,8,8,8,8,600,0,12,1,1,0,1,1,1,1,95,0,12,5,2017,6,2,8,0,2,3,98,4,CR-423,NA,99998,28.44518056,-81.42747222,0,8,0,0,1,1,0,1,2,1,0,1,0,0,99,99,99,99,88,88,0,0,0,1,0
12,121099,0,1,5,21,2,0,0,0,410,0,3,7,3,7,8,7,8,8,8,8,400,0,12,1,1,0,1,1,1,1,95,0,26,5,2017,6,1,0,0,2,4,1,3,SR-15,NA,99998,28.48065833,-81.29618889,0,8,0,0,1,1,4,1,2,1,0,1,0,0,99,99,99,99,88,88,0,0,0,1,0
12,121109,0,1,5,998,1,0,0,0,680,0,3,7,3,7,8,7,8,8,8,8,990,0,12,1,1,0,1,1,1,1,99,3190,26,5,2017,6,18,31,0,2,7,98,6,59TH ST,NA,99998,26.76313056,-80.05830278,0,8,0,0,1,1,0,1,1,1,0,1,0,0,99,99,99,99,99,99,0,0,0,1,0
12,121111,0,1,5,32,1,0,0,0,760,0,3,7,3,7,8,7,8,8,8,8,750,0,12,1,1,0,1,1,1,1,57,0,5,1,2017,5,19,35,1,2,3,1,2,US-41,NA,99998,27.91044444,-82.40196389,0,8,0,0,1,1,0,1,3,10,0,10,0,0,99,99,99,99,88,88,0,0,0,1,0
12,121118,0,1,5,45,1,0,1,0,760,0,3,7,3,7,8,7,8,8,8,8,750,0,12,1,1,0,1,1,1,1,83,2270,7,5,2017,1,20,35,1,2,3,1,3,SR-200,NA,99998,29.16678056,-82.16791111,0,8,0,0,1,1,0,1,3,1,0,1,0,0,99,99,99,99,99,99,0,0,0,1,0
12,121133,0,1,5,70,1,0,0,0,440,0,3,7,3,7,8,7,8,8,8,8,400,0,12,1,1,0,1,1,1,1,105,0,15,5,2017,2,2,3,1,2,3,1,3,SR-60,NA,99998,27.90323056,-81.61014722,0,8,0,0,1,1,0,1,2,1,0,1,0,0,99,99,99,99,88,88,0,0,0,1,0
12,121141,0,1,5,23,2,0,0,0,410,0,3,7,3,7,8,7,8,8,8,8,400,0,12,1,1,0,1,1,1,1,7,0,26,5,2017,6,4,35,1,1,3,1,2,US-301,246TH ST,99998,30.07411667,-82.06601944,0,8,0,0,3,2,0,1,2,1,0,1,0,0,99,99,99,99,88,88,0,0,0,1,0
12,121144,0,1,5,63,1,0,0,0,760,0,2,7,3,7,2,7,1,3,2,4a,750,0,12,3,3,0,1,1,3,3,101,0,24,5,2017,4,21,41,1,2,3,1,2,US-19,PHOENIX AVE,99998,28.17336944,-82.74036389,0,8,0,0,3,3,0,1,3,10,0,10,0,0,21,42,21,46,88,88,0,0,0,1,0
12,121148,0,1,5,55,2,0,0,0,440,0,3,7,6,7,8,7,8,8,8,8,400,0,12,1,1,0,1,1,2,2,115,0,15,5,2017,2,8,45,0,1,7,98,8,HEASLEY RD,NA,99998,27.01091111,-82.40213889,0,8,0,0,1,1,0,2,1,1,0,1,0,0,99,99,99,99,99,99,0,0,0,1,0
12,121155,0,1,5,63,2,0,0,0,760,0,3,7,3,7,8,7,8,8,8,8,750,0,12,1,1,0,1,1,1,1,69,2130,2,6,2017,6,23,40,1,2,3,1,2,US-441,NA,99998,28.82391667,-81.64318611,0,8,0,0,1,1,0,1,2,10,0,10,0,0,99,99,99,99,99,99,0,0,0,1,0
12,121157,0,1,5,998,1,0,1,0,760,0,3,7,3,7,8,7,8,8,8,8,750,0,12,2,2,0,1,1,2,2,97,2700,3,6,2017,7,4,9,1,2,3,1,2,US-192,NA,99998,28.24618611,-81.25315,0,8,0,0,1,1,0,1,2,1,0,1,0,0,99,99,99,99,88,88,0,0,0,1,1
12,121158,0,1,5,998,1,0,0,0,680,0,3,7,3,7,8,7,8,8,8,8,990,0,12,1,1,0,1,1,1,1,111,1080,2,6,2017,6,20,36,1,2,3,1,2,US-1,NA,99998,27.40649722,-80.32587778,0,8,0,0,1,1,0,1,3,2,0,2,0,0,99,99,99,99,88,88,0,0,0,1,0
12,121161,0,1,5,66,1,1,0,0,680,0,3,7,2,7,8,7,8,8,8,8,990,0,12,1,1,0,1,1,1,1,73,0,23,5,2017,3,20,1,0,1,6,98,8,CR-2203,NA,99998,30.31987778,-84.39820833,0,8,0,0,1,1,0,1,5,10,0,10,0,0,99,99,99,99,88,88,0,0,0,1,0
12,121163,0,1,5,83,1,0,0,0,680,0,3,7,3,7,8,7,8,8,8,8,990,0,12,1,1,0,1,1,1,1,95,0,22,5,2017,2,19,39,1,2,3,1,3,SR-50,NA,99998,28.56823889,-81.27694167,0,8,0,0,1,1,0,1,3,2,0,2,0,0,99,99,99,99,99,99,0,0,0,1,0
12,121168,0,1,5,61,1,1,0,0,781,0,1,7,2,7,2,7,2,1,2,11a,790,0,12,1,1,0,1,1,1,1,73,2940,27,5,2017,7,8,40,1,2,3,1,3,SR-61,BRADFORD RD,99998,30.56083611,-84.21758056,0,8,0,0,2,2,0,1,1,1,0,1,0,0,99,99,99,99,99,99,0,0,0,1,0
12,121171,0,1,5,62,2,0,0,0,760,0,3,7,3,7,8,7,8,8,8,8,750,0,12,1,1,0,1,1,1,1,97,1590,1,6,2017,5,21,28,1,2,3,1,2,US-192,NA,99998,28.33229167,-81.47602778,0,8,0,0,1,1,0,1,3,2,0,2,0,0,99,99,99,99,88,88,0,0,0,1,0
12,121172,0,1,5,59,1,0,1,0,760,0,3,7,3,7,8,7,8,8,8,8,750,0,12,1,1,0,1,1,1,1,95,0,3,6,2017,7,20,22,0,2,3,1,3,SR-434,NA,99998,28.61918056,-81.41510278,0,8,0,0,1,1,0,1,2,2,0,2,0,0,99,99,99,99,99,99,0,0,0,1,0
12,121175,0,1,5,78,2,0,0,0,770,0,3,7,3,7,8,7,8,8,8,8,750,0,12,1,1,0,1,1,1,1,86,1340,5,6,2017,2,12,59,1,2,3,1,3,SR-932,NA,99998,25.86658611,-80.29549722,0,8,0,0,1,1,0,1,1,10,0,10,0,0,99,99,99,99,99,99,0,0,0,1,0
12,121176,0,1,5,998,1,0,1,0,791,0,2,7,3,7,3,7,3,2,2,8a,790,0,12,1,1,0,1,1,1,1,11,1050,21,1,2017,7,10,1,0,2,7,98,6,33RD ST,33RD AVE,99998,26.16903333,-80.10200833,0,8,0,0,3,2,0,1,1,1,0,1,0,0,99,99,99,99,88,88,0,0,0,1,0
12,121183,0,1,5,76,1,1,1,0,760,0,1,7,2,7,3,7,2,3,1,1a,750,0,12,1,1,0,1,1,1,1,11,2468,3,6,2017,7,21,44,9,8,98,98,3,SR-820,136 AVE,99998,26.0077,-80.32845278,0,8,0,0,3,2,0,1,3,10,0,10,0,0,99,99,99,99,99,99,0,0,0,1,0
12,121185,0,1,5,61,2,1,1,0,741,0,1,7,2,7,1,7,4,3,1,1a,740,0,12,1,1,0,1,1,1,1,127,780,27,5,2017,7,0,4,1,2,3,1,2,US-92,TRUN ONE DR,99998,29.184525,-81.07775278,0,8,0,0,2,3,0,1,3,1,0,1,0,0,99,99,99,99,88,88,0,0,0,1,0
12,121187,0,1,5,23,1,0,0,0,313,0,3,7,3,7,8,7,8,8,8,8,600,0,12,1,1,0,1,1,1,1,93,0,4,5,2017,5,3,16,0,1,5,98,6,120TH ST,NA,99998,27.35291944,-80.82103889,0,8,0,0,1,1,0,1,2,1,0,1,0,0,99,99,99,99,88,88,0,0,0,1,0
12,121188,0,1,5,60,9,0,0,0,910,0,3,7,3,7,8,7,8,8,8,8,910,0,12,1,1,0,1,1,1,1,9,620,1,6,2017,5,11,33,0,2,4,1,6,CR-528,NA,99998,28.40132222,-80.76345556,0,8,0,1,18,1,0,1,1,1,0,1,0,0,99,99,99,99,99,99,0,0,0,1,0
12,121189,0,1,5,37,1,0,0,0,459,0,3,7,3,7,8,7,8,8,8,8,400,0,12,1,1,0,1,1,1,1,105,1690,6,6,2017,3,3,45,1,2,3,1,3,SR-600,NA,99998,28.04338056,-81.97278889,0,8,0,0,1,1,0,1,3,2,0,2,0,0,99,99,99,99,99,99,0,0,0,1,0
12,121204,0,1,5,70,1,0,0,0,760,0,1,7,2,7,3,7,4,3,1,1b,750,0,12,1,1,0,1,1,1,1,113,0,2,6,2017,6,21,1,0,2,4,1,2,US-90,SUNSET DRIVE,99998,30.60303056,-87.09976111,0,8,0,0,2,3,0,1,2,1,0,1,0,0,99,99,99,99,88,88,0,0,0,1,0
12,121209,0,1,5,30,1,0,0,0,140,0,3,7,6,7,8,7,8,8,8,8,100,0,12,3,2,1,1,1,2,2,86,0,23,5,2017,3,4,40,1,2,1,1,1,I-195,NA,99998,25.81136111,-80.1894,0,12,1,0,1,1,0,1,3,1,0,1,0,0,99,99,99,99,99,99,14,0,0,3,0
12,121213,0,1,5,14,1,1,1,0,741,0,1,7,2,7,4,7,3,3,1,1a,740,0,12,1,1,0,1,1,2,2,57,2950,15,3,2017,4,21,50,1,2,3,1,2,US-41,BOUGAINVILLEA AVE,99998,28.0436,-82.45118611,0,8,0,0,3,2,0,1,3,1,0,1,0,0,99,99,99,99,99,99,0,0,0,1,0
12,121223,0,1,5,998,9,0,0,0,760,0,3,7,3,7,8,7,8,8,8,8,750,0,12,1,1,0,1,1,1,1,11,2219,10,6,2017,7,21,48,1,2,3,1,2,US-441,NA,99998,26.20037222,-80.20378056,0,8,0,0,1,1,0,1,2,1,0,1,0,0,99,99,99,99,99,99,0,0,0,1,0
12,121224,0,1,5,40,2,1,1,0,690,0,1,7,2,7,3,7,2,3,2,3a,990,0,12,1,1,0,1,1,2,2,91,835,7,6,2017,4,3,6,1,2,3,1,2,US-98,STAHLMAN AVE,99998,30.3946,-86.50985,0,8,0,0,3,2,0,1,3,10,0,10,0,0,99,99,99,99,99,99,0,0,0,1,0
12,121230,0,1,5,50,1,0,0,0,910,0,3,7,3,7,8,7,8,8,8,8,910,0,12,1,1,0,1,1,2,2,5,0,2,6,2017,6,1,19,1,2,3,1,2,US-98,NA,99998,30.18923889,-85.78261389,0,8,0,0,1,1,0,1,2,10,0,10,0,0,99,99,99,99,88,88,0,0,0,1,0
12,121231,0,1,5,58,1,0,0,0,230,0,3,7,3,7,8,7,8,8,8,8,100,0,12,2,1,1,1,5,1,5,5,0,27,5,2017,7,22,25,1,1,3,1,2,US-231,NA,99998,30.34220278,-85.44139167,0,8,0,0,1,1,0,1,2,1,0,1,0,0,99,99,99,99,88,88,23,14,0,1,0
12,121233,0,1,5,30,1,1,1,0,760,0,1,7,2,7,4,7,3,3,1,1a,750,0,12,2,2,0,1,1,2,2,71,0,2,6,2017,6,23,30,1,2,3,1,2,US-41,LAKERIDGE CT,99998,26.53433333,-81.87136667,0,8,0,0,2,2,0,1,2,1,0,1,0,0,99,99,99,99,88,88,0,0,0,1,0
12,121247,0,1,5,37,1,0,0,0,760,0,3,7,3,7,8,7,8,8,8,8,750,0,12,1,1,0,1,1,1,1,97,0,27,5,2017,7,22,34,1,2,3,1,2,US-192,NA,99998,28.29076667,-81.36160833,0,8,0,0,1,1,0,1,3,1,0,1,0,0,99,99,99,99,99,99,0,0,0,1,0
12,121253,0,1,5,45,2,0,1,0,230,0,3,7,4,7,8,7,8,8,8,8,100,0,12,3,1,2,2,2,1,1,103,1770,12,5,2017,6,21,54,1,2,3,1,2,US-19,NA,99998,27.92927778,-82.73064444,0,14,0,0,1,1,0,4,3,1,0,1,0,0,99,99,99,99,99,99,23,0,0,2,1
12,121253,0,2,5,998,8,0,1,0,230,0,3,7,4,7,8,7,8,8,8,8,100,0,12,3,1,2,2,2,1,1,103,1770,12,5,2017,6,21,54,1,2,3,1,2,US-19,NA,99998,27.92927778,-82.73064444,0,14,0,0,1,1,0,4,3,1,0,1,0,0,99,99,99,99,99,99,23,0,0,2,1
12,121265,0,1,5,42,1,0,1,0,760,0,3,7,3,7,8,7,8,8,8,8,750,0,12,1,1,0,1,1,1,1,95,0,12,6,2017,2,21,10,0,2,5,98,6,OAK RIDGE RD,NA,99998,28.47282222,-81.38181944,0,8,0,0,8,1,0,1,3,10,0,10,0,0,99,99,99,99,88,88,0,0,0,1,0
12,121278,0,1,5,998,8,0,1,0,680,0,3,7,5,7,8,7,8,8,8,8,990,0,12,1,1,0,2,2,1,1,11,2260,31,3,2017,6,13,55,9,8,98,98,3,SR-870,NA,99998,26.18910278,-80.12792222,0,43,0,0,1,1,0,6,1,1,0,1,0,0,99,99,99,99,99,99,0,0,0,1,0
12,121278,0,2,5,68,1,0,1,0,680,0,3,7,5,7,8,7,8,8,8,8,990,0,12,1,1,0,2,2,1,1,11,2260,31,3,2017,6,13,55,9,8,98,98,3,SR-870,NA,99998,26.18910278,-80.12792222,0,43,0,0,1,1,0,6,1,1,0,1,0,0,99,99,99,99,99,99,0,0,0,1,0
12,121279,0,1,5,39,2,0,0,0,690,0,1,7,9,7,1,7,4,3,1,2a,990,0,12,1,1,0,1,1,1,1,99,820,15,4,2017,7,3,0,9,8,98,98,3,SR-806,10TH AVE,99998,26.46169167,-80.08326944,0,8,0,0,2,3,0,1,3,1,0,1,0,0,99,99,99,99,99,99,0,0,0,1,0
12,121280,0,1,5,61,2,0,0,0,760,0,3,7,3,7,8,7,8,8,8,8,750,0,12,1,1,0,1,1,1,1,57,2950,20,4,2017,5,23,10,1,2,3,1,2,US-41,NA,99998,28.02241111,-82.45951111,0,8,0,0,1,1,0,1,3,1,0,1,0,0,99,99,99,99,99,99,0,0,0,1,0
12,121284,0,1,5,60,1,0,0,0,610,0,3,7,3,7,8,7,8,8,8,8,600,0,12,1,1,0,1,1,1,1,57,2950,24,4,2017,2,21,23,1,2,3,1,3,SR-580,NA,99998,27.99621944,-82.51125833,0,8,0,0,1,1,0,1,3,10,0,10,0,0,99,98,99,98,99,98,0,0,0,1,0
12,121289,0,1,5,25,2,1,0,0,770,0,1,7,2,7,4,7,1,3,1,1b,750,0,12,1,1,0,1,1,1,1,57,0,15,5,2017,2,20,0,0,2,6,98,8,50TH ST,NA,99998,28.06334722,-82.40187778,0,8,0,0,1,1,0,1,5,1,0,1,0,0,99,99,99,99,88,88,0,0,0,1,0
12,121291,0,1,5,43,1,0,0,0,311,0,3,7,3,7,8,7,8,8,8,8,310,0,12,2,1,1,1,1,1,1,5,0,17,5,2017,4,10,50,9,8,98,98,4,CR-392,NA,99998,30.15546111,-85.77063889,0,8,0,0,1,1,4,1,1,1,0,1,0,0,99,99,99,99,99,99,0,0,0,1,0
12,121292,0,1,5,56,2,0,1,0,610,0,3,7,3,7,8,7,8,8,8,8,600,0,12,1,1,0,1,1,1,1,31,1510,15,6,2017,5,6,45,0,2,7,98,6,KINLOCK DR,NA,99998,30.37813889,-81.73223056,0,8,0,0,1,1,0,1,1,1,0,1,0,0,99,99,99,99,88,88,0,0,0,1,0
12,121297,0,1,5,74,2,0,0,0,781,0,2,7,3,7,9,7,4,1,2,12c,790,0,12,1,1,0,1,1,1,1,31,1510,17,6,2017,7,10,40,0,2,4,98,6,MERRILL RD,2800 ROGERO RD,99998,30.3519,-81.5897,0,8,0,0,3,2,0,1,1,1,0,1,0,0,99,99,99,99,99,99,0,0,0,1,0
12,121310,0,1,5,48,1,0,0,0,760,0,3,7,3,7,8,7,8,8,8,8,750,0,12,2,2,0,1,1,3,3,109,0,7,6,2017,4,1,45,1,2,3,1,3,SR-16,NA,99998,29.91644722,-81.348625,0,8,0,0,8,1,0,1,2,1,0,1,0,0,99,99,99,99,88,88,0,0,0,1,0
12,121317,0,1,5,42,1,0,0,0,680,0,3,7,3,7,8,7,8,8,8,8,990,0,12,1,1,0,2,2,3,3,71,0,15,6,2017,5,23,35,1,2,3,1,3,SR-739,NA,99998,26.56943889,-81.85304722,0,8,0,0,1,1,0,1,2,1,0,1,0,0,99,99,99,99,99,99,0,0,0,1,1
12,121317,0,2,5,26,2,0,0,0,680,0,3,7,3,7,8,7,8,8,8,8,990,0,12,1,1,0,2,2,3,3,71,0,15,6,2017,5,23,35,1,2,3,1,3,SR-739,NA,99998,26.56943889,-81.85304722,0,8,0,0,1,1,0,1,2,1,0,1,0,0,99,99,99,99,99,99,0,0,0,1,1
12,121322,0,1,5,51,1,0,0,0,680,0,3,7,3,7,8,7,8,8,8,8,990,0,12,1,1,0,1,1,1,1,86,2010,23,5,2017,3,21,45,0,2,4,98,6,62ND ST,NA,99998,25.831975,-80.2181,0,8,0,0,1,1,0,1,2,1,0,1,0,0,99,99,99,99,99,99,0,0,0,1,0
12,121334,0,1,8,57,1,0,0,0,760,0,3,7,3,7,8,7,8,8,8,8,750,0,12,1,1,0,1,1,1,1,63,0,16,6,2017,6,20,33,0,1,6,98,4,CR-162,NA,99998,30.89528056,-85.40875,0,15,0,0,1,1,0,1,2,1,0,1,0,0,99,99,99,99,99,99,0,0,0,1,0
12,121337,0,1,5,52,1,0,0,0,760,0,3,7,3,7,8,7,8,8,8,8,750,0,12,3,2,1,1,1,2,2,1,0,17,6,2017,7,18,36,1,1,1,1,1,I-75,NA,99998,29.86150833,-82.54023333,0,12,1,0,1,1,0,1,1,10,0,10,0,0,99,99,99,99,99,99,0,0,0,1,0
12,121343,0,1,5,49,1,0,0,0,760,0,3,7,3,7,8,7,8,8,8,8,750,0,12,1,1,0,1,1,6,6,57,2950,24,6,2017,7,22,25,9,8,98,98,9,HILLSBOROUGH AVE,NA,99998,27.99614722,-82.49675278,0,8,0,0,1,1,0,1,3,1,0,1,0,0,99,99,99,99,88,88,0,0,0,1,0
12,121344,0,1,5,19,1,0,0,0,910,0,3,7,3,7,8,7,8,8,8,8,910,0,12,1,1,0,1,1,1,1,127,810,7,6,2017,4,23,7,9,8,98,98,2,US-92,NA,99998,29.22185,-81.00601944,0,8,0,0,1,1,0,1,2,10,0,10,0,0,99,99,99,99,88,88,0,0,0,1,0
12,121348,0,1,5,45,1,0,0,0,760,0,3,7,3,7,8,7,8,8,8,8,750,0,12,4,4,0,1,1,4,4,31,1510,15,6,2017,5,5,10,1,2,1,1,1,I-95,NA,99998,30.43173333,-81.65599722,0,8,0,0,1,1,0,1,3,1,0,1,0,0,99,99,99,99,88,88,0,0,0,1,0
12,121357,0,1,5,22,1,0,1,0,680,0,3,7,5,7,8,7,8,8,8,8,990,0,12,1,1,0,1,1,1,1,1,1130,11,2,2017,7,21,29,9,8,98,98,9,37TH BLVD,NA,99998,29.61677778,-82.38708889,0,33,0,0,1,1,0,4,3,1,0,1,0,0,99,99,99,99,99,99,0,0,0,1,1
12,121359,0,1,5,51,2,1,1,0,741,0,1,7,2,7,4,7,3,3,2,3a,740,0,12,1,1,0,1,1,1,1,99,330,25,6,2017,1,2,10,0,2,4,98,4,CR-807,GATEWAY BLVD,99998,26.54661667,-80.09053611,0,8,0,0,2,2,0,1,3,1,0,1,0,0,99,99,99,99,88,88,0,0,0,1,0
12,121360,0,1,5,59,1,0,0,0,410,0,3,7,3,7,8,7,8,8,8,8,400,0,12,1,1,0,1,1,1,1,5,0,22,6,2017,5,20,50,1,2,3,1,2,US-98,NA,99998,30.16998056,-85.59121667,0,8,0,0,1,1,0,1,2,1,0,1,0,0,99,99,99,99,88,88,0,0,0,1,0
12,121362,0,1,8,69,1,1,0,0,770,0,3,7,2,7,8,7,8,8,8,8,750,0,12,1,1,0,1,1,1,1,57,0,24,6,2017,7,7,8,0,2,4,98,6,CR-582A,NA,99998,28.06920278,-82.43139722,0,15,0,0,1,1,0,1,1,1,0,1,0,0,99,99,99,99,99,99,0,0,0,1,1
12,121375,0,1,8,97,1,1,1,0,760,0,1,7,2,7,9,7,3,3,1,1c,750,0,12,1,1,0,1,1,1,1,49,3120,30,5,2017,3,15,54,1,2,3,1,2,US-17,SR-35,99998,27.53644167,-81.81759722,0,15,0,1,2,2,0,1,1,1,0,1,0,0,99,99,99,99,99,99,0,0,0,1,0
12,121377,0,1,5,998,9,0,0,0,459,0,3,7,3,7,8,7,8,8,8,8,400,0,12,2,2,0,1,1,2,2,11,2570,24,6,2017,7,23,49,1,2,3,1,2,US-1,NA,99998,26.21816667,-80.10523056,0,8,0,0,1,1,0,1,3,1,0,1,0,0,99,99,99,99,88,88,0,0,0,1,0
12,121389,0,1,5,37,2,0,0,0,760,0,3,7,3,7,8,7,8,8,8,8,750,0,12,1,1,0,1,1,2,2,5,2450,5,7,2017,4,20,43,1,2,3,1,2,US-98,NA,99998,30.18071667,-85.71808889,0,8,0,0,1,1,0,1,3,1,0,1,0,0,99,99,99,99,88,88,0,0,0,1,0
12,121394,0,1,5,49,1,0,0,0,741,0,3,7,3,7,8,7,8,8,8,8,740,0,12,1,1,0,1,1,4,4,35,2439,30,6,2017,6,23,30,1,2,1,1,1,I-95,NA,99998,29.55247222,-81.21820833,0,8,0,0,1,1,0,1,2,10,0,10,0,0,99,99,99,99,88,88,0,0,0,1,0
12,121397,0,1,5,70,1,0,0,0,760,0,3,7,3,7,8,7,8,8,8,8,750,0,12,1,1,0,1,1,1,1,11,2260,28,3,2017,3,21,42,9,8,98,98,3,SR-811,NA,99998,26.1857,-80.13475556,0,8,0,0,1,1,0,1,3,1,0,1,0,0,99,99,99,99,99,99,0,0,0,1,0
12,121398,0,1,8,998,8,1,1,0,690,0,1,7,2,7,9,7,2,3,2,3c,990,0,12,1,1,0,1,1,1,1,111,1080,30,5,2017,3,22,48,9,8,98,98,9,AVENUE D,29TH ST,99998,27.45296111,-80.353925,0,15,0,0,2,2,0,1,3,1,0,1,0,0,99,99,99,99,99,99,0,0,0,1,0
12,121404,0,1,5,58,1,0,0,0,313,0,3,7,3,7,8,7,8,8,8,8,600,0,12,1,1,0,1,1,1,1,11,2570,21,6,2017,4,22,49,1,2,1,1,1,I-95,NA,99998,26.25410556,-80.13683611,0,8,0,0,1,1,0,1,2,1,0,1,0,0,99,99,99,99,88,88,0,0,0,1,0
12,121405,0,1,5,21,2,0,1,0,313,0,2,7,3,7,4,7,3,3,2,4a,600,0,12,1,1,0,1,1,1,1,33,0,7,7,2017,6,23,12,0,2,4,1,3,SR-291,BREWSTER ST,99998,30.53197778,-87.20685833,0,8,0,0,3,3,0,1,2,1,0,1,0,0,99,99,99,99,99,99,0,0,0,1,0
12,121408,0,1,5,998,2,0,1,0,690,0,1,7,2,7,9,7,1,3,1,1c,990,0,12,1,1,0,1,1,1,1,11,1050,26,6,2017,2,2,55,1,2,3,1,3,SR-845,65TH ST,99998,26.20712778,-80.15591944,0,8,0,0,2,3,0,1,2,1,0,1,0,0,99,99,99,99,88,88,0,0,0,1,0
12,121411,0,1,5,998,1,0,1,0,140,0,3,7,3,7,8,7,8,8,8,8,100,0,12,2,2,0,1,1,3,3,11,1050,1,7,2017,7,18,35,0,2,4,1,3,SR-842,NA,99998,26.12021389,-80.11115278,0,12,7,0,1,1,0,1,1,10,0,10,0,0,99,99,99,99,99,99,0,0,0,1,0
12,121412,0,1,5,62,1,0,1,0,620,0,3,7,3,7,8,7,8,8,8,8,600,0,12,1,1,0,1,1,1,1,83,2270,2,7,2017,1,18,22,1,2,3,1,2,US-27,NA,99998,29.105,-82.0843,0,8,0,0,1,1,0,1,1,10,0,10,0,0,99,99,99,99,88,88,0,0,0,1,0
12,121413,0,1,5,62,1,0,0,0,760,0,1,7,1,7,4,7,3,3,2,4a,750,0,12,2,2,0,1,1,3,3,123,0,3,7,2017,2,21,28,1,1,3,1,2,US-19,BEACH RD,99998,30.051175,-83.55168889,0,8,0,0,2,3,0,1,2,1,0,1,0,0,99,99,99,99,88,88,0,0,0,1,0
12,121419,0,1,5,82,1,1,1,0,791,0,1,7,2,7,3,7,3,2,2,7a,790,0,12,1,1,0,1,1,1,1,86,1340,19,6,2017,2,10,33,0,2,4,98,6,9TH ST,1ST AVE,99998,25.83002222,-80.27970278,0,8,0,0,3,2,0,1,1,2,0,2,0,0,99,99,99,99,99,99,0,0,0,1,0
12,121428,0,1,5,82,2,1,0,0,781,0,1,7,2,7,3,7,1,1,2,11b,790,0,12,1,1,0,2,2,1,1,86,2010,10,1,2017,3,19,40,0,2,7,98,6,2ND TER,37TH AVE,99998,25.77456944,-80.25555278,0,8,0,0,2,2,0,1,3,10,0,10,0,0,99,99,99,99,99,99,0,0,0,1,0
12,121428,0,2,5,66,2,1,0,0,781,0,1,7,2,7,3,7,1,1,2,11b,790,0,12,1,1,0,2,2,1,1,86,2010,10,1,2017,3,19,40,0,2,7,98,6,2ND TER,37TH AVE,99998,25.77456944,-80.25555278,0,8,0,0,2,2,0,1,3,10,0,10,0,0,99,99,99,99,99,99,0,0,0,1,0
12,121429,0,1,5,51,1,0,0,0,760,0,3,7,3,7,8,7,8,8,8,8,750,0,12,1,1,0,1,1,1,1,81,340,18,2,2017,7,19,56,9,8,98,98,3,SR-64,NA,99998,27.49636389,-82.53549167,0,8,0,0,1,1,0,1,3,1,0,1,0,0,99,99,99,99,99,99,0,0,0,1,0
12,121430,0,1,5,57,2,0,0,0,760,0,3,7,3,7,8,7,8,8,8,8,750,0,12,1,1,0,1,1,1,1,86,2010,13,3,2017,2,20,34,0,2,4,1,3,SR-968,18TH AVE,99998,25.77183056,-80.22481667,0,8,0,0,3,2,0,1,1,1,0,1,0,0,99,99,99,99,99,99,0,0,0,1,0
12,121431,0,1,5,39,1,0,0,0,760,0,3,7,3,7,8,7,8,8,8,8,750,0,12,1,1,0,1,1,2,2,69,2970,12,7,2017,4,20,46,1,2,3,1,2,US-441,NA,99998,28.82177778,-81.70813889,0,8,0,0,1,1,0,1,3,1,0,1,0,0,99,99,99,99,99,99,0,0,0,1,0
12,121435,0,1,5,998,8,0,1,0,760,0,3,7,3,7,8,7,8,8,8,8,750,0,12,1,1,0,1,1,1,1,11,2260,13,7,2017,5,23,9,1,2,3,1,3,SR-816,NA,99998,26.16578889,-80.16728333,0,8,0,0,1,1,0,1,3,1,0,1,0,0,99,99,99,99,99,99,0,0,0,1,0
12,121439,0,1,5,52,1,0,0,0,760,0,3,7,3,7,8,7,8,8,8,8,750,0,12,1,1,0,1,1,1,1,109,0,4,6,2017,1,4,0,1,2,3,1,2,US-1,NA,99998,29.87702222,-81.32433056,0,8,0,0,1,1,0,1,2,10,0,10,0,0,99,99,99,99,88,88,0,0,0,1,0
12,121443,0,1,5,28,1,0,0,0,760,0,3,7,3,7,8,7,8,8,8,8,750,0,12,1,1,0,1,1,1,1,31,0,9,7,2017,1,1,0,1,2,3,1,2,US-17,NA,99998,30.43196111,-81.6443,0,8,0,0,1,1,0,1,3,10,0,10,0,0,99,99,99,99,99,99,0,0,0,1,0