STATE.x,ST_CASE,VEH_NO,PER_NO,PBPTYPE,PBAGE,PBSEX,PBCWALK,PBSWALK,PBSZONE,PEDCTYPE,BIKECTYPE,PEDLOC,BIKELOC,PEDPOS,BIKEPOS,PEDDIR,BIKEDIR,MOTDIR,MOTMAN,PEDLEG,PEDSNR,PEDCGP,BIKECGP,STATE.y,VE_TOTAL,VE_FORMS,PVH_INVL,PEDS,PERNOTMVIT,PERMVIT,PERSONS,COUNTY,CITY,DAY,MONTH,YEAR,DAY_WEEK,HOUR,MINUTE,NHS,RUR_URB,FUNC_SYS,RD_OWNER,ROUTE,TWAY_ID,TWAY_ID2,MILEPT,LATITUDE,LONGITUD,SP_JUR,HARM_EV,MAN_COLL,RELJCT1,RELJCT2,TYP_INT,WRK_ZONE,REL_ROAD,LGT_COND,WEATHER1,WEATHER2,WEATHER,SCH_BUS,RAIL,NOT_HOUR,NOT_MIN,ARR_HOUR,ARR_MIN,HOSP_HR,HOSP_MN,CF1,CF2,CF3,FATALS,DRUNK_DR
12,121450,0,1,5,57,2,0,1,0,459,0,3,7,5,7,8,7,8,8,8,8,400,0,12,3,3,0,4,4,9,9,11,1782,8,6,2017,5,12,7,1,2,3,1,2,US-441,NA,99998,26.14231111,-80.20258333,0,12,1,0,1,1,0,1,1,10,0,10,0,0,99,99,99,99,99,99,0,0,0,1,0
12,121450,0,2,5,998,2,0,1,0,459,0,3,7,5,7,8,7,8,8,8,8,400,0,12,3,3,0,4,4,9,9,11,1782,8,6,2017,5,12,7,1,2,3,1,2,US-441,NA,99998,26.14231111,-80.20258333,0,12,1,0,1,1,0,1,1,10,0,10,0,0,99,99,99,99,99,99,0,0,0,1,0
12,121450,0,3,5,45,1,0,1,0,459,0,3,7,5,7,8,7,8,8,8,8,400,0,12,3,3,0,4,4,9,9,11,1782,8,6,2017,5,12,7,1,2,3,1,2,US-441,NA,99998,26.14231111,-80.20258333,0,12,1,0,1,1,0,1,1,10,0,10,0,0,99,99,99,99,99,99,0,0,0,1,0
12,121450,0,4,5,63,2,0,1,0,459,0,3,7,5,7,8,7,8,8,8,8,400,0,12,3,3,0,4,4,9,9,11,1782,8,6,2017,5,12,7,1,2,3,1,2,US-441,NA,99998,26.14231111,-80.20258333,0,12,1,0,1,1,0,1,1,10,0,10,0,0,99,99,99,99,99,99,0,0,0,1,0
12,121452,0,1,5,70,1,0,1,0,690,0,2,7,3,7,4,7,3,3,2,4a,990,0,12,1,1,0,1,1,2,2,33,0,3,7,2017,2,21,45,1,2,3,1,2,US-90,MIKES LN,99998,30.46106944,-87.30093889,0,8,0,0,3,3,0,1,2,1,0,1,0,0,99,99,99,99,99,99,0,0,0,1,0
12,121454,0,1,5,51,1,0,0,0,760,0,3,7,3,7,8,7,8,8,8,8,750,0,12,1,1,0,1,1,2,2,1,0,24,6,2017,7,20,18,1,2,3,1,3,SR-20,NA,99998,29.63842222,-82.27953889,0,8,0,0,1,1,0,1,5,1,0,1,0,0,99,99,99,99,99,99,0,0,0,1,0
12,121460,0,1,5,55,1,0,0,0,741,0,1,7,2,7,3,7,4,3,2,3b,740,0,12,1,1,0,1,1,1,1,31,1510,3,7,2017,2,21,15,0,2,4,1,3,SR-134,BRANNON AVE,99998,30.24805833,-81.78760833,0,8,0,0,2,2,0,1,3,1,0,1,0,0,99,99,99,99,88,88,0,0,0,1,0
12,121467,0,1,5,998,2,0,1,0,760,0,3,7,3,7,8,7,8,8,8,8,750,0,12,1,1,0,2,2,3,3,115,2780,14,5,2017,1,22,58,0,2,5,1,3,SR-758,NA,99998,27.302725,-82.53740556,0,8,0,0,1,1,0,1,3,1,0,1,0,0,99,99,99,99,99,99,0,0,0,1,0
12,121467,0,2,5,16,1,0,1,0,760,0,3,7,3,7,8,7,8,8,8,8,750,0,12,1,1,0,2,2,3,3,115,2780,14,5,2017,1,22,58,0,2,5,1,3,SR-758,NA,99998,27.302725,-82.53740556,0,8,0,0,1,1,0,1,3,1,0,1,0,0,99,99,99,99,99,99,0,0,0,1,0
12,121468,0,1,5,61,2,0,1,0,760,0,3,7,3,7,8,7,8,8,8,8,750,0,12,1,1,0,1,1,1,1,57,0,18,7,2017,3,22,38,0,2,4,98,4,CR-584,NA,99998,28.02595278,-82.56397778,0,8,0,0,1,1,0,1,3,10,0,10,0,0,99,99,99,99,88,88,0,0,0,1,0
12,121470,0,1,5,56,1,0,1,0,680,0,3,7,3,7,8,7,8,8,8,8,990,0,12,1,1,0,1,1,1,1,31,1510,18,7,2017,3,0,41,1,2,3,1,2,US-90,NA,99998,30.28764444,-81.46878889,0,8,0,0,1,1,0,1,3,10,0,10,0,0,99,99,99,99,99,99,0,0,0,1,0
12,121471,0,1,5,60,1,0,1,0,760,0,3,7,3,7,8,7,8,8,8,8,750,0,12,1,1,0,1,1,2,2,95,0,29,6,2017,5,23,11,1,2,3,1,3,SR-50,NA,99998,28.55208333,-81.47578333,0,8,0,0,1,1,0,1,3,2,0,2,0,0,99,99,99,99,99,99,0,0,0,1,0
12,121477,0,1,5,58,1,0,0,0,760,0,3,7,3,7,8,7,8,8,8,8,750,0,12,1,1,0,1,1,1,1,127,0,12,6,2017,2,18,10,1,2,3,1,2,US-1,NA,99998,29.31187222,-81.10159722,0,8,0,0,1,1,0,1,1,2,0,2,0,0,99,99,99,99,99,99,0,0,0,1,0
12,121483,0,1,5,24,1,0,0,0,760,0,3,7,3,7,8,7,8,8,8,8,750,0,12,1,1,0,1,1,1,1,89,1010,19,6,2017,2,16,37,0,2,5,98,6,14TH ST,NA,99998,30.63889722,-81.45592778,0,8,0,0,1,1,0,1,1,1,0,1,0,0,99,99,99,99,99,99,0,0,0,1,0
12,121485,0,1,5,46,1,0,0,0,760,0,1,7,2,7,9,7,2,3,2,3d,750,0,12,1,1,0,1,1,1,1,57,2950,1,7,2017,7,4,20,0,2,7,98,6,2ND AVE,25TH ST,99998,27.95664167,-82.43103611,0,8,0,0,2,3,0,1,3,1,0,1,0,0,99,99,99,99,88,88,0,0,0,1,0
12,121489,0,1,5,22,2,0,0,0,160,0,4,7,8,7,8,7,8,8,8,8,100,0,12,1,1,0,1,1,1,1,127,0,15,7,2017,7,1,5,0,1,7,98,8,LAKE CHARLES RD,NA,99998,29.03245556,-81.25935556,0,8,0,0,1,1,0,5,3,1,0,1,0,0,99,99,99,99,99,99,20,0,0,1,0
12,121494,0,1,5,41,1,1,1,0,792,0,1,7,2,7,9,7,2,2,2,7c,790,0,12,1,1,0,1,1,1,1,31,1510,1,7,2017,7,21,58,1,2,2,1,3,SR-115,OLD BAYMEADOWS RD,99998,30.22080278,-81.55201111,0,8,0,0,3,2,0,1,3,1,0,1,0,0,99,99,99,99,99,99,0,0,0,1,0
12,121511,0,1,5,34,2,0,0,0,760,0,3,7,3,7,8,7,8,8,8,8,750,0,12,1,1,0,1,1,1,1,31,1510,2,7,2017,1,23,21,1,2,3,1,2,US-1,NA,99998,30.47441111,-81.78068056,0,8,0,0,1,1,0,1,2,1,0,1,0,0,99,99,99,99,88,88,0,0,0,1,0
12,121514,0,1,5,53,2,0,0,0,760,0,2,7,3,7,2,7,3,3,2,4b,750,0,12,1,1,0,1,1,1,1,95,0,5,6,2017,2,5,10,1,2,3,1,3,SR-436,NA,99998,28.56194444,-81.31082778,0,8,0,0,1,1,0,1,2,1,0,1,0,0,99,99,99,99,99,99,0,0,0,1,0
12,121518,0,1,5,47,1,0,1,0,410,0,3,7,3,7,8,7,8,8,8,8,400,0,12,1,1,0,1,1,1,1,33,0,22,6,2017,5,5,5,0,2,4,1,2,US-90,NA,99998,30.53913056,-87.19778889,0,8,0,0,1,1,0,1,2,10,0,10,0,0,99,99,99,99,88,88,0,0,0,1,0
12,121530,0,1,5,78,1,0,0,0,760,0,3,7,3,7,8,7,8,8,8,8,750,0,12,1,1,0,1,1,1,1,86,1340,19,6,2017,2,6,36,0,2,7,98,6,12TH AVE,NA,99998,25.88528333,-80.30768611,0,8,0,0,1,1,0,1,4,10,0,10,0,0,99,99,99,99,99,99,0,0,0,1,0
12,121538,0,1,5,46,2,0,1,0,680,0,3,7,3,7,8,7,8,8,8,8,990,0,12,1,1,0,1,1,1,1,75,370,14,7,2017,6,21,6,1,1,3,1,2,US-27,NA,99998,29.44471111,-82.63586944,0,8,0,0,1,1,0,1,3,1,0,1,0,0,99,99,99,99,88,88,0,0,0,1,0
12,121543,0,1,5,54,1,0,0,0,741,0,3,7,3,7,8,7,8,8,8,8,740,0,12,1,1,0,1,1,1,1,103,0,22,7,2017,7,23,33,1,2,3,1,3,SR-688,NA,99998,27.89388889,-82.72083056,0,8,0,0,1,1,0,1,3,1,0,1,0,0,99,99,99,99,88,88,0,0,0,1,0
12,121553,0,1,5,998,9,0,0,0,760,0,3,7,3,7,8,7,8,8,8,8,750,0,12,1,1,0,1,1,1,1,97,1590,17,7,2017,2,19,45,0,2,4,98,6,FORTUNE RD,NA,99998,28.30432222,-81.35463056,0,8,0,0,1,1,0,1,1,2,0,2,0,0,99,99,99,99,99,99,0,0,0,1,0
12,121554,0,1,5,998,9,0,1,0,620,0,3,7,3,7,8,7,8,8,8,8,600,0,12,1,1,0,1,1,1,1,97,1590,21,7,2017,6,23,56,1,2,3,1,2,US-192,NA,99998,28.30444167,-81.44872778,0,8,0,0,1,1,0,1,3,1,0,1,0,0,99,99,99,99,88,88,0,0,0,1,0
12,121561,0,1,5,62,1,0,0,0,760,0,3,7,3,7,8,7,8,8,8,8,750,0,12,1,1,0,1,1,1,1,11,2083,16,7,2017,1,4,14,1,2,2,1,3,SR-821,NA,99998,25.96325,-80.33388056,0,8,0,0,1,1,0,1,2,1,0,1,0,0,99,99,99,99,88,88,0,0,0,1,0
12,121563,0,1,5,53,1,0,0,0,760,0,2,7,3,7,2,7,3,3,1,2b,750,0,12,1,1,0,1,1,2,2,31,1510,29,7,2017,7,18,47,1,2,3,1,2,US-1,UNION ST,99998,30.33252222,-81.65641111,0,8,0,0,3,2,0,1,1,1,0,1,0,0,99,99,99,99,99,99,0,0,0,1,1
12,121564,0,1,5,46,1,0,0,0,320,0,3,7,4,7,8,7,8,8,8,8,350,0,12,3,1,2,2,8,1,7,83,0,14,7,2017,6,12,20,1,1,1,1,1,I-75,NA,99998,29.47605,-82.28045,0,14,0,0,1,1,4,2,1,10,0,10,0,0,99,99,99,99,99,99,15,0,0,1,0
12,121564,0,2,5,38,1,0,0,0,320,0,3,7,4,7,8,7,8,8,8,8,350,0,12,3,1,2,2,8,1,7,83,0,14,7,2017,6,12,20,1,1,1,1,1,I-75,NA,99998,29.47605,-82.28045,0,14,0,0,1,1,4,2,1,10,0,10,0,0,99,99,99,99,99,99,15,0,0,1,0
12,121566,0,1,5,55,1,0,1,0,680,0,3,7,3,7,8,7,8,8,8,8,990,0,12,1,1,0,1,1,1,1,31,1510,30,7,2017,1,22,6,0,2,4,1,3,SR-A1A,NA,99998,30.3643,-81.4235,0,8,0,0,1,1,0,1,3,1,0,1,0,0,99,99,99,99,88,88,0,0,0,1,0
12,121570,0,1,5,53,2,0,0,0,770,0,3,7,3,7,8,7,8,8,8,8,750,0,12,1,1,0,1,1,1,1,86,2020,16,7,2017,1,3,37,1,2,3,1,3,SR-A1A,38TH ST,99998,25.81118056,-80.12328889,0,8,0,0,3,2,0,1,3,1,0,1,0,0,99,99,99,99,99,99,0,0,0,1,0
12,121571,0,1,5,34,2,0,0,0,760,0,3,7,3,7,8,7,8,8,8,8,750,0,12,1,1,0,1,1,1,1,1,1130,26,7,2017,4,22,57,1,2,3,1,3,SR-24,NA,99998,29.652,-82.32166667,0,8,0,0,1,1,0,1,3,1,0,1,0,0,99,99,99,99,99,99,0,0,0,1,0
12,121574,0,1,5,66,1,0,0,0,760,0,3,7,3,7,8,7,8,8,8,8,750,0,12,1,1,0,1,1,2,2,31,1510,28,7,2017,6,2,25,1,2,3,1,2,US-1,NA,99998,30.27845556,-81.62718611,0,8,0,0,1,1,0,1,3,2,0,2,0,0,99,99,99,99,99,99,0,0,0,1,0
12,121575,0,1,5,998,1,0,1,0,313,0,2,7,3,7,9,7,2,1,2,12c,600,0,12,1,1,0,1,1,1,1,97,1590,27,7,2017,5,21,40,1,2,3,1,2,US-17,MAIN ST,99998,28.30815278,-81.40365,0,8,0,0,3,3,0,1,2,1,0,1,0,0,99,99,99,99,99,99,0,0,0,1,0
12,121597,0,1,8,74,1,1,1,0,791,0,1,7,2,7,4,7,2,2,2,7b,790,0,12,1,1,0,1,1,1,1,57,0,26,7,2017,4,13,53,1,2,3,1,3,SR-574,LAKEWOOD DR,99998,27.98163056,-82.31051944,0,15,0,0,3,2,0,1,1,1,0,1,0,0,99,99,99,99,99,99,0,0,0,1,0
12,121599,0,1,5,25,1,0,0,0,410,0,3,7,3,7,8,7,8,8,8,8,400,0,12,1,1,0,1,1,1,1,101,0,8,7,2017,7,2,5,1,1,3,1,2,US-301,NA,99998,28.47726111,-82.17888333,0,8,0,0,1,1,0,1,2,1,0,1,0,0,99,99,99,99,99,99,0,0,0,1,0
12,121603,0,1,5,47,2,0,0,0,760,0,3,7,3,7,8,7,8,8,8,8,750,0,12,1,1,0,1,1,1,1,86,0,2,7,2017,1,3,9,1,2,1,1,1,I-95,NA,99998,25.92685,-80.20715,0,8,0,1,20,1,0,1,2,1,0,1,0,0,99,99,99,99,88,88,0,0,0,1,0
12,121604,0,1,5,29,1,1,1,0,760,0,1,7,2,7,3,7,2,3,2,3a,750,0,12,1,1,0,1,1,2,2,95,0,14,6,2017,4,22,9,0,2,4,98,8,CR-526,MERCY DRIVE,99998,28.54726111,-81.430225,0,8,0,0,2,2,0,1,3,1,0,1,0,0,99,99,99,99,99,99,0,0,0,1,0
12,121612,0,1,5,52,2,0,1,0,760,0,3,7,3,7,8,7,8,8,8,8,750,0,12,1,1,0,1,1,1,1,33,0,15,7,2017,7,22,31,1,2,3,1,2,US-29,NA,99998,30.47106944,-87.24516944,0,8,0,0,1,1,0,1,2,1,0,1,0,0,99,99,99,99,99,99,0,0,0,1,1
12,121618,0,1,5,58,1,0,0,0,760,0,2,7,3,7,2,7,1,3,1,2a,750,0,12,1,1,0,2,2,1,1,127,810,2,8,2017,4,23,16,1,2,4,1,2,US-17,SOUTH ST,99998,29.05099167,-81.30420833,0,8,0,0,2,2,0,1,2,1,0,1,0,0,99,99,99,99,99,99,0,0,0,1,0
12,121618,0,2,5,50,1,0,0,0,760,0,2,7,3,7,2,7,1,3,1,2a,750,0,12,1,1,0,2,2,1,1,127,810,2,8,2017,4,23,16,1,2,4,1,2,US-17,SOUTH ST,99998,29.05099167,-81.30420833,0,8,0,0,2,2,0,1,2,1,0,1,0,0,99,99,99,99,99,99,0,0,0,1,0
12,121622,0,1,5,62,1,0,0,0,680,0,3,7,3,7,8,7,8,8,8,8,990,0,12,1,1,0,1,1,2,2,111,1080,13,5,2017,7,21,36,9,8,98,98,9,US-1,NA,99998,27.43033611,-80.32590556,0,8,0,0,1,1,0,1,3,1,0,1,0,0,99,99,99,99,99,99,0,0,0,1,0
12,121626,0,1,5,58,1,0,1,0,680,0,3,7,3,7,8,7,8,8,8,8,990,0,12,1,1,0,1,1,1,1,95,0,1,8,2017,3,20,43,9,8,98,98,3,SR-50,NA,99998,28.55238889,-81.45936111,0,8,0,0,1,1,0,1,3,1,0,1,0,0,99,99,99,99,99,99,0,0,0,1,0
12,121639,0,1,5,54,1,0,0,0,760,0,3,7,3,7,8,7,8,8,8,8,750,0,12,1,1,0,1,1,2,2,9,1990,7,8,2017,2,22,34,1,2,3,1,3,SR-518,NA,99998,28.13734722,-80.60278889,0,8,0,0,1,1,0,1,3,1,0,1,0,0,99,99,99,99,99,99,0,0,0,1,0
12,121643,0,1,5,59,1,0,0,0,230,0,3,7,3,7,8,7,8,8,8,8,100,0,12,2,2,0,1,1,5,5,127,0,11,7,2017,3,1,30,1,2,1,1,1,I-95,NA,99998,29.38453889,-81.14671111,0,8,0,0,1,1,0,1,2,1,0,1,0,0,99,99,99,99,99,99,19,0,0,1,0
12,121652,0,1,5,18,1,1,1,0,760,0,1,7,2,7,2,7,1,3,1,1a,750,0,12,1,1,0,2,2,1,1,103,0,31,7,2017,2,3,46,1,2,3,1,2,US-19,CR-816,99998,28.0936,-82.73946944,0,8,0,0,3,2,0,1,3,10,0,10,0,0,99,99,99,99,99,99,0,0,0,1,0
12,121652,0,2,5,18,2,1,1,0,760,0,1,7,2,7,2,7,1,3,1,1a,750,0,12,1,1,0,2,2,1,1,103,0,31,7,2017,2,3,46,1,2,3,1,2,US-19,CR-816,99998,28.0936,-82.73946944,0,8,0,0,3,2,0,1,3,10,0,10,0,0,99,99,99,99,99,99,0,0,0,1,0
12,121663,0,1,5,40,2,0,0,0,760,0,3,7,3,7,8,7,8,8,8,8,750,0,12,1,1,0,1,1,2,2,63,0,15,7,2017,7,5,9,9,8,98,98,2,US-231,NA,99998,30.8413,-85.34648056,0,8,0,0,1,1,0,1,2,10,0,10,0,0,99,99,99,99,88,88,0,0,0,1,0
12,121673,0,1,8,998,1,1,0,0,760,0,1,7,2,7,2,7,1,3,1,1a,750,0,12,1,1,0,1,1,1,1,86,2023,12,7,2017,4,12,46,9,8,98,98,9,47TH AVE,199TH ST,99998,25.95405278,-80.27818889,0,15,0,0,2,2,0,1,1,1,0,1,0,0,99,99,99,99,99,99,0,0,0,1,0
12,121675,0,1,5,57,2,0,0,0,410,0,3,7,3,7,8,7,8,8,8,8,400,0,12,1,1,0,1,1,2,2,103,2530,3,7,2017,2,21,0,0,2,4,98,4,CR-216,NA,99998,27.8283,-82.70872778,0,8,0,0,1,1,0,1,3,1,0,1,0,0,99,99,99,99,88,88,0,0,0,1,0
12,121678,0,1,5,54,1,0,1,0,680,0,3,7,3,7,8,7,8,8,8,8,990,0,12,2,2,0,1,1,2,2,86,1340,18,7,2017,3,16,36,9,8,98,98,9,10TH AVE,NA,99998,25.83475,-80.26167778,0,8,0,0,1,1,0,11,1,10,0,10,0,0,99,99,99,99,99,99,0,0,0,1,0
12,121679,0,1,5,51,1,1,1,0,781,0,1,7,2,7,9,7,2,1,9,99,790,0,12,1,1,0,1,1,1,1,103,2730,28,7,2017,6,8,34,0,2,7,98,6,8TH ST,1ST AVE,99998,27.77041111,-82.64481389,0,8,0,0,3,2,0,1,1,1,0,1,0,0,99,99,99,99,99,99,0,0,0,1,0
12,121683,0,1,5,37,1,0,0,0,680,0,3,7,3,7,8,7,8,8,8,8,990,0,12,1,1,0,1,1,1,1,89,430,16,7,2017,1,13,8,1,1,3,1,2,US-1,NA,99998,30.58408333,-81.83164167,0,8,0,0,1,1,0,1,1,8,0,8,0,0,99,99,99,99,88,88,0,0,0,1,0
12,121688,0,1,5,38,2,0,0,0,760,0,3,7,3,7,8,7,8,8,8,8,750,0,12,1,1,0,1,1,2,2,57,0,24,6,2017,7,21,49,9,8,98,98,3,SR-583,NA,99998,28.01283056,-82.3934,0,8,0,0,1,1,0,1,3,1,0,1,0,0,99,99,99,99,99,99,0,0,0,1,0
12,121689,0,1,5,69,1,0,0,0,760,0,3,7,3,7,8,7,8,8,8,8,750,0,12,1,1,0,1,1,1,1,57,0,30,6,2017,6,22,40,1,2,3,1,3,SR-60,NA,99998,27.93778056,-82.28711944,0,8,0,0,1,1,0,1,3,2,0,2,0,0,99,99,99,99,88,88,0,0,0,1,0
12,121690,0,1,5,59,2,0,0,0,313,0,2,7,3,7,2,7,3,3,1,2b,600,0,12,1,1,0,1,1,1,1,83,0,14,7,2017,6,5,40,0,2,6,98,8,SPRING RD,SPRING LOOP CIR,99998,29.09950278,-82.016625,0,8,0,0,3,3,0,1,3,10,0,10,0,0,99,99,99,99,88,88,0,0,0,1,0
12,121694,0,1,5,65,2,0,0,0,760,0,3,7,3,7,8,7,8,8,8,8,750,0,12,1,1,0,1,1,1,1,109,0,8,8,2017,3,22,11,9,8,98,98,2,US-1,NA,99998,29.85369444,-81.32269167,0,8,0,0,1,1,0,1,3,10,0,10,0,0,99,99,99,99,88,88,0,0,0,1,0
12,121713,0,1,5,56,2,0,1,0,680,0,3,7,3,7,8,7,8,8,8,8,990,0,12,1,1,0,1,1,1,1,31,1510,11,8,2017,6,21,55,9,8,98,98,3,SR-103,NA,99998,30.27830278,-81.75492778,0,8,0,0,1,1,0,1,3,1,0,1,0,0,99,99,99,99,99,99,0,0,0,1,0
12,121715,0,1,5,56,1,0,0,0,680,0,3,7,3,7,8,7,8,8,8,8,990,0,12,1,1,0,1,1,1,1,11,1781,13,8,2017,1,1,3,9,8,98,98,3,SR-816,NA,99998,26.16529444,-80.19243056,0,8,0,0,1,1,0,1,3,1,0,1,0,0,99,99,99,99,88,88,0,0,0,1,0
12,121722,0,1,5,17,1,0,0,0,410,0,3,7,6,7,8,7,8,8,8,8,400,0,12,1,1,0,1,1,1,1,97,0,8,7,2017,7,21,43,1,2,3,1,2,US-17,NA,99998,28.26056389,-81.508275,0,8,0,0,1,1,0,2,2,1,0,1,0,0,99,99,99,99,88,88,0,0,0,1,0
12,121727,0,1,5,61,1,0,1,0,680,0,3,7,3,7,8,7,8,8,8,8,990,0,12,1,1,0,1,1,2,2,99,0,9,8,2017,4,22,38,9,8,98,98,2,US-1,NA,99998,26.75301111,-80.05621111,0,8,0,0,1,1,0,1,3,2,0,2,0,0,99,99,99,99,99,99,0,0,0,1,0
12,121738,0,1,5,68,2,0,0,0,760,0,3,7,3,7,8,7,8,8,8,8,750,0,12,1,1,0,1,1,1,1,31,110,3,8,2017,5,13,47,9,8,98,98,3,SR-A1A,NA,99998,30.33306944,-81.41581944,0,8,0,0,1,1,0,1,1,1,0,1,0,0,99,99,99,99,99,99,0,0,0,1,0
12,121740,0,1,5,61,1,0,0,0,610,0,3,7,3,7,8,7,8,8,8,8,600,0,12,1,1,0,1,1,9,9,103,570,4,8,2017,6,20,43,9,8,98,98,4,CR-651,NA,99998,27.95829444,-82.78750278,0,8,0,0,1,1,0,1,3,10,0,10,0,0,99,99,99,99,99,99,0,0,0,1,0
12,121741,0,1,5,53,1,0,0,0,760,0,3,7,3,7,8,7,8,8,8,8,750,0,12,1,1,0,1,1,2,2,86,0,1,8,2017,3,22,52,9,8,98,98,9,6TH AVE,NA,99998,25.86187778,-80.20755,0,8,0,0,8,1,0,1,3,1,0,1,0,0,99,99,99,99,88,88,0,0,0,1,0
12,121746,0,1,5,58,2,1,1,0,781,0,1,7,2,7,3,7,1,1,2,11b,790,0,12,1,1,0,1,1,1,1,86,1340,16,7,2017,1,13,48,0,2,7,98,6,28TH ST,9TH AVE,99998,25.84807778,-80.264375,0,8,0,0,3,2,0,1,1,1,0,1,0,0,99,99,99,99,88,88,0,0,0,1,0
12,121748,0,1,5,65,1,0,0,0,741,0,2,7,3,7,9,7,4,3,9,99,740,0,12,1,1,0,1,1,1,1,11,1782,23,6,2017,6,20,54,9,8,98,98,3,SR-816,60TH AVE,99998,26.16467222,-80.23221389,0,8,0,0,3,2,0,1,3,1,0,1,0,0,99,99,99,99,99,99,0,0,0,1,0
12,121752,0,1,5,34,1,0,0,0,760,0,3,7,3,7,8,7,8,8,8,8,750,0,12,1,1,0,1,1,1,1,107,0,7,8,2017,2,23,25,9,8,98,98,9,RIVER RD,NA,99998,29.71573611,-81.64888611,0,8,0,0,1,1,0,1,2,1,0,1,0,0,99,99,99,99,99,99,0,0,0,1,1
12,121773,0,1,8,57,1,1,1,0,760,0,1,7,2,7,1,7,2,3,2,3b,750,0,12,1,1,0,1,1,1,1,71,0,20,8,2017,1,0,15,9,8,98,98,9,HANCOCK BDGE PKWY,ORANGE GROVE BLVD,99998,26.65177222,-81.96778333,0,15,0,0,2,2,0,1,3,1,0,1,0,0,99,99,99,99,99,99,0,0,0,1,0
12,121775,0,1,5,32,1,0,0,0,313,0,3,7,3,7,8,7,8,8,8,8,600,0,12,1,1,0,1,1,1,1,73,0,12,8,2017,7,1,20,1,2,3,1,3,SR-20,NA,99998,30.43603333,-84.3767,0,8,0,0,1,1,0,1,2,10,0,10,0,0,99,99,99,99,88,88,0,0,0,1,0
12,121776,0,1,5,28,1,0,0,0,680,0,3,7,3,7,8,7,8,8,8,8,990,0,12,1,1,0,1,1,1,1,71,312,15,8,2017,3,23,40,9,8,98,98,2,US-41,NA,99998,26.36703889,-81.80773056,0,8,0,0,1,1,0,1,3,1,0,1,0,0,99,99,99,99,88,88,19,0,0,1,0
12,121788,0,1,5,50,1,0,1,0,410,0,3,7,3,7,8,7,8,8,8,8,400,0,12,1,1,0,1,1,1,1,123,2510,15,7,2017,7,1,13,9,8,98,98,2,US-19,NA,99998,30.11394722,-83.58925833,0,8,0,0,1,1,0,1,2,1,0,1,0,0,99,99,99,99,88,88,0,0,0,1,0
12,121802,0,1,5,33,1,0,0,0,410,0,3,7,3,7,8,7,8,8,8,8,400,0,12,1,1,0,1,1,1,1,105,0,7,7,2017,6,0,35,1,1,3,1,2,US-27,NA,99998,27.66359722,-81.54351944,0,8,0,0,1,1,0,1,2,1,0,1,0,0,99,99,99,99,88,88,0,0,0,1,0
12,121807,0,1,5,45,1,0,0,0,410,0,3,7,4,7,8,7,8,8,8,8,400,0,12,1,1,0,1,1,2,2,77,0,16,8,2017,4,19,23,1,1,3,1,3,SR-20,NA,99998,30.41529444,-84.86645833,0,8,0,0,1,1,0,2,5,1,0,1,0,0,99,99,99,99,88,88,0,0,0,1,0
12,121811,0,1,5,86,1,0,0,0,680,0,3,7,3,7,8,7,8,8,8,8,990,0,12,1,1,0,1,1,1,1,86,125,3,4,2017,2,15,3,9,8,98,98,9,BISCAYNE BLVD,NA,99998,25.96072778,-80.14681111,0,8,0,0,1,1,0,1,1,1,0,1,0,0,99,99,99,99,88,88,0,0,0,1,0
12,121814,0,1,5,89,1,0,0,0,781,0,1,7,2,7,4,7,2,1,2,11b,790,0,12,1,1,0,1,1,1,1,115,3050,19,1,2017,5,13,56,9,8,98,98,9,ASTON GARDENS DR,IBIS WY,99998,27.09740556,-82.41420556,0,8,0,0,2,2,0,1,1,1,0,1,0,0,99,99,99,99,99,99,0,0,0,1,0
12,121817,0,1,5,86,1,0,0,0,770,0,3,7,3,7,8,7,8,8,8,8,750,0,12,1,1,0,1,1,1,1,99,290,21,1,2017,7,8,47,9,8,98,98,2,US-1,NA,99998,26.36259722,-80.08181111,0,8,0,0,1,1,0,1,1,1,0,1,0,0,99,99,99,99,99,99,0,0,0,1,0
12,121826,0,1,5,38,1,0,0,0,459,0,3,7,4,7,8,7,8,8,8,8,400,0,12,1,1,0,1,1,1,1,99,0,28,5,2017,1,2,51,9,8,98,98,9,MILITARY TRAIL,NA,99998,26.62727778,-80.11318333,0,8,0,0,1,1,0,4,3,1,0,1,0,0,99,99,99,99,88,88,0,0,0,1,0
12,121827,0,1,5,69,2,0,0,0,760,0,3,7,3,7,8,7,8,8,8,8,750,0,12,1,1,0,1,1,1,1,86,2023,15,8,2017,3,20,15,9,8,98,98,9,27H AVE,NA,99998,25.9643,-80.24653056,0,8,0,0,1,1,0,1,3,1,0,1,0,0,99,99,99,99,99,99,0,0,0,1,0
12,121834,0,1,5,3,2,0,1,0,760,0,1,7,2,7,4,7,3,3,1,1a,750,0,12,1,1,0,1,1,1,1,57,0,22,8,2017,3,7,25,0,1,7,98,8,LEGACY BRIGHT ST,HAMPTON MEADOW WAY,99998,27.823225,-82.33564722,0,8,0,0,2,3,0,1,1,1,0,1,0,0,99,99,99,99,99,99,0,0,0,1,0