STATE.x,ST_CASE,VEH_NO,PER_NO,PBPTYPE,PBAGE,PBSEX,PBCWALK,PBSWALK,PBSZONE,PEDCTYPE,BIKECTYPE,PEDLOC,BIKELOC,PEDPOS,BIKEPOS,PEDDIR,BIKEDIR,MOTDIR,MOTMAN,PEDLEG,PEDSNR,PEDCGP,BIKECGP,STATE.y,VE_TOTAL,VE_FORMS,PVH_INVL,PEDS,PERNOTMVIT,PERMVIT,PERSONS,COUNTY,CITY,DAY,MONTH,YEAR,DAY_WEEK,HOUR,MINUTE,NHS,RUR_URB,FUNC_SYS,RD_OWNER,ROUTE,TWAY_ID,TWAY_ID2,MILEPT,LATITUDE,LONGITUD,SP_JUR,HARM_EV,MAN_COLL,RELJCT1,RELJCT2,TYP_INT,WRK_ZONE,REL_ROAD,LGT_COND,WEATHER1,WEATHER2,WEATHER,SCH_BUS,RAIL,NOT_HOUR,NOT_MIN,ARR_HOUR,ARR_MIN,HOSP_HR,HOSP_MN,CF1,CF2,CF3,FATALS,DRUNK_DR
12,122099,0,1,5,59,2,0,0,0,760,0,3,7,3,7,8,7,8,8,8,8,750,0,12,1,1,0,1,1,2,2,95,2360,1,1,2017,1,18,40,9,8,98,98,9,IVEY LN,NA,99998,28.53614444,-81.43433889,0,8,0,0,1,1,0,1,3,1,0,1,0,0,99,99,99,99,99,99,0,0,0,1,0
12,122101,0,1,5,18,1,0,0,0,741,0,3,7,3,7,8,7,8,8,8,8,740,0,12,1,1,0,1,1,2,2,101,2180,12,8,2017,7,21,43,1,2,3,1,2,US-19,NA,99998,28.23616389,-82.72791944,0,8,0,0,1,1,0,1,3,1,0,1,0,0,99,99,99,99,99,99,0,0,0,1,0
12,122110,0,1,5,59,1,0,0,0,760,0,3,7,3,7,8,7,8,8,8,8,750,0,12,1,1,0,1,1,1,1,99,820,4,10,2017,4,21,11,9,8,98,98,2,US-1,NA,99998,26.46168611,-80.06698611,0,8,0,0,1,1,0,1,2,10,0,10,0,0,99,99,99,99,99,99,0,0,0,1,0
12,122112,0,1,5,53,1,0,0,0,760,0,3,7,3,7,8,7,8,8,8,8,750,0,12,1,1,0,1,1,1,1,11,790,29,9,2017,6,5,52,1,2,3,1,3,SR-845,NA,99998,26.31671667,-80.15285278,0,8,0,0,1,1,0,1,3,10,0,10,0,0,99,99,99,99,99,99,0,0,0,1,0
12,122122,0,1,5,46,1,0,1,0,760,0,3,7,3,7,8,7,8,8,8,8,750,0,12,1,1,0,1,1,1,1,99,1760,6,10,2017,6,1,26,0,2,4,98,6,OCEAN AVE,NA,99998,26.5843,-80.04808889,0,8,0,0,1,1,0,1,3,10,0,10,0,0,99,99,99,99,99,99,0,0,0,1,1
12,122131,0,1,5,51,1,0,0,0,760,0,3,7,3,7,8,7,8,8,8,8,750,0,12,1,1,0,1,1,2,2,71,0,1,10,2017,1,21,46,1,2,3,1,2,US-41,NA,99998,26.66512778,-81.88790833,0,8,0,0,1,1,0,1,3,1,0,1,0,0,99,99,99,99,88,88,0,0,0,1,0
12,122141,0,1,5,62,1,0,0,0,461,0,3,7,5,7,8,7,8,8,8,8,460,0,12,1,1,0,1,1,1,1,19,0,12,9,2017,3,15,10,0,2,4,1,3,SR-224,NA,99998,30.16451111,-81.74728611,0,8,0,0,8,1,0,1,1,1,0,1,0,0,99,99,99,99,99,99,0,0,0,1,0
12,122142,0,1,5,55,9,0,1,0,610,0,3,7,3,7,8,7,8,8,8,8,600,0,12,1,1,0,1,1,1,1,117,2770,7,10,2017,7,21,13,1,2,3,1,3,SR-46A,NA,99998,28.78669167,-81.27057222,0,8,0,0,1,1,0,1,2,1,0,1,0,0,99,99,99,99,99,99,0,0,0,1,0
12,122143,0,1,5,86,2,1,1,0,730,0,3,7,2,7,8,7,8,8,8,8,720,0,12,1,1,0,1,1,1,1,86,1340,7,10,2017,7,19,23,0,2,4,98,6,4TH AVE,NA,99998,25.85280278,-80.27464167,0,8,0,0,1,1,0,1,2,1,0,1,0,0,99,99,99,99,88,88,0,0,0,1,0
12,122149,0,1,5,87,2,0,1,0,465,0,2,7,3,7,9,7,3,2,1,6c,460,0,12,1,1,0,1,1,1,1,11,1280,3,10,2017,3,9,5,1,2,3,1,3,SR-858,NA,99998,25.98547222,-80.1481,0,8,0,0,8,1,0,1,1,1,0,1,0,0,99,99,99,99,99,99,0,0,0,1,0
12,122154,0,1,5,998,9,1,0,0,781,0,2,7,3,7,9,7,2,1,2,12c,790,0,12,1,1,0,1,1,1,1,11,1420,26,9,2017,3,5,51,1,2,3,1,3,SR-820,28TH AV,99998,26.01107778,-80.16338056,0,8,0,0,3,2,0,1,3,1,0,1,0,0,99,99,99,99,88,88,0,0,0,1,0
12,122158,0,1,5,58,2,0,0,0,760,0,3,7,3,7,8,7,8,8,8,8,750,0,12,1,1,0,1,1,1,1,109,0,19,9,2017,3,21,56,1,2,3,1,2,US-1,NA,99998,29.94362778,-81.33714444,0,8,0,0,1,1,0,1,3,1,0,1,0,0,99,99,99,99,88,88,0,0,0,1,0
12,122162,0,1,5,38,2,0,0,0,760,0,3,7,3,7,8,7,8,8,8,8,750,0,12,1,1,0,1,1,3,3,83,0,9,10,2017,2,21,8,0,2,4,98,4,CR-314,NA,99998,29.19338889,-82.03736944,0,8,0,0,1,1,0,1,2,1,0,1,0,0,99,99,99,99,88,88,0,0,0,1,0
12,122168,0,1,5,21,2,0,0,0,230,0,3,7,3,7,8,7,8,8,8,8,100,0,12,2,2,0,1,1,2,2,43,0,5,10,2017,5,22,11,1,1,3,1,2,US-27,NA,99998,26.83391389,-81.16956389,0,8,0,0,1,1,0,1,2,1,0,1,0,0,99,99,99,99,88,88,23,0,0,1,0
12,122169,0,1,5,32,1,0,0,0,430,0,3,7,3,7,8,7,8,8,8,8,400,0,12,3,3,0,1,1,3,3,83,0,27,9,2017,4,5,49,1,2,3,1,2,US-41,NA,99998,29.13578056,-82.44368333,0,8,0,0,1,1,0,1,2,1,0,1,0,0,99,99,99,99,88,88,0,0,0,1,0
12,122170,0,1,5,64,2,0,1,0,760,0,2,7,3,7,4,7,1,3,2,4b,750,0,12,2,2,0,1,1,2,2,95,0,7,10,2017,7,19,29,0,2,3,1,3,SR-434,FALKNER RD,99998,28.62961111,-81.41491111,0,8,0,0,3,2,0,1,2,1,0,1,0,0,99,99,99,99,88,88,0,0,0,1,0
12,122183,0,1,5,45,1,0,0,0,760,0,3,7,3,7,8,7,8,8,8,8,750,0,12,1,1,0,1,1,1,1,31,1510,30,9,2017,7,5,55,1,2,3,1,2,US-301,NA,99998,30.20180278,-82.014425,0,8,0,0,1,1,0,1,2,1,0,1,0,0,99,99,99,99,88,88,0,0,0,1,0
12,122184,0,1,5,62,1,0,0,0,690,0,1,7,2,7,4,7,3,3,1,1a,990,0,12,1,1,0,1,1,1,1,127,2375,16,6,2017,6,23,12,9,8,98,98,3,SR-A1A,MILSAP RD,99998,29.271875,-81.03001667,0,8,0,0,3,3,0,1,3,1,0,1,0,0,99,99,99,99,99,99,0,0,0,1,1
12,122196,0,1,5,44,1,0,0,0,680,0,3,7,3,7,8,7,8,8,8,8,990,0,12,1,1,0,1,1,2,2,11,0,16,9,2017,7,23,21,9,8,98,98,9,BROWARD BLVD,NA,99998,26.12137778,-80.18228611,0,8,0,0,1,1,0,1,2,1,0,1,0,0,99,99,99,99,99,99,0,0,0,1,0
12,122198,0,1,5,66,2,1,1,0,760,0,1,7,2,7,9,7,1,3,9,99,750,0,12,1,1,0,1,1,1,1,86,2010,3,9,2017,1,20,30,0,2,7,98,6,17TH AVE,70TH ST,99998,25.83845833,-80.22522778,0,8,0,0,3,2,0,1,3,1,0,1,0,0,99,99,99,99,99,99,0,0,0,1,0
12,122204,0,1,5,56,1,0,1,0,313,0,3,7,3,7,8,7,8,8,8,8,600,0,12,1,1,0,1,1,1,1,115,2780,3,5,2017,4,22,1,1,2,3,1,2,US-41,NA,99998,27.38228333,-82.55693611,0,8,0,0,1,1,0,1,3,1,0,1,0,0,99,99,99,99,88,88,0,0,0,1,0
12,122206,0,1,5,1,1,0,0,0,760,0,3,7,3,7,8,7,8,8,8,8,750,0,12,1,1,0,1,1,1,1,11,790,15,10,2017,1,16,31,0,2,7,98,6,4TH PL,NA,99998,26.32394167,-80.10952222,0,8,0,0,1,1,0,1,1,1,0,1,0,0,99,99,99,99,99,99,0,0,0,1,0
12,122207,0,1,5,50,1,0,1,0,313,0,1,7,2,7,9,7,2,3,9,99,600,0,12,1,1,0,1,1,2,2,86,0,30,9,2017,7,22,56,0,1,7,98,8,114TH CT,200TH ST,99998,25.580925,-80.377425,0,8,0,0,3,2,0,1,2,1,0,1,0,0,99,99,99,99,99,99,0,0,0,1,0
12,122212,0,1,8,67,1,0,0,0,430,0,3,7,3,7,8,7,8,8,8,8,400,0,12,1,1,0,1,1,4,4,101,0,27,9,2017,4,7,42,1,2,3,1,3,SR-54,NA,99998,28.23010278,-82.20301944,0,15,0,0,1,1,0,1,1,1,0,1,0,0,99,99,99,99,99,99,0,0,0,1,0
12,122219,0,1,5,53,1,1,1,0,760,0,1,7,2,7,4,7,3,3,1,1a,750,0,12,1,1,0,1,1,1,1,127,780,12,10,2017,5,22,10,1,2,3,1,2,US-1,MAGNOLIA AVE,99998,29.226525,-81.03121667,0,8,0,0,2,2,0,1,3,1,0,1,0,0,99,99,99,99,99,99,0,0,0,1,0
12,122224,0,1,5,4,1,0,0,0,741,0,3,7,3,7,8,7,8,8,8,8,740,0,12,1,1,0,1,1,1,1,107,0,6,10,2017,6,7,29,1,2,3,1,3,SR-20,NA,99998,29.63333056,-81.71248056,0,8,0,0,1,1,0,1,4,10,0,10,0,0,99,99,99,99,99,99,0,0,0,1,0
12,122230,0,1,5,41,1,0,0,0,680,0,3,7,3,7,8,7,8,8,8,8,990,0,12,1,1,0,1,1,1,1,73,2940,21,5,2017,1,2,51,9,8,98,98,3,SR-263,NA,99998,30.45773889,-84.36100278,0,8,0,0,1,1,0,1,3,10,0,10,0,0,99,99,99,99,99,99,0,0,0,1,0
12,122233,0,1,5,31,2,1,0,0,770,0,1,7,2,7,1,7,4,3,2,3a,750,0,12,1,1,0,1,1,2,2,95,0,1,10,2017,1,23,27,0,2,4,98,6,UNIVERSAL BLVD,9501 UNIVERSAL BLVD,99998,28.4332,-81.45773889,0,8,0,0,3,2,0,1,3,2,0,2,0,0,99,99,99,99,99,99,0,0,0,1,1
12,122234,0,1,5,68,1,0,0,0,760,0,1,7,1,7,3,7,4,3,1,2b,750,0,12,1,1,0,1,1,1,1,83,0,3,10,2017,3,6,50,0,2,4,1,3,SR-464,39TH AVE,99998,29.15531111,-82.08302778,0,8,0,0,2,3,0,1,2,1,0,1,0,0,99,99,99,99,99,99,0,0,0,1,0
12,122235,0,1,5,20,1,0,0,0,760,0,3,7,3,7,8,7,8,8,8,8,750,0,12,1,1,0,1,1,1,1,57,0,25,3,2017,7,3,7,1,2,3,1,2,US-92,NA,99998,28.02438056,-82.07233056,0,8,0,0,1,1,0,1,2,1,0,1,0,0,99,99,99,99,99,99,0,0,0,1,0
12,122238,0,1,5,74,1,0,0,0,760,0,1,7,1,7,9,7,4,3,9,99,750,0,12,1,1,0,1,1,1,1,31,1510,11,10,2017,4,9,33,1,2,3,1,2,US-90,CENTER ST,99998,30.33335556,-81.66496667,0,8,0,0,2,2,0,1,1,1,0,1,0,0,99,99,99,99,99,99,0,0,0,1,0
12,122239,0,1,5,24,1,0,1,0,410,0,3,7,3,7,8,7,8,8,8,8,400,0,12,1,1,0,1,1,1,1,105,1690,20,10,2017,6,2,55,1,2,3,1,2,US-92,NA,99998,28.04879167,-81.92437222,0,8,0,0,1,1,0,1,3,1,0,1,0,0,99,99,99,99,88,88,0,0,0,1,0
12,122243,0,1,5,25,2,0,0,0,230,0,3,7,3,7,8,7,8,8,8,8,100,0,12,2,2,0,1,1,3,3,57,0,2,10,2017,2,19,41,1,2,3,1,3,SR-574,NA,99998,27.99843889,-82.2033,0,8,0,0,8,1,0,1,2,1,0,1,0,0,99,99,99,99,88,88,23,0,0,1,0
12,122262,0,1,5,56,2,0,1,0,680,0,3,7,3,7,8,7,8,8,8,8,990,0,12,1,1,0,1,1,1,1,57,2950,10,10,2017,3,2,0,1,2,3,1,3,SR-580,NA,99998,27.996175,-82.53285556,0,8,0,0,1,1,0,1,2,1,0,1,0,0,99,99,99,99,99,99,0,0,0,1,0
12,122265,0,1,5,36,2,0,0,0,313,0,3,7,3,7,8,7,8,8,8,8,600,0,12,2,2,0,1,1,9,9,39,0,23,9,2017,7,21,8,1,1,1,1,1,I-10,NA,99998,30.53055,-84.55026944,0,8,0,0,1,1,0,1,2,10,0,10,0,0,99,99,99,99,88,88,0,0,0,1,0
12,122270,0,1,5,58,2,0,0,0,680,0,3,7,3,7,8,7,8,8,8,8,990,0,12,1,1,0,1,1,1,1,97,0,1,10,2017,1,0,7,1,2,3,1,2,US-17,NA,99998,28.33637222,-81.403725,0,8,0,0,8,1,0,1,3,10,0,10,0,0,99,99,99,99,99,99,0,0,0,1,0
12,122281,0,1,5,46,2,1,1,0,760,0,1,7,2,7,1,7,4,3,2,3a,750,0,12,1,1,0,1,1,1,1,95,0,14,10,2017,7,22,5,1,2,3,1,3,SR-50,PAUL ST,99998,28.55215,-81.46455278,0,8,0,0,2,2,0,1,3,1,0,1,0,0,99,99,99,99,99,99,0,0,0,1,0
12,122287,0,1,5,56,1,0,0,0,620,0,3,7,3,7,8,7,8,8,8,8,600,0,12,3,3,0,1,1,3,3,101,0,28,10,2017,7,22,5,1,2,3,1,2,US-19,NA,99998,28.35006111,-82.69925,0,8,0,0,1,1,0,1,3,1,0,1,0,0,22,15,22,22,88,88,0,0,0,1,0
12,122291,0,1,5,56,1,1,1,0,760,0,1,7,2,7,2,7,1,3,2,3a,750,0,12,2,2,0,1,1,5,5,31,1510,22,10,2017,1,2,7,1,2,2,1,3,SR-115,HOGAN RD,99998,30.27474167,-81.55894167,0,8,0,0,3,2,0,1,3,1,0,1,0,0,99,99,99,99,88,88,0,0,0,1,0
12,122296,0,1,5,24,2,0,0,0,440,0,3,7,3,7,8,7,8,8,8,8,400,0,12,1,1,0,1,1,1,1,17,0,13,10,2017,6,22,10,0,1,7,98,8,SOUTHERN ST,NA,99998,28.85543889,-82.51086111,0,8,0,0,1,1,0,1,2,1,0,1,0,0,22,10,22,17,99,99,0,0,0,1,0
12,122299,0,1,5,19,1,0,0,0,610,0,3,7,3,7,8,7,8,8,8,8,600,0,12,1,1,0,1,1,1,1,101,0,20,10,2017,6,20,48,0,1,7,98,8,BOLTON AVE,NA,99998,28.38227222,-82.66869722,0,8,0,0,1,1,0,1,2,1,0,1,0,0,20,47,20,53,88,88,0,0,0,1,0
12,122300,0,1,5,27,1,0,1,0,680,0,3,7,3,7,8,7,8,8,8,8,990,0,12,2,2,0,1,1,3,3,71,0,24,10,2017,3,21,51,1,2,3,1,2,US-41,NA,99998,26.7125,-81.90255,0,8,0,0,1,1,0,1,2,1,0,1,0,0,99,99,99,99,88,88,0,0,0,1,0
12,122305,0,1,5,998,1,0,0,0,760,0,3,7,3,7,8,7,8,8,8,8,750,0,12,1,1,0,1,1,1,1,81,0,2,9,2017,7,21,33,9,8,98,98,3,SR-70,NA,99998,27.44718056,-82.51474444,0,8,0,0,1,1,0,1,3,2,0,2,0,0,99,99,99,99,88,88,0,0,0,1,0
12,122306,0,1,5,33,1,0,0,0,910,0,3,7,3,7,8,7,8,8,8,8,910,0,12,1,1,0,1,1,1,1,31,1510,29,10,2017,1,23,45,1,2,1,1,1,I-10,MCDUFF AVE,99998,30.32064167,-81.710775,0,8,0,0,1,1,0,1,3,1,0,1,0,0,99,99,99,99,88,88,0,0,0,1,0
12,122311,0,1,5,20,1,0,0,0,410,0,3,7,3,7,8,7,8,8,8,8,400,0,12,1,1,0,1,1,1,1,55,0,28,10,2017,7,0,30,0,1,7,98,8,LAKESHORE DRIVE,NA,99998,27.3977,-81.24118056,0,8,0,0,1,1,0,1,2,1,0,1,0,0,99,99,99,99,88,88,0,0,0,1,0
12,122318,0,1,5,43,1,0,0,0,760,0,3,7,3,7,8,7,8,8,8,8,750,0,12,1,1,0,1,1,1,1,95,2360,27,10,2017,6,21,46,9,8,98,98,9,ORANGE AVE,PRINCETON ST,99998,28.57176944,-81.372825,0,8,0,0,3,2,0,1,3,1,0,1,0,0,99,99,99,99,99,99,0,0,0,1,0
12,122319,0,1,5,19,1,0,0,0,410,0,3,7,4,7,8,7,8,8,8,8,400,0,12,1,1,0,1,1,1,1,57,0,29,10,2017,1,21,54,0,1,7,98,8,ORIENT RD,NA,99998,28.00497222,-82.37312778,0,8,0,0,1,1,0,2,2,1,0,1,0,0,99,99,99,99,88,88,0,0,0,1,0
12,122320,0,1,5,22,1,0,0,0,410,0,3,7,3,7,8,7,8,8,8,8,400,0,12,1,1,0,1,1,5,5,113,0,28,10,2017,7,3,5,0,2,4,1,2,US-90,NA,99998,30.6278,-87.00405556,0,8,0,0,1,1,0,1,2,2,0,2,0,0,99,99,99,99,88,88,0,0,0,1,0
12,122322,0,1,5,27,1,0,0,0,690,0,2,7,9,7,9,7,9,8,8,99,990,0,12,1,1,0,1,1,1,1,31,1510,31,10,2017,3,22,20,0,1,7,98,8,COLE RD,SPAULDING RD,99998,30.46410833,-81.64243333,0,8,0,0,3,2,0,1,3,1,0,1,0,0,99,99,99,99,88,88,0,0,0,1,0
12,122324,0,1,5,59,1,1,0,0,770,0,1,7,2,7,4,7,1,3,1,1b,750,0,12,1,1,0,1,1,1,1,95,0,30,10,2017,2,18,56,0,2,4,98,4,CR-435,REEDY CREEK DR,99998,28.39225833,-81.50618333,0,8,0,0,2,2,0,1,5,1,0,1,0,0,99,99,99,99,88,88,0,0,0,1,0
12,122329,0,1,5,42,2,0,0,0,213,0,3,7,3,7,8,7,8,8,8,8,200,0,12,1,1,0,1,1,3,3,86,2020,1,11,2017,4,22,21,0,2,7,1,6,BIARRITZ DR,NA,99998,25.85071111,-80.14061111,0,8,0,0,1,1,0,1,3,1,0,1,0,0,99,99,99,99,99,99,0,0,0,1,0
12,122331,0,1,5,57,1,0,1,0,760,0,3,7,3,7,8,7,8,8,8,8,750,0,12,1,1,0,1,1,2,2,71,0,25,10,2017,4,21,16,1,2,3,1,3,SR-78,NA,99998,26.68208056,-81.88351944,0,8,0,0,1,1,0,1,3,1,0,1,0,0,99,99,99,99,88,88,0,0,0,1,0
12,122334,0,1,5,79,2,0,1,0,465,0,3,7,5,7,8,7,8,8,8,8,460,0,12,1,1,0,1,1,1,1,86,2020,3,11,2017,6,9,44,0,2,4,1,3,SR-907,NA,99998,25.77773611,-80.14080278,0,8,0,0,8,1,0,4,1,1,0,1,0,0,99,99,99,99,88,88,0,0,0,1,0
12,122340,0,1,5,81,1,0,1,0,690,0,2,7,3,7,1,7,2,3,2,4b,990,0,12,1,1,0,1,1,1,1,117,2770,25,10,2017,4,14,8,1,2,3,1,3,SR-46,MEISCH RD,99998,28.81144444,-81.30629167,0,8,0,0,3,3,0,1,1,1,0,1,0,0,99,99,99,99,88,88,0,0,0,1,0
12,122341,0,1,5,58,1,0,0,0,461,0,2,7,3,7,4,7,1,1,1,10b,460,0,12,1,1,0,1,1,1,1,11,3250,26,10,2017,5,11,17,0,2,4,1,3,SR-811,NA,99998,26.15369444,-80.13265833,0,8,0,0,8,1,0,1,1,1,0,1,0,0,99,99,99,99,99,99,0,0,0,1,0
12,122347,0,1,5,74,1,0,1,0,690,0,2,7,3,7,9,7,3,3,2,4c,990,0,12,1,1,0,1,1,1,1,11,1050,25,10,2017,4,6,5,0,1,7,98,6,15TH AVE,20TH ST,99998,26.15281667,-80.16251111,0,8,0,0,3,3,0,1,3,2,0,2,0,0,99,99,99,99,88,88,0,0,0,1,0
12,122348,0,1,5,998,9,1,1,0,620,0,3,7,3,7,8,7,8,8,8,8,600,0,12,1,1,0,2,2,1,1,11,1927,22,10,2017,1,2,5,1,2,3,1,2,US-441,NA,99998,26.25460278,-80.20163056,0,8,0,0,1,1,0,1,2,10,0,10,0,0,99,99,99,99,99,99,0,0,0,1,0
12,122348,0,2,5,61,1,1,1,0,620,0,3,7,3,7,8,7,8,8,8,8,600,0,12,1,1,0,2,2,1,1,11,1927,22,10,2017,1,2,5,1,2,3,1,2,US-441,NA,99998,26.25460278,-80.20163056,0,8,0,0,1,1,0,1,2,10,0,10,0,0,99,99,99,99,99,99,0,0,0,1,0
12,122349,0,1,5,53,2,0,0,0,760,0,3,7,3,7,8,7,8,8,8,8,750,0,12,1,1,0,1,1,1,1,57,2950,4,10,2017,4,22,56,1,2,3,1,2,US-41,NA,99998,27.99615,-82.44339444,0,8,0,0,1,1,0,1,3,1,0,1,0,0,99,99,99,99,88,88,0,0,0,1,0
12,122350,0,1,5,85,1,0,0,0,690,0,2,7,3,7,9,7,4,9,8,99,990,0,12,1,1,0,1,1,1,1,81,0,27,10,2017,6,10,2,1,2,3,1,2,US-41,54TH AVE,99998,27.44532222,-82.57542778,0,8,0,0,3,3,0,1,1,1,0,1,0,0,99,99,99,99,99,99,0,0,0,1,0
12,122354,0,1,5,39,1,0,1,0,610,0,3,7,3,7,8,7,8,8,8,8,600,0,12,1,1,0,1,1,2,2,69,1820,8,10,2017,1,20,27,1,2,3,1,2,US-441,NA,99998,28.83810556,-81.89209167,0,8,0,0,1,1,0,1,3,1,0,1,0,0,99,99,99,99,99,99,0,0,0,1,0
12,122356,0,1,5,27,1,0,0,0,410,0,3,7,3,7,8,7,8,8,8,8,400,0,12,1,1,0,1,1,1,1,81,0,28,10,2017,7,4,21,0,2,5,1,3,SR-70,NA,99998,27.46141389,-82.54664167,0,8,0,0,1,1,0,1,2,1,0,1,0,0,99,99,99,99,88,88,0,0,0,1,0
12,122360,0,1,5,56,1,0,0,0,910,0,3,7,3,7,8,7,8,8,8,8,910,0,12,1,1,0,1,1,1,1,71,0,26,10,2017,5,19,59,1,2,1,1,1,I-75,NA,99998,26.54928056,-81.79485,0,8,0,1,18,1,0,1,3,1,0,1,0,0,99,99,99,99,88,88,0,0,0,1,0
12,122362,0,1,5,64,1,0,0,0,760,0,3,7,3,7,8,7,8,8,8,8,750,0,12,1,1,0,1,1,1,1,19,0,27,10,2017,6,21,34,0,2,5,98,4,CR-214,NA,99998,29.7463,-82.00966111,0,8,0,0,1,1,0,1,2,1,0,1,0,0,99,99,99,99,88,88,0,0,0,1,0
12,122370,0,1,5,46,1,0,0,0,410,0,3,7,3,7,8,7,8,8,8,8,400,0,12,1,1,0,1,1,1,1,105,0,12,10,2017,5,0,52,1,2,3,1,2,US-17,NA,99998,28.19993056,-81.58196944,0,8,0,0,1,1,0,1,2,1,0,1,0,0,99,99,99,99,88,88,0,0,0,1,0
12,122372,0,1,5,46,1,1,1,0,690,0,2,7,3,7,9,7,1,3,2,4c,990,0,12,1,1,0,1,1,1,1,11,2260,6,11,2017,2,19,13,1,2,3,1,3,SR-845,PROSPECT RD,99998,26.18120278,-80.15491389,0,8,0,0,3,2,0,1,3,1,0,1,0,0,99,99,99,99,88,88,0,0,0,1,0
12,122381,0,1,5,31,1,0,1,0,680,0,3,7,3,7,8,7,8,8,8,8,990,0,12,1,1,0,1,1,1,1,86,1440,29,10,2017,1,15,0,1,2,3,1,2,US-1,NA,99998,25.49793056,-80.44755278,0,8,0,0,1,1,0,1,1,1,0,1,0,0,99,99,99,99,99,99,0,0,0,1,0
12,122385,0,1,5,65,1,0,0,0,760,0,2,7,3,7,9,7,2,3,9,99,750,0,12,1,1,0,1,1,1,1,115,0,3,11,2017,6,9,51,0,2,5,98,6,CR-72A,WOOD PINE DR,99998,27.28408056,-82.51105,0,8,0,0,3,3,0,1,1,1,0,1,0,0,88,88,88,88,88,88,0,0,0,1,0
12,122388,0,1,5,82,1,1,1,0,690,0,1,7,1,7,1,7,4,3,1,2a,990,0,12,1,1,0,1,1,1,1,95,0,8,11,2017,4,17,39,0,2,4,98,6,CURRY FORD RD,ARBOR VIEW BLVD,99998,28.52875,-81.21196944,0,8,0,0,2,2,0,1,5,1,0,1,0,0,99,99,99,99,99,99,0,0,0,1,0
12,122395,0,1,8,17,1,0,0,0,410,0,3,7,3,7,8,7,8,8,8,8,400,0,12,1,1,0,1,1,1,1,109,0,31,10,2017,3,7,19,1,1,3,1,2,US-1,NA,99998,30.04025556,-81.41719444,0,15,0,0,1,1,0,1,4,1,0,1,0,0,99,99,99,99,99,99,0,0,0,1,0
12,122397,0,1,8,69,1,0,1,0,760,0,1,7,2,7,9,7,1,3,2,3c,750,0,12,1,1,0,1,1,1,1,55,130,11,10,2017,4,19,22,1,2,3,1,2,US-27,HALL ST,99998,27.58921111,-81.51443056,0,15,0,0,2,2,0,1,7,1,0,1,0,0,99,99,99,99,99,99,0,0,0,1,0
12,122398,0,1,8,80,1,1,1,0,791,0,1,7,2,7,3,7,1,2,2,7b,790,0,12,1,1,0,1,1,1,1,57,2950,7,11,2017,3,18,19,1,2,3,1,3,SR-685,SR-580,99998,28.033,-82.45956389,0,15,0,0,3,2,0,1,3,1,0,1,0,0,99,99,99,99,99,99,0,0,0,1,0
12,122409,0,1,5,38,1,0,0,0,760,0,1,7,2,7,3,7,2,3,1,1a,750,0,12,2,2,0,1,1,2,2,103,0,1,11,2017,4,19,25,0,2,4,98,8,54H AVE N,HAINES RD,99998,27.82103333,-82.66879722,0,8,0,0,3,2,4,1,2,1,0,1,0,0,99,99,99,99,99,99,0,0,0,1,0
12,122412,0,1,5,63,2,0,0,0,680,0,3,7,3,7,8,7,8,8,8,8,990,0,12,1,1,0,1,1,1,1,9,454,30,9,2017,7,23,5,9,8,98,98,3,SR-A1A,NA,99998,28.38414722,-80.60555833,0,8,0,0,1,1,0,1,3,10,0,10,0,0,99,99,99,99,88,88,0,0,0,1,0
12,122414,0,1,5,52,1,0,1,0,760,0,3,7,3,7,8,7,8,8,8,8,750,0,12,1,1,0,1,1,1,1,33,0,18,10,2017,4,20,50,1,2,4,1,3,SR-291,NA,99998,30.49823611,-87.22164444,0,8,0,0,1,1,0,1,2,1,0,1,0,0,99,99,99,99,99,99,0,0,0,1,0
12,122416,0,1,5,46,2,0,0,0,410,0,3,7,6,7,8,7,8,8,8,8,400,0,12,1,1,0,1,1,1,1,57,0,10,11,2017,6,22,0,0,1,7,98,8,BLACK DAIRY RD,NA,99998,28.01456111,-82.31074444,0,8,0,0,1,1,0,2,2,1,0,1,0,0,99,99,99,99,88,88,0,0,0,1,0
12,122418,0,1,5,28,2,0,1,0,610,0,3,7,3,7,8,7,8,8,8,8,600,0,12,1,1,0,3,3,1,1,57,0,12,11,2017,1,22,40,0,2,4,98,8,PROVIDENCE RD,NA,99998,27.90884167,-82.31877778,0,8,0,0,1,1,0,1,2,1,0,1,0,0,99,99,99,99,99,99,0,0,0,2,1
12,122418,0,2,5,23,2,0,1,0,610,0,3,7,3,7,8,7,8,8,8,8,600,0,12,1,1,0,3,3,1,1,57,0,12,11,2017,1,22,40,0,2,4,98,8,PROVIDENCE RD,NA,99998,27.90884167,-82.31877778,0,8,0,0,1,1,0,1,2,1,0,1,0,0,99,99,99,99,99,99,0,0,0,2,1