STATE.x,ST_CASE,VEH_NO,PER_NO,PBPTYPE,PBAGE,PBSEX,PBCWALK,PBSWALK,PBSZONE,PEDCTYPE,BIKECTYPE,PEDLOC,BIKELOC,PEDPOS,BIKEPOS,PEDDIR,BIKEDIR,MOTDIR,MOTMAN,PEDLEG,PEDSNR,PEDCGP,BIKECGP,STATE.y,VE_TOTAL,VE_FORMS,PVH_INVL,PEDS,PERNOTMVIT,PERMVIT,PERSONS,COUNTY,CITY,DAY,MONTH,YEAR,DAY_WEEK,HOUR,MINUTE,NHS,RUR_URB,FUNC_SYS,RD_OWNER,ROUTE,TWAY_ID,TWAY_ID2,MILEPT,LATITUDE,LONGITUD,SP_JUR,HARM_EV,MAN_COLL,RELJCT1,RELJCT2,TYP_INT,WRK_ZONE,REL_ROAD,LGT_COND,WEATHER1,WEATHER2,WEATHER,SCH_BUS,RAIL,NOT_HOUR,NOT_MIN,ARR_HOUR,ARR_MIN,HOSP_HR,HOSP_MN,CF1,CF2,CF3,FATALS,DRUNK_DR
12,122418,0,3,5,38,2,0,0,0,610,0,3,7,3,7,8,7,8,8,8,8,600,0,12,1,1,0,3,3,1,1,57,0,12,11,2017,1,22,40,0,2,4,98,8,PROVIDENCE RD,NA,99998,27.90884167,-82.31877778,0,8,0,0,1,1,0,1,2,1,0,1,0,0,99,99,99,99,99,99,0,0,0,2,1
12,122430,0,1,5,28,1,0,0,0,770,0,3,7,3,7,8,7,8,8,8,8,750,0,12,1,1,0,1,1,1,1,86,1030,6,10,2017,6,1,32,9,8,98,98,9,DAVIS PKWY,NA,99998,25.45508889,-80.48028056,0,8,0,0,1,1,0,1,2,1,0,1,0,0,99,99,99,99,99,99,0,0,0,1,0
12,122431,0,1,5,27,1,0,0,0,430,0,3,7,3,7,8,7,8,8,8,8,400,0,12,1,1,0,1,1,1,1,11,1280,3,10,2017,3,21,59,9,8,98,98,9,6TH AVE,NA,99998,25.98651111,-80.154225,0,8,0,0,1,1,0,1,3,2,0,2,0,0,99,99,99,99,99,99,0,0,0,1,0
12,122440,0,1,5,31,1,0,0,0,313,0,3,7,3,7,8,7,8,8,8,8,600,0,12,1,1,0,1,1,2,2,3,0,19,11,2017,1,4,20,0,2,4,98,4,CR-127,NA,99998,30.37873056,-82.23405,0,8,0,0,1,1,0,1,2,10,0,10,0,0,99,99,99,99,88,88,0,0,0,1,0
12,122441,0,1,5,62,1,0,0,0,760,0,3,7,3,7,8,7,8,8,8,8,750,0,12,1,1,0,1,1,2,2,99,330,5,10,2017,5,11,15,1,2,1,1,1,I-95,NA,99998,26.54235,-80.07200278,0,8,0,0,1,1,0,1,1,2,0,2,0,0,99,99,99,99,99,99,0,0,0,1,0
12,122445,0,1,5,80,2,0,1,0,410,0,3,7,3,7,8,7,8,8,8,8,400,0,12,1,1,0,1,1,1,1,133,0,8,11,2017,4,0,50,1,1,3,1,3,SR-77,NA,99998,30.66528889,-85.57623056,0,8,0,0,1,1,0,1,2,8,0,8,0,0,99,99,99,99,88,88,0,0,0,1,0
12,122447,0,1,5,70,1,0,1,0,760,0,3,7,3,7,8,7,8,8,8,8,750,0,12,1,1,0,1,1,1,1,83,0,3,11,2017,6,19,29,9,8,98,98,2,US-441,NA,99998,29.16934444,-82.13898056,0,8,0,0,1,1,0,1,3,1,0,1,0,0,99,99,99,99,99,99,0,0,0,1,0
12,122451,0,1,5,29,2,0,1,0,760,0,2,7,3,7,2,7,3,3,1,2b,750,0,12,1,1,0,1,1,1,1,103,2530,1,11,2017,4,13,25,0,2,4,98,4,CR-501,75TH AVE,99998,27.86601111,-82.74225278,0,8,0,0,3,3,0,1,1,10,0,10,0,0,99,99,99,99,88,88,0,0,0,1,0
12,122453,0,1,5,33,2,1,1,0,760,0,1,7,2,7,3,7,4,3,2,3b,750,0,12,1,1,0,1,1,1,1,31,1510,3,11,2017,6,23,30,0,2,4,1,3,SR-228,MEMORIAL PARK ROAD,99998,30.2993,-81.76770556,0,8,0,0,2,2,0,1,3,1,0,1,0,0,99,99,99,99,99,99,0,0,0,1,0
12,122457,0,1,5,998,1,1,1,0,760,0,1,7,2,7,4,7,1,3,2,3b,750,0,12,1,1,0,1,1,1,1,11,1050,1,11,2017,4,19,27,0,2,4,98,6,ANDREWS AV,60TH ST,99998,26.20188333,-80.14915833,0,8,0,0,2,2,0,1,3,1,0,1,0,0,99,99,99,99,99,99,0,0,0,1,0
12,122459,0,1,5,61,1,0,1,0,680,0,3,7,3,7,8,7,8,8,8,8,990,0,12,1,1,0,1,1,2,2,103,2730,3,11,2017,6,18,50,1,2,3,1,2,US-19,NA,99998,27.75644722,-82.67936111,0,8,0,0,1,1,0,1,5,1,0,1,0,0,99,99,99,99,99,99,0,0,0,1,0
12,122464,0,1,5,74,2,1,1,0,781,0,1,7,2,7,1,7,1,1,2,11a,790,0,12,1,1,0,1,1,1,1,81,0,7,11,2017,3,9,32,0,2,4,98,6,LAKEWOOD RANCH BLVD,HEALTH PARKWAY,99998,27.39293056,-82.43583333,0,8,0,0,2,2,0,1,1,1,0,1,0,0,9,35,9,41,99,99,0,0,0,1,0
12,122465,0,1,5,19,1,0,0,0,760,0,3,7,3,7,8,7,8,8,8,8,750,0,12,1,1,0,1,1,3,3,57,0,12,11,2017,1,2,15,1,2,1,1,1,I-275,NA,99998,27.97083889,-82.45361111,0,8,0,0,1,1,0,1,3,1,0,1,0,0,99,99,99,99,88,88,0,0,0,1,0
12,122469,0,1,5,19,1,0,0,0,230,0,2,7,3,7,9,7,2,3,2,4c,100,0,12,3,3,0,1,1,4,4,71,1070,11,11,2017,7,21,53,0,2,3,1,3,SR-82,DUPREE ST,99998,26.64118889,-81.83600278,0,12,6,0,3,3,0,1,2,2,0,2,0,0,99,99,99,99,99,99,19,23,0,1,0
12,122470,0,1,5,69,1,0,1,0,760,0,3,7,3,7,8,7,8,8,8,8,750,0,12,1,1,0,1,1,1,1,99,330,14,11,2017,3,18,33,9,8,98,98,4,CR-807,NA,99998,26.52698889,-80.09043056,0,8,0,0,1,1,0,1,3,2,0,2,0,0,99,99,99,99,99,99,0,0,0,1,0
12,122480,0,1,5,37,2,0,0,0,690,0,2,7,3,7,9,7,1,3,9,99,990,0,12,1,1,0,1,1,1,1,107,0,15,11,2017,4,17,38,0,1,6,98,4,CR-309D,OLD STARKE RD,99998,29.71448056,-81.72503611,0,8,0,0,3,3,0,1,5,1,0,1,0,0,99,99,99,99,99,99,0,0,0,1,0
12,122485,0,1,5,63,1,1,1,0,140,0,1,7,1,7,9,7,1,3,2,4c,100,0,12,2,2,0,1,1,1,1,95,0,1,11,2017,4,6,9,1,2,3,1,2,US-17,WATERBRIDGE BV,99998,28.40305,-81.40453056,0,12,1,1,2,2,0,1,4,1,0,1,0,0,99,99,99,99,99,99,23,0,0,1,0
12,122488,0,1,5,47,1,0,0,0,230,0,3,7,9,7,8,7,8,8,8,8,100,0,12,2,1,1,1,1,1,1,57,0,13,11,2017,2,7,16,1,2,1,1,1,I-275,NA,99998,27.95563056,-82.50146111,0,14,0,0,1,1,0,3,1,1,0,1,0,0,99,99,99,99,88,88,23,0,0,1,0
12,122492,0,1,5,25,2,0,0,0,459,0,3,7,6,7,8,7,8,8,8,8,400,0,12,1,1,0,1,1,1,1,9,0,12,11,2017,1,22,42,1,2,1,1,1,I-96,NA,99998,28.654525,-80.86510833,0,8,0,0,1,1,0,3,2,1,0,1,0,0,99,99,99,99,88,88,0,0,0,1,0
12,122496,0,1,5,44,1,0,0,0,760,0,3,7,3,7,8,7,8,8,8,8,750,0,12,1,1,0,1,1,4,4,31,1510,12,11,2017,1,21,0,1,2,1,1,1,I-95,NA,99998,30.17938056,-81.55885,0,8,0,0,1,1,0,1,3,1,0,1,0,0,99,99,99,99,88,88,0,0,0,1,0
12,122502,0,1,5,50,2,1,1,0,690,0,1,7,2,7,9,7,2,3,1,1c,990,0,12,1,1,0,1,1,1,1,86,1340,15,11,2017,4,1,23,9,8,98,98,9,21ST ST,PALM AVE,99998,25.8408,-80.28215278,0,8,0,0,3,2,0,1,3,1,0,1,0,0,99,99,99,99,99,99,0,0,0,1,0
12,122504,0,1,5,60,1,0,0,0,760,0,2,7,3,7,4,7,1,3,1,2b,750,0,12,1,1,0,1,1,2,2,81,2440,20,11,2017,2,19,16,1,2,3,1,2,US-41,13TH ST,99998,27.52516944,-82.57299167,0,8,0,0,3,3,0,1,3,1,0,1,0,0,99,99,99,99,99,99,0,0,0,1,0
12,122507,0,1,5,54,1,0,0,0,760,0,2,7,3,7,9,7,2,3,1,2c,750,0,12,1,1,0,1,1,2,2,31,1510,23,11,2017,5,20,21,1,2,3,1,2,US-1,SR-5,99998,30.332,-81.6552,9,8,0,0,3,2,0,1,3,2,0,2,0,0,99,99,99,99,99,99,0,0,0,1,0
12,122510,0,1,5,998,2,0,1,0,680,0,3,7,3,7,8,7,8,8,8,8,990,0,12,1,1,0,1,1,1,1,1,1130,24,11,2017,6,19,30,1,2,3,1,3,SR-222,NA,99998,29.68851944,-82.35316667,0,8,0,0,1,1,0,1,3,1,0,1,0,0,99,99,99,99,99,99,0,0,0,1,0
12,122511,0,1,5,999,9,0,1,0,680,0,3,7,9,7,8,7,8,8,8,8,990,0,12,1,1,0,1,1,1,1,31,1510,24,11,2017,6,9,52,9,8,98,98,9,BOWDEN RD,NA,99998,30.25924444,-81.57950278,0,8,0,0,99,99,0,99,9,8,0,8,0,0,99,99,99,99,99,99,0,0,0,1,0
12,122519,0,1,5,53,2,1,1,0,690,0,1,7,2,7,9,7,4,3,1,1c,990,0,12,1,1,0,1,1,1,1,71,1070,25,11,2017,7,2,19,1,2,3,1,3,SR-884,CR-865,99998,26.61289444,-81.81134444,0,8,0,0,3,2,0,1,3,1,0,1,0,0,99,99,99,99,99,99,0,0,0,1,1
12,122525,0,1,5,78,1,0,1,0,760,0,3,7,3,7,8,7,8,8,8,8,750,0,12,1,1,0,1,1,1,1,113,0,22,11,2017,4,17,35,0,2,4,1,2,US-90,NA,99998,30.60323889,-87.11523889,0,8,0,0,1,1,0,1,2,1,0,1,0,0,99,99,99,99,88,88,0,0,0,1,0
12,122530,0,1,5,52,1,0,0,0,741,0,3,7,3,7,8,7,8,8,8,8,740,0,12,1,1,0,1,1,1,1,1,0,2,11,2017,5,20,14,1,2,3,1,3,SR-222,NA,99998,29.68860556,-82.39468333,0,8,0,0,1,1,0,1,3,1,0,1,0,0,99,99,99,99,88,88,0,0,0,1,0
12,122535,0,1,5,58,1,0,0,0,760,0,3,7,3,7,8,7,8,8,8,8,750,0,12,1,1,0,1,1,1,1,9,3175,20,11,2017,2,21,13,1,2,3,1,2,US-192,NA,99998,28.07897778,-80.65587222,0,8,0,0,1,1,0,1,3,1,0,1,0,0,99,99,99,99,99,99,0,0,0,1,0
12,122536,0,1,8,998,8,0,1,0,742,0,3,7,3,7,8,7,8,8,8,8,740,0,12,1,1,0,1,1,1,1,11,1050,2,11,2017,5,21,46,1,2,3,1,2,US-2,NA,99998,26.20685556,-80.10808056,0,15,0,0,1,1,0,1,3,1,0,1,0,0,99,99,99,99,99,99,0,0,0,1,0
12,122539,0,1,5,79,1,0,1,0,760,0,3,7,3,7,8,7,8,8,8,8,750,0,12,1,1,0,1,1,1,1,11,1420,17,11,2017,6,19,18,0,2,4,1,3,SR-A1A,NA,99998,26.02133889,-80.11685278,0,8,0,0,1,1,4,1,3,1,0,1,0,0,99,99,99,99,99,99,0,0,0,1,0
12,122543,0,1,5,61,1,0,1,0,760,0,3,7,3,7,8,7,8,8,8,8,750,0,12,1,1,0,1,1,1,1,103,0,17,11,2017,6,20,31,1,2,3,1,2,US-19,NA,99998,28.06998611,-82.73898611,0,8,0,0,1,1,0,1,3,1,0,1,0,0,99,99,99,99,99,99,0,0,0,1,0
12,122544,0,1,5,56,1,0,1,0,680,0,3,7,3,7,8,7,8,8,8,8,990,0,12,1,1,0,1,1,1,1,33,0,15,11,2017,4,21,1,1,2,3,1,3,SR-295,NA,99998,30.44518889,-87.24091111,0,8,0,0,1,1,0,1,2,1,0,1,0,0,99,99,99,99,99,99,0,0,0,1,0
12,122553,0,1,5,15,1,0,0,0,459,0,3,7,3,7,8,7,8,8,8,8,400,0,12,1,1,0,1,1,2,2,67,0,28,11,2017,3,18,4,1,1,3,1,2,US-27,NA,99998,29.95395556,-82.93348056,0,8,0,0,1,1,0,1,2,1,0,1,0,0,99,99,99,99,88,88,0,0,0,1,0
12,122561,0,1,5,58,1,0,1,0,680,0,3,7,3,7,8,7,8,8,8,8,990,0,12,1,1,0,1,1,1,1,101,0,19,11,2017,1,19,36,9,8,98,98,3,SR-54,NA,99998,28.21695,-82.72966944,0,8,0,0,1,1,0,1,3,1,0,1,0,0,99,99,99,99,99,99,0,0,0,1,0
12,122562,0,1,5,47,1,1,1,0,690,0,1,7,2,7,4,7,1,3,2,3b,990,0,12,1,1,0,1,1,1,1,21,0,24,11,2017,6,18,25,1,2,3,1,3,SR-29,FARM WORKER WAY,99998,26.404475,-81.393075,0,8,0,0,3,2,0,1,5,1,0,1,1,0,99,99,99,99,88,88,0,0,0,1,0
12,122569,0,1,5,61,1,0,1,0,680,0,3,7,3,7,8,7,8,8,8,8,990,0,12,2,2,0,1,1,2,2,111,0,30,11,2017,5,18,56,1,2,3,1,2,US-1,NA,99998,27.32658611,-80.32064722,0,8,0,0,1,1,0,1,3,10,0,10,0,0,99,99,99,99,99,99,0,0,0,1,0
12,122570,0,1,5,998,1,0,0,0,760,0,2,7,3,7,1,7,2,3,2,4b,750,0,12,1,1,0,1,1,1,1,86,2023,10,11,2017,6,5,57,0,2,4,1,3,SR-860,2ND AVE,99998,25.94244444,-80.20501944,0,8,0,0,3,2,0,1,3,1,0,1,0,0,99,99,99,99,99,99,0,0,0,1,0
12,122572,0,1,5,69,1,1,1,0,760,0,2,7,3,7,2,7,1,3,1,2a,750,0,12,1,1,0,1,1,2,2,57,0,22,11,2017,4,19,5,1,2,3,1,2,US-41,WHITAKER RD,99998,28.11671944,-82.46151111,0,8,0,0,3,2,0,1,3,10,0,10,0,0,99,99,99,99,88,88,19,0,0,1,0
12,122574,0,1,5,44,1,0,1,0,610,0,2,7,3,7,4,7,1,3,1,2b,600,0,12,2,2,0,1,1,2,2,57,0,2,12,2017,7,19,9,0,2,4,98,8,LITHIA PINECREST,REGAL RIVER RD,99998,27.88418889,-82.23306389,0,8,0,0,3,3,0,1,2,1,0,1,0,0,99,99,99,99,88,88,0,0,0,1,0
12,122581,0,1,5,75,2,1,1,0,741,0,3,7,3,7,8,7,8,8,8,8,740,0,12,1,1,0,1,1,1,1,95,0,2,12,2017,7,19,10,0,2,4,98,6,CONROY RD,NA,99998,28.48674444,-81.41983611,0,8,0,0,1,1,0,1,3,1,0,1,0,0,99,99,99,99,99,99,0,0,0,1,0
12,122587,0,1,5,57,1,0,0,0,910,0,3,7,3,7,8,7,8,8,8,8,910,0,12,1,1,0,1,1,2,2,127,0,11,11,2017,7,20,55,1,2,1,1,1,I-4,NA,99998,29.01373056,-81.23523889,0,8,0,0,1,1,0,1,2,1,0,1,0,0,99,99,99,99,99,99,0,0,0,1,0
12,122588,0,1,5,998,1,1,1,0,760,0,1,7,2,7,4,7,3,3,1,1a,750,0,12,1,1,0,2,2,1,1,99,3190,3,12,2017,1,21,13,0,2,5,1,2,US-1,HIBISCUS ST,99998,26.70854722,-80.05513056,0,8,0,0,2,2,0,1,3,1,0,1,0,0,99,99,99,99,99,99,0,0,0,1,0
12,122588,0,2,5,998,2,1,1,0,760,0,1,7,2,7,4,7,3,3,1,1a,750,0,12,1,1,0,2,2,1,1,99,3190,3,12,2017,1,21,13,0,2,5,1,2,US-1,HIBISCUS ST,99998,26.70854722,-80.05513056,0,8,0,0,2,2,0,1,3,1,0,1,0,0,99,99,99,99,99,99,0,0,0,1,0
12,122593,0,1,5,19,2,0,0,0,760,0,3,7,3,7,8,7,8,8,8,8,750,0,12,1,1,0,1,1,2,2,105,0,27,10,2017,6,23,40,1,2,3,1,2,US-27,NA,99998,28.31018333,-81.66768889,0,8,0,0,1,1,0,1,2,1,0,1,0,0,99,99,99,99,88,88,0,0,0,1,0
12,122599,0,1,5,64,1,0,0,0,760,0,2,7,3,7,2,7,1,3,1,2a,750,0,12,1,1,0,1,1,1,1,95,0,17,11,2017,6,21,15,1,2,3,1,2,US-441,OVERLAND RD,99998,28.62127778,-81.44410556,0,8,0,0,3,2,0,1,2,1,0,1,0,0,99,99,99,99,99,99,0,0,0,1,0
12,122605,0,1,5,63,1,0,0,0,760,0,3,7,3,7,8,7,8,8,8,8,750,0,12,1,1,0,1,1,1,1,69,0,29,11,2017,4,18,25,0,2,4,1,4,CR-44,CATTAIL DR,99998,28.85250833,-81.64463333,0,8,0,0,3,3,0,1,2,10,0,10,0,0,18,26,18,32,88,88,0,0,0,1,0
12,122607,0,1,5,61,1,0,0,0,760,0,3,7,3,7,8,7,8,8,8,8,750,0,12,1,1,0,1,1,2,2,95,0,5,12,2017,3,20,28,1,2,3,1,3,SR-50,NA,99998,28.56815,-81.21830556,0,8,0,0,1,1,0,1,2,10,0,10,0,0,99,99,99,99,88,88,0,0,0,1,0
12,122611,0,1,5,48,1,0,0,0,760,0,3,7,3,7,8,7,8,8,8,8,750,0,12,1,1,0,1,1,1,1,61,0,21,11,2017,3,21,14,0,2,5,98,8,12TH ST,NA,99998,27.62334167,-80.39172222,0,8,0,0,6,1,0,1,2,1,0,1,0,272196W,99,99,99,99,99,99,0,0,0,1,0
12,122628,0,1,5,56,1,1,1,0,760,0,1,7,2,7,2,7,1,3,2,3a,750,0,12,1,1,0,1,1,1,1,86,2020,15,11,2017,4,15,58,9,8,98,98,9,WASHINGTON AVE,7TH ST,99998,25.77710833,-80.13358889,0,8,0,0,2,2,0,1,1,1,0,1,0,0,99,99,99,99,99,99,0,0,0,1,0
12,122629,0,1,5,72,1,1,1,0,760,0,1,7,2,7,4,7,3,3,2,3a,750,0,12,1,1,0,1,1,1,1,86,2010,27,11,2017,2,17,50,9,8,98,98,9,2ND AVE,60TH ST,99998,25.97265556,-80.20640556,0,8,0,0,3,2,0,1,3,1,0,1,0,0,99,99,99,99,99,99,0,0,0,1,0
12,122630,0,1,5,55,1,0,0,0,760,0,3,7,3,7,8,7,8,8,8,8,750,0,12,1,1,0,1,1,2,2,39,2630,2,12,2017,7,19,5,0,2,4,1,2,US-90,WARD ST,99998,30.58818611,-84.58253611,0,8,0,0,1,1,0,1,3,1,0,1,0,0,99,99,99,99,99,99,0,0,0,1,0
12,122636,0,1,5,55,1,0,0,0,760,0,3,7,3,7,8,7,8,8,8,8,750,0,12,2,2,0,1,1,3,3,103,2730,11,12,2017,2,19,7,1,2,3,1,2,US-19,NA,99998,27.79863611,-82.67956389,0,8,0,0,1,1,0,1,3,1,0,1,0,0,99,99,99,99,99,99,0,0,0,1,0
12,122637,0,1,5,54,1,0,0,0,313,0,3,7,3,7,8,7,8,8,8,8,600,0,12,1,1,0,1,1,1,1,127,2375,8,12,2017,6,16,48,0,1,7,98,6,BRYANT ST,NA,99998,29.26223611,-81.074,0,8,0,0,1,1,0,1,1,1,0,1,0,0,99,99,99,99,99,99,0,0,0,1,0
12,122641,0,1,5,40,1,0,1,0,741,0,3,7,3,7,8,7,8,8,8,8,740,0,12,1,1,0,1,1,2,2,11,1050,19,9,2017,3,3,34,9,8,98,98,9,62ND ST,NA,99998,26.20365,-80.13526667,0,8,0,0,1,1,0,1,3,1,0,1,0,0,99,99,99,99,99,99,0,0,0,1,0
12,122648,0,1,5,67,2,1,0,0,791,0,1,7,2,7,4,7,2,2,2,7b,790,0,12,1,1,0,1,1,1,1,53,0,28,11,2017,3,10,0,1,2,3,1,2,US-19,NA,99998,28.51881111,-82.57151944,0,8,0,0,16,1,0,1,1,1,0,1,0,0,9,58,10,6,99,99,0,0,0,1,0
12,122653,0,1,5,56,1,0,1,0,465,0,3,7,5,7,8,7,8,8,8,8,460,0,12,1,1,0,1,1,3,3,95,0,12,12,2017,3,8,20,1,2,3,1,2,US-17,NA,99998,28.47428056,-81.39694167,0,8,0,0,8,1,0,1,1,1,0,1,0,0,99,99,99,99,99,99,0,0,0,1,0
12,122655,0,1,5,51,1,0,0,0,760,0,3,7,3,7,8,7,8,8,8,8,750,0,12,1,1,0,1,1,4,4,101,0,19,11,2017,1,18,27,1,2,3,1,3,SR-54,NA,99998,28.21712778,-82.72949722,0,8,0,0,1,1,0,1,2,1,0,1,0,0,18,27,18,34,99,99,0,0,0,1,0
12,122656,0,1,5,24,1,0,0,0,760,0,2,7,3,7,1,7,2,3,1,2b,750,0,12,1,1,0,1,1,2,2,97,0,19,11,2017,1,19,3,1,2,3,1,2,US-192,PINE GROVE RD,99998,28.24131944,-81.20223056,0,8,0,0,3,2,0,1,2,1,0,1,0,0,99,99,99,99,99,99,0,0,0,1,0
12,122661,0,1,5,84,1,0,0,0,680,0,3,7,4,7,8,7,8,8,8,8,990,0,12,1,1,0,2,2,1,1,103,2730,26,11,2017,1,12,50,9,8,98,98,9,49TH ST,NA,99998,27.80424167,-82.7,0,33,0,0,1,1,0,4,1,1,0,1,0,0,99,99,99,99,99,99,0,0,0,1,0
12,122661,0,2,5,35,1,0,0,0,680,0,3,7,9,7,8,7,8,8,8,8,990,0,12,1,1,0,2,2,1,1,103,2730,26,11,2017,1,12,50,9,8,98,98,9,49TH ST,NA,99998,27.80424167,-82.7,0,33,0,0,1,1,0,4,1,1,0,1,0,0,99,99,99,99,99,99,0,0,0,1,0
12,122664,0,1,5,59,1,0,0,0,760,0,3,7,3,7,8,7,8,8,8,8,750,0,12,1,1,0,1,1,1,1,101,0,14,12,2017,5,18,40,1,2,3,1,2,US-19,NA,99998,28.35603611,-82.69844722,0,8,0,0,1,1,0,1,3,1,0,1,0,0,18,41,18,48,88,88,0,0,0,1,0
12,122669,0,1,5,34,2,1,1,0,760,0,2,7,3,7,1,7,4,3,2,4a,750,0,12,1,1,0,1,1,1,1,86,0,3,12,2017,1,6,28,1,2,3,1,2,US-1,DIXIE HWY,99998,25.59861111,-80.35431667,0,8,0,0,3,2,0,1,3,1,0,1,0,0,99,99,99,99,99,99,0,0,0,1,0
12,122678,0,1,5,24,1,0,0,0,230,0,3,7,4,7,8,7,8,8,8,8,100,0,12,2,1,1,2,4,1,3,91,0,8,12,2017,6,10,23,1,1,1,1,1,I-10,NA,99998,30.70714167,-86.72955833,0,8,0,0,1,1,4,4,1,2,0,2,0,0,99,99,99,99,99,99,19,0,0,1,0
12,122678,0,2,5,19,1,0,0,0,230,0,3,7,4,7,8,7,8,8,8,8,100,0,12,2,1,1,2,4,1,3,91,0,8,12,2017,6,10,23,1,1,1,1,1,I-10,NA,99998,30.70714167,-86.72955833,0,8,0,0,1,1,4,4,1,2,0,2,0,0,99,99,99,99,99,99,19,0,0,1,0
12,122684,0,1,5,71,1,0,0,0,680,0,3,7,3,7,8,7,8,8,8,8,990,0,12,1,1,0,1,1,1,1,91,0,17,12,2017,1,4,15,1,1,1,1,1,I-10,NA,99998,30.72686667,-86.49358056,0,8,0,0,1,1,0,1,2,10,0,10,0,0,88,88,88,88,88,88,0,0,0,1,0
12,122690,0,1,5,54,2,0,0,0,741,0,3,7,3,7,8,7,8,8,8,8,740,0,12,1,1,0,1,1,1,1,9,1471,7,9,2017,5,20,9,9,8,98,98,3,SR-A1A,NA,99998,28.15358333,-80.58482778,0,8,0,0,1,1,0,1,2,1,0,1,0,0,99,99,99,99,99,99,0,0,0,1,0
12,122691,0,1,5,43,1,0,0,0,680,0,3,7,3,7,8,7,8,8,8,8,990,0,12,2,2,0,1,1,2,2,86,1030,30,9,2017,7,23,58,9,8,98,98,9,344TH ST,NA,99998,25.44801667,-80.460925,0,8,0,0,1,1,0,1,3,10,0,10,0,0,99,99,99,99,99,99,0,0,0,1,0
12,122693,0,1,5,10,1,0,1,0,741,0,2,7,3,7,1,7,4,3,2,4a,740,0,12,1,1,0,1,1,1,1,111,1080,27,9,2017,4,20,49,9,8,98,98,9,ORANGE AVE,18TH ST,99998,27.447275,-80.34253333,0,8,0,0,3,2,0,1,3,1,0,1,0,0,99,99,99,99,99,99,0,0,0,1,0
12,122703,0,1,5,11,1,0,1,0,741,0,1,7,1,7,4,7,3,3,1,2a,740,0,12,2,2,0,1,1,2,2,57,0,16,11,2017,5,16,43,0,2,6,98,8,CR-574,29TH AV,99998,27.97628056,-82.37306389,0,8,0,0,2,3,0,1,1,1,0,1,1,0,99,99,99,99,99,99,14,0,0,1,0
12,122707,0,1,5,44,1,1,1,0,690,0,2,7,3,7,9,7,4,3,2,4c,990,0,12,1,1,0,1,1,3,3,31,1510,21,11,2017,3,20,13,1,2,3,1,2,US-90,BOWLAN ST,99998,30.314411110000002,-81.56929444,0,8,0,0,3,2,0,1,3,2,0,2,0,0,99,99,99,99,99,99,0,0,0,1,0
12,122709,0,1,5,49,2,0,0,0,760,0,3,7,3,7,8,7,8,8,8,8,750,0,12,1,1,0,1,1,1,1,9,0,21,11,2017,3,19,30,1,2,3,1,2,US-192,NA,99998,28.07896944,-80.70018056,0,8,0,0,1,1,0,1,3,10,0,10,0,0,99,99,99,99,99,99,0,0,0,1,0
12,122713,0,1,5,63,1,0,1,0,461,0,3,7,5,7,8,7,8,8,8,8,460,0,12,2,2,0,3,3,3,3,57,0,5,12,2017,3,17,55,9,8,98,98,9,PROVIDENCE RD,NA,99998,27.89841667,-82.31854722,0,12,6,0,8,1,0,1,5,1,0,1,0,0,99,99,99,99,99,99,0,0,0,1,0
12,122713,0,2,5,57,2,0,1,0,410,0,3,7,5,7,8,7,8,8,8,8,400,0,12,2,2,0,3,3,3,3,57,0,5,12,2017,3,17,55,9,8,98,98,9,PROVIDENCE RD,NA,99998,27.89841667,-82.31854722,0,12,6,0,8,1,0,1,5,1,0,1,0,0,99,99,99,99,99,99,0,0,0,1,0
12,122713,0,3,5,53,2,0,1,0,410,0,3,7,5,7,8,7,8,8,8,8,400,0,12,2,2,0,3,3,3,3,57,0,5,12,2017,3,17,55,9,8,98,98,9,PROVIDENCE RD,NA,99998,27.89841667,-82.31854722,0,12,6,0,8,1,0,1,5,1,0,1,0,0,99,99,99,99,99,99,0,0,0,1,0
12,122717,0,1,5,11,1,1,1,0,760,0,1,7,2,7,1,7,2,3,1,1b,750,0,12,1,1,0,1,1,3,3,9,1990,15,12,2017,6,15,50,9,8,98,98,9,POST RD,NA,99998,28.17208611,-80.66062222,0,8,0,0,1,1,0,1,1,1,0,1,0,0,99,99,99,99,99,99,0,0,0,1,0
12,122722,0,1,5,54,2,0,0,0,760,0,3,7,3,7,8,7,8,8,8,8,750,0,12,1,1,0,1,1,1,1,101,0,12,12,2017,3,18,6,1,2,3,1,2,US-19,NA,99998,28.35944444,-82.697,0,8,0,0,1,1,0,1,3,1,0,1,0,0,99,99,99,99,88,88,0,0,0,1,0
12,122724,0,1,5,60,1,0,1,0,313,0,3,7,3,7,8,7,8,8,8,8,600,0,12,1,1,0,1,1,1,1,127,2375,15,12,2017,6,19,21,1,2,3,1,3,SR-40,NA,99998,29.27891944,-81.07709722,0,8,0,0,1,1,0,1,2,1,0,1,0,0,99,99,99,99,99,99,0,0,0,1,0
12,122725,0,1,5,26,1,0,0,0,760,0,3,7,3,7,8,7,8,8,8,8,750,0,12,1,1,0,1,1,1,1,117,1840,12,12,2017,3,23,54,9,8,98,98,3,SR-600,LONGDALE AVE,99998,28.70922222,-81.32631111,0,8,0,0,3,3,0,1,3,1,0,1,0,0,99,99,99,99,99,99,0,0,0,1,0