STATE.x,ST_CASE,VEH_NO,PER_NO,PBPTYPE,PBAGE,PBSEX,PBCWALK,PBSWALK,PBSZONE,PEDCTYPE,BIKECTYPE,PEDLOC,BIKELOC,PEDPOS,BIKEPOS,PEDDIR,BIKEDIR,MOTDIR,MOTMAN,PEDLEG,PEDSNR,PEDCGP,BIKECGP,STATE.y,VE_TOTAL,VE_FORMS,PVH_INVL,PEDS,PERNOTMVIT,PERMVIT,PERSONS,COUNTY,CITY,DAY,MONTH,YEAR,DAY_WEEK,HOUR,MINUTE,NHS,RUR_URB,FUNC_SYS,RD_OWNER,ROUTE,TWAY_ID,TWAY_ID2,MILEPT,LATITUDE,LONGITUD,SP_JUR,HARM_EV,MAN_COLL,RELJCT1,RELJCT2,TYP_INT,WRK_ZONE,REL_ROAD,LGT_COND,WEATHER1,WEATHER2,WEATHER,SCH_BUS,RAIL,NOT_HOUR,NOT_MIN,ARR_HOUR,ARR_MIN,HOSP_HR,HOSP_MN,CF1,CF2,CF3,FATALS,DRUNK_DR
13,130904,0,1,5,45,1,0,0,0,610,0,3,7,3,7,8,7,8,8,8,8,600,0,13,2,2,0,1,1,3,3,63,0,17,8,2017,5,1,20,1,2,3,1,3,SR-85,NA,52,33.594625,-84.40774444,0,8,0,0,1,1,0,1,2,1,0,1,0,0,99,98,99,98,88,88,0,0,0,1,0
13,130907,0,1,5,35,1,0,0,0,680,0,3,7,3,7,8,7,8,8,8,8,990,0,13,2,2,0,1,1,2,2,121,280,17,8,2017,5,5,40,1,2,1,1,1,I-285,NA,24,33.64885833,-84.49766111,0,8,0,0,1,1,0,1,3,1,0,1,0,0,99,99,99,99,99,99,0,0,0,1,0
13,130908,0,1,5,63,2,0,0,0,230,0,3,7,3,7,8,7,8,8,8,8,100,0,13,2,2,0,3,3,3,3,121,280,17,8,2017,5,12,44,1,2,1,1,1,I-75,NA,34,33.68475833,-84.3986,0,8,0,0,1,1,0,1,1,1,0,1,0,0,99,99,99,99,99,99,23,0,0,1,0
13,130908,0,2,5,59,1,0,0,0,230,0,3,7,3,7,8,7,8,8,8,8,100,0,13,2,2,0,3,3,3,3,121,280,17,8,2017,5,12,44,1,2,1,1,1,I-75,NA,34,33.68475833,-84.3986,0,8,0,0,1,1,0,1,1,1,0,1,0,0,99,99,99,99,99,99,23,0,0,1,0
13,130908,0,3,5,66,2,0,0,0,230,0,3,7,3,7,8,7,8,8,8,8,100,0,13,2,2,0,3,3,3,3,121,280,17,8,2017,5,12,44,1,2,1,1,1,I-75,NA,34,33.68475833,-84.3986,0,8,0,0,1,1,0,1,1,1,0,1,0,0,99,99,99,99,99,99,23,0,0,1,0
13,130911,0,1,5,40,1,0,0,0,410,0,3,7,3,7,8,7,8,8,8,8,400,0,13,1,1,0,1,1,1,1,273,1580,17,8,2017,5,1,50,0,1,5,4,6,AUGUSTA STREET,NA,1,31.78998056,-84.44632222,0,8,0,0,1,1,0,1,2,1,0,1,0,0,99,98,99,98,88,88,0,0,0,1,1
13,130915,0,1,5,56,1,0,0,0,440,0,3,7,3,7,8,7,8,8,8,8,400,0,13,1,1,0,1,1,1,1,297,0,18,8,2017,6,0,1,0,1,4,1,3,SR-12,NA,1,33.62103056,-83.68753611,0,8,0,0,1,1,0,1,2,10,0,10,0,0,99,98,99,98,88,88,19,0,0,1,0
13,130929,0,1,5,40,2,0,0,0,910,0,3,7,3,7,8,7,8,8,8,8,910,0,13,1,1,0,1,1,1,1,51,4450,22,8,2017,3,20,36,1,2,1,1,1,I-16,NA,50,32.08414444,-81.27986944,0,8,0,0,1,1,0,1,2,1,0,1,0,0,99,98,99,98,88,88,0,0,0,1,0
13,130932,0,1,5,35,1,0,0,0,410,0,3,7,3,7,8,7,8,8,8,8,400,0,13,1,1,0,2,2,1,1,223,9997,22,8,2017,3,20,40,0,1,4,4,6,CROSSROADS CHURCH ROAD,NA,96,33.92653056,-85.01960278,0,8,0,0,1,1,0,1,2,1,0,1,0,0,20,51,21,29,22,2,0,0,0,1,0
13,130932,0,2,5,32,2,0,0,0,410,0,3,7,3,7,8,7,8,8,8,8,400,0,13,1,1,0,2,2,1,1,223,9997,22,8,2017,3,20,40,0,1,4,4,6,CROSSROADS CHURCH ROAD,NA,96,33.92653056,-85.01960278,0,8,0,0,1,1,0,1,2,1,0,1,0,0,20,51,21,29,22,2,0,0,0,1,0
13,130945,0,1,5,45,1,0,0,0,140,0,3,7,3,7,8,7,8,8,8,8,100,0,13,2,2,0,1,1,1,1,17,0,28,8,2017,2,6,0,0,1,5,1,3,SR-206,NA,9,31.71310833,-83.19051389,0,8,0,0,1,1,0,1,2,1,0,1,0,0,99,99,99,99,99,99,19,0,0,1,0
13,130953,0,1,5,44,1,1,0,0,760,0,1,7,2,7,3,7,2,3,1,1a,750,0,13,1,1,0,1,1,1,1,313,1510,29,8,2017,3,17,17,1,2,3,1,3,SR-52,MARRET CENTRAL PLAZA ACCESS,44,34.76521389,-84.92894722,0,8,0,0,2,2,0,1,1,1,0,1,0,0,99,99,99,99,99,99,0,0,0,1,0
13,130956,0,1,5,44,1,0,0,0,410,0,3,7,3,7,8,7,8,8,8,8,400,0,13,1,1,0,1,1,2,2,135,800,31,8,2017,5,21,17,0,2,3,1,3,SR-124,NA,223,34.04833611,-83.93568333,0,8,0,0,1,1,0,1,2,1,0,1,0,0,21,20,21,27,88,88,0,0,0,1,0
13,130960,0,1,5,36,2,1,1,0,760,0,3,7,3,7,8,7,8,8,8,8,750,0,13,1,1,0,1,1,1,1,121,280,1,9,2017,6,5,21,0,2,4,1,3,SR-70 FULTON IND BLVD,NA,311,33.76779444,-84.52409444,0,8,0,0,1,1,1,1,2,1,0,1,0,0,5,21,5,31,6,9,0,0,0,1,0
13,130961,0,1,5,59,2,0,0,0,240,0,4,7,8,7,8,7,8,8,8,8,100,0,13,3,2,1,2,2,3,3,277,5490,1,9,2017,6,23,53,0,2,6,4,6,17TH ST,NA,2,31.44325,-83.51852778,0,12,6,0,1,1,0,1,3,1,0,1,0,0,99,99,99,99,99,99,20,0,0,1,1
13,130961,0,2,5,51,1,0,0,0,240,0,4,7,8,7,8,7,8,8,8,8,100,0,13,3,2,1,2,2,3,3,277,5490,1,9,2017,6,23,53,0,2,6,4,6,17TH ST,NA,2,31.44325,-83.51852778,0,12,6,0,1,1,0,1,3,1,0,1,0,0,99,99,99,99,99,99,20,0,0,1,1
13,130962,0,1,5,50,1,0,0,0,760,0,3,7,3,7,8,7,8,8,8,8,750,0,13,1,1,0,1,1,2,2,21,3390,2,9,2017,7,21,14,1,2,3,1,2,US-23 EMERY HWY,NA,69,32.84676944,-83.59691944,0,8,0,0,1,1,0,1,2,1,0,1,0,0,99,98,99,98,88,88,0,0,0,1,0
13,130969,0,1,5,58,1,0,0,0,760,0,3,7,3,7,8,7,8,8,8,8,750,0,13,1,1,0,1,1,6,6,151,0,3,9,2017,1,20,50,1,2,3,1,3,SR-138,NA,0,33.54854722,-84.27640278,0,8,0,0,1,1,0,1,2,1,0,1,0,0,20,52,21,4,21,22,0,0,0,1,0
13,130972,0,1,5,31,1,0,0,0,440,0,3,7,3,7,8,7,8,8,8,8,400,0,13,1,1,0,1,1,2,2,67,0,4,9,2017,2,20,57,0,2,4,2,4,CR-7592 CANTON RD,NA,51,34.07529722,-84.52203333,0,8,0,0,1,1,0,1,2,1,0,1,0,0,20,57,21,3,21,33,0,0,0,1,0
13,130975,0,1,5,69,1,0,0,0,320,0,3,7,3,7,8,7,8,8,8,8,350,0,13,2,2,0,1,1,1,1,131,0,5,9,2017,3,16,25,1,1,3,1,2,US-84,NA,20,30.88268056,-84.34341944,0,8,0,0,1,1,0,1,1,1,0,1,0,0,99,98,99,98,88,88,0,0,0,1,0
13,130978,0,1,5,37,1,0,0,0,910,0,3,7,3,7,8,7,8,8,8,8,910,0,13,1,1,0,1,1,1,1,121,1250,6,9,2017,4,6,59,1,2,1,1,1,I-85,NA,117,33.62052778,-84.47365833,0,8,0,0,1,1,0,1,2,1,0,1,0,0,99,98,99,98,88,88,0,0,0,1,0
13,130985,0,1,5,61,1,1,1,0,741,0,3,7,3,7,8,7,8,8,8,8,740,0,13,1,1,0,1,1,1,1,89,1060,7,9,2017,5,6,47,0,2,4,2,4,CR-5166 CHAMBLEE TUCKER RD,NA,36,33.88020833,-84.27462778,0,8,0,0,1,1,0,1,2,1,0,1,0,0,6,40,99,99,99,99,0,0,0,1,0
13,130990,0,1,5,18,1,0,0,0,741,0,3,7,3,7,8,7,8,8,8,8,740,0,13,1,1,0,1,1,2,2,139,0,8,9,2017,6,0,28,0,2,4,2,4,CR-1287 SPOUT SPRINGS RD,NA,24,34.14788889,-83.88870278,0,8,0,0,1,1,0,1,2,1,0,1,0,0,99,98,99,98,88,88,0,0,0,1,0
13,130992,0,1,5,0,2,0,1,0,760,0,3,7,3,7,8,7,8,8,8,8,750,0,13,1,1,0,3,3,1,1,57,6040,9,9,2017,7,20,15,0,2,4,4,6,ARNOLD MILL RD,NA,1,34.10133889,-84.51725278,0,8,0,0,1,1,0,1,2,1,0,1,0,0,20,19,20,26,20,45,0,0,0,3,0
13,130992,0,2,5,28,2,0,1,0,760,0,3,7,3,7,8,7,8,8,8,8,750,0,13,1,1,0,3,3,1,1,57,6040,9,9,2017,7,20,15,0,2,4,4,6,ARNOLD MILL RD,NA,1,34.10133889,-84.51725278,0,8,0,0,1,1,0,1,2,1,0,1,0,0,20,19,20,26,20,45,0,0,0,3,0
13,130992,0,3,5,61,2,0,1,0,760,0,3,7,3,7,8,7,8,8,8,8,750,0,13,1,1,0,3,3,1,1,57,6040,9,9,2017,7,20,15,0,2,4,4,6,ARNOLD MILL RD,NA,1,34.10133889,-84.51725278,0,8,0,0,1,1,0,1,2,1,0,1,0,0,20,19,20,26,20,45,0,0,0,3,0
13,130998,0,1,5,29,1,0,0,0,760,0,3,7,3,7,8,7,8,8,8,8,750,0,13,1,1,0,1,1,3,3,89,1750,10,9,2017,1,0,43,1,2,2,1,3,SR-141 PEACHTREE IND BLVD,NA,65,33.92631944,-84.27571389,0,8,0,0,1,1,0,1,2,10,0,10,0,0,99,98,99,98,88,88,0,0,0,1,0
13,130999,0,1,5,27,2,0,0,0,410,0,3,7,3,7,8,7,8,8,8,8,400,0,13,1,1,0,1,1,1,1,157,0,10,9,2017,1,2,10,0,2,5,1,3,SR-82,NA,29,34.06969722,-83.56840278,0,8,0,0,1,1,0,1,2,1,0,1,0,0,99,98,99,98,88,88,0,0,0,1,1
13,131004,0,1,5,51,2,0,0,0,742,0,3,7,3,7,8,7,8,8,8,8,740,0,13,1,1,0,1,1,1,1,151,0,12,9,2017,3,12,13,0,2,7,2,4,CR-197 WILLOW LN,NA,3,33.455075,-84.19461667,0,8,0,0,1,1,0,1,1,10,0,10,0,0,12,13,12,20,88,88,0,0,0,1,0
13,131009,0,1,5,58,2,1,1,0,760,0,3,7,3,7,8,7,8,8,8,8,750,0,13,1,1,0,1,1,1,1,115,4760,13,9,2017,4,20,43,1,2,3,1,3,SR-1LO REDMOND CIR,NA,116,34.27276111,-85.22927222,0,8,0,0,1,1,0,1,3,1,0,1,0,0,99,98,99,98,88,88,0,0,0,1,0
13,131011,0,1,5,77,1,0,0,0,320,0,3,7,3,7,8,7,8,8,8,8,350,0,13,1,1,0,1,1,3,3,225,2220,13,9,2017,4,23,0,0,2,4,1,3,SR-49,NA,51,32.56873056,-83.87437778,0,8,0,0,1,1,0,1,2,1,0,1,0,0,23,0,23,4,23,35,0,0,0,1,0
13,131015,0,1,5,25,2,1,1,0,770,0,1,7,2,7,3,7,4,3,1,1b,750,0,13,1,1,0,1,1,1,1,121,1250,14,9,2017,5,22,30,0,2,4,1,3,SR-279,GODBY RD,47,33.61638333,-84.47278333,0,8,0,0,3,2,0,1,3,1,0,1,0,0,99,99,99,99,99,99,0,0,0,1,1
13,131024,0,1,5,18,2,0,0,0,680,0,3,7,3,7,8,7,8,8,8,8,990,0,13,1,1,0,1,1,1,1,127,760,16,9,2017,7,0,1,0,2,4,1,3,SR-25,NA,152,31.19469444,-81.46886111,0,8,0,0,1,1,0,1,2,10,0,10,0,0,99,98,99,98,88,88,0,0,0,1,0
13,131027,0,1,5,46,2,0,0,0,410,0,3,7,3,7,8,7,8,8,8,8,400,0,13,1,1,0,1,1,1,1,321,696,16,9,2017,7,5,30,1,1,4,1,3,SR-133,PARK PLACE ROAD,80,31.43628056,-83.97207778,0,8,0,0,3,3,0,1,2,5,0,5,0,0,99,98,99,98,88,88,0,0,0,1,0
13,131030,0,1,8,18,1,0,1,0,250,0,3,7,3,7,8,7,8,8,8,8,100,0,13,1,1,0,1,1,1,1,97,0,18,9,2017,2,23,33,1,2,3,1,3,SR-5,NA,124,33.70578611,-84.77566389,0,15,0,0,1,1,0,1,2,1,0,1,0,0,23,44,23,49,88,88,0,0,0,1,0
13,131037,0,1,5,31,1,0,0,0,410,0,3,7,3,7,8,7,8,8,8,8,400,0,13,1,1,0,1,1,1,1,163,6070,20,9,2017,4,0,24,1,1,3,1,3,SR-4,NA,302,33.22866111,-82.35966667,0,8,0,0,1,1,0,1,2,1,0,1,0,0,0,19,0,25,88,88,0,0,0,1,0
13,131041,0,1,5,63,1,0,0,0,910,0,3,7,3,7,8,7,8,8,8,8,910,0,13,1,1,0,1,1,2,2,39,5839,21,9,2017,5,17,44,1,1,1,1,1,I-95,NA,249,31.11931944,-81.58690278,0,8,0,0,1,1,0,1,1,1,0,1,0,0,17,44,17,55,88,88,0,0,0,1,0
13,131042,0,1,5,33,1,0,0,0,760,0,3,7,3,7,8,7,8,8,8,8,750,0,13,1,1,0,1,1,1,1,45,5730,21,9,2017,5,21,26,0,2,4,1,3,SR-61,NA,104,33.72644444,-84.93974722,0,8,0,0,1,1,0,1,2,1,0,1,0,0,21,28,21,30,21,59,0,0,0,1,0
13,131043,0,1,5,30,2,0,0,0,440,0,2,7,3,7,9,7,2,3,1,2d,400,0,13,1,1,0,1,1,1,1,97,1770,21,9,2017,5,20,0,0,2,7,4,6,STEWART MILL ROAD,STEWART WOODS DRIVE,10,33.70840833,-84.74967778,0,8,0,0,3,3,0,1,5,1,0,1,0,0,99,99,99,99,99,99,0,0,0,1,0
13,131046,0,1,5,29,1,0,0,0,313,0,3,7,3,7,8,7,8,8,8,8,600,0,13,2,2,0,1,1,2,2,89,0,22,9,2017,6,4,20,1,2,1,1,1,I-85,NA,12,33.83392222,-84.331075,0,8,0,0,1,1,0,1,2,1,0,1,0,0,99,98,99,98,88,88,0,0,0,1,1
13,131050,0,1,5,33,1,0,0,0,680,0,3,7,3,7,8,7,8,8,8,8,990,0,13,1,1,0,1,1,1,1,63,0,23,9,2017,7,1,30,1,2,1,1,1,I-75,NA,60,33.58206667,-84.366725,0,8,0,0,1,1,0,1,2,1,0,1,0,0,99,98,99,98,88,88,0,0,0,1,0
13,131052,0,1,5,19,1,0,1,0,610,0,3,7,3,7,8,7,8,8,8,8,600,0,13,1,1,0,1,1,1,1,151,2560,23,9,2017,7,23,39,0,2,7,4,6,OAK STREET,NA,0,33.38963889,-84.306725,0,8,0,0,1,1,0,1,2,1,0,1,0,0,23,59,0,23,1,0,0,0,0,1,0
13,131053,0,1,5,39,1,0,0,0,610,0,3,7,3,7,8,7,8,8,8,8,600,0,13,4,4,0,1,1,4,4,21,3390,24,9,2017,1,2,45,1,1,1,1,1,I-75,NA,99999,32.71455278,-83.730325,0,8,0,0,1,1,0,1,2,1,0,1,0,0,99,99,99,99,99,99,0,0,0,1,0
13,131054,0,1,5,68,2,0,0,0,610,0,3,7,3,7,8,7,8,8,8,8,600,0,13,1,1,0,1,1,1,1,67,0,24,9,2017,1,6,22,1,2,3,1,2,US-SR 6,NA,40,33.842025,-84.68678333,0,8,0,0,1,1,0,1,2,1,0,1,0,0,99,99,99,99,99,99,0,0,0,1,0
13,131056,0,1,8,25,2,0,0,0,760,0,3,7,3,7,8,7,8,8,8,8,750,0,13,1,1,0,2,2,2,2,303,0,25,9,2017,2,19,20,0,1,5,2,4,CR-HOLMES CANNERY ROAD,NA,13,32.93671389,-82.78311111,0,15,0,0,1,1,0,1,1,1,0,1,0,0,99,99,99,99,99,99,0,0,0,1,1
13,131056,0,2,5,6,2,0,0,0,760,0,3,7,3,7,8,7,8,8,8,8,750,0,13,1,1,0,2,2,2,2,303,0,25,9,2017,2,19,20,0,1,5,2,4,CR-HOLMES CANNERY ROAD,NA,13,32.93671389,-82.78311111,0,15,0,0,1,1,0,1,1,1,0,1,0,0,99,99,99,99,99,99,0,0,0,1,1
13,131060,0,1,5,53,1,0,1,0,760,0,3,7,3,7,8,7,8,8,8,8,750,0,13,1,1,0,1,1,2,2,57,0,27,9,2017,4,20,35,1,2,3,1,3,SR-92,NA,51,34.08883611,-84.58448333,0,8,0,0,1,1,0,1,2,1,0,1,0,0,20,36,20,46,20,56,0,0,0,1,0
13,131066,0,1,5,26,1,0,0,0,760,0,3,7,3,7,8,7,8,8,8,8,750,0,13,1,1,0,1,1,1,1,247,0,27,9,2017,4,5,0,1,2,3,1,3,SR-138,NA,121,33.65858611,-83.99995833,0,8,0,0,1,1,0,1,2,1,0,1,0,0,4,48,4,55,5,30,0,0,0,1,0
13,131068,0,1,5,53,1,1,1,0,620,0,2,7,3,7,4,7,1,3,2,4b,600,0,13,1,1,0,1,1,1,1,89,0,28,9,2017,5,6,20,0,2,4,2,4,CR-BOULDERCREST ROAD,SUGAR CREEK GOLF DRIVE,11,33.679125,-84.30778611,0,8,0,0,3,2,0,1,2,1,0,1,0,0,99,98,99,98,88,88,0,0,0,1,0
13,131072,0,1,5,26,1,0,1,0,760,0,3,7,3,7,8,7,8,8,8,8,750,0,13,1,1,0,1,1,1,1,89,0,29,9,2017,6,23,50,0,2,4,2,4,CR-REDAN ROAD,NA,6,33.76362778,-84.22408889,0,8,0,0,1,1,0,1,2,1,0,1,0,0,23,58,0,3,0,52,0,0,0,1,0
13,131073,0,1,5,81,2,1,1,0,794,0,1,7,2,7,4,7,1,2,1,5b,790,0,13,1,1,0,1,1,1,1,121,9997,29,9,2017,6,9,54,0,2,4,4,6,OLD ALABAMA ROAD,BRUMBELOW ROAD,33,34.02162778,-84.26410556,0,8,0,0,3,2,0,1,1,1,0,1,0,0,9,55,9,57,10,18,0,0,0,1,0
13,131074,0,1,5,36,1,0,0,0,760,0,3,7,3,7,8,7,8,8,8,8,750,0,13,1,1,0,1,1,1,1,245,310,29,9,2017,6,22,48,1,2,3,4,6,DEANS BRIDGE ROAD,NA,180,33.42248333,-82.06165556,0,8,0,0,1,1,0,1,3,1,0,1,0,0,22,49,22,52,23,29,0,0,0,1,0
13,131077,0,1,5,54,1,0,0,0,140,0,3,7,3,7,8,7,8,8,8,8,100,0,13,1,1,0,2,2,2,2,303,0,29,9,2017,6,19,50,0,2,6,2,4,CR-LINTON ROAD,NA,14,33.01385278,-82.82738333,0,8,0,0,1,1,0,1,2,1,0,1,0,0,99,99,99,99,99,99,19,0,0,2,0
13,131077,0,2,5,53,2,0,0,0,140,0,3,7,3,7,8,7,8,8,8,8,100,0,13,1,1,0,2,2,2,2,303,0,29,9,2017,6,19,50,0,2,6,2,4,CR-LINTON ROAD,NA,14,33.01385278,-82.82738333,0,8,0,0,1,1,0,1,2,1,0,1,0,0,99,99,99,99,99,99,19,0,0,2,0
13,131082,0,1,5,32,1,0,1,0,760,0,3,7,3,7,8,7,8,8,8,8,750,0,13,1,1,0,1,1,2,2,67,0,1,10,2017,1,21,33,0,2,3,2,4,CR-2835 EAST WEST CO,NA,1,33.86704167,-84.62849444,0,8,0,0,1,1,0,1,2,1,0,1,0,0,21,33,21,39,22,6,0,0,0,1,0
13,131083,0,1,5,21,1,0,0,0,320,0,3,7,9,7,8,7,8,8,8,8,350,0,13,4,3,1,1,3,3,5,89,0,1,10,2017,1,20,1,1,2,1,1,1,I-20,NA,145,33.70148333,-84.11643333,0,12,7,0,1,1,0,1,2,1,0,1,0,0,99,99,99,99,99,99,0,0,0,1,0
13,131084,0,1,5,64,1,0,0,0,760,0,1,7,2,7,9,7,3,3,2,3d,750,0,13,1,1,0,1,1,2,2,285,0,1,10,2017,1,21,6,0,1,5,1,3,SR-219,DAVIS RD,208,33.1434,-85.09015278,0,8,0,0,3,3,0,1,2,1,0,1,0,0,21,3,21,5,88,88,0,0,0,1,0
13,131091,0,1,5,50,1,0,0,0,890,0,4,7,8,7,8,7,8,8,8,8,800,0,13,2,2,0,1,1,2,2,63,2970,3,10,2017,3,10,45,1,2,3,1,2,US-19 SR-3 TARA BLVD,FLINT TRL,105,33.57028333,-84.37173889,0,12,7,0,3,3,0,1,1,1,0,1,0,0,10,46,10,50,11,24,0,0,0,1,1
13,131094,0,1,5,67,1,1,1,0,781,0,1,7,2,7,4,7,2,1,2,11b,790,0,13,1,1,0,1,1,1,1,89,0,4,10,2017,4,11,42,0,2,4,2,4,CR-6342 STONE MTN  LITHONIA,WALKER RD,6,33.77776111,-84.16193889,0,8,0,0,3,2,0,1,1,1,0,1,0,0,11,45,11,50,12,30,0,0,0,1,0
13,131098,0,1,5,77,1,1,1,0,760,0,1,7,2,7,1,7,4,3,2,3a,750,0,13,1,1,0,1,1,1,1,117,0,5,10,2017,5,19,44,1,2,3,1,3,SR-20 CANTON HWY,POST RD,18,34.23859444,-84.22697778,0,8,0,0,3,2,0,1,2,1,0,1,0,0,19,47,19,49,88,88,0,0,0,1,0
13,131101,0,1,5,78,2,0,0,0,410,0,3,7,3,7,8,7,8,8,8,8,400,0,13,1,1,0,1,1,1,1,63,0,6,10,2017,6,21,10,1,2,1,1,1,I-75,NA,94,33.64583889,-84.398261110000007,0,8,0,0,1,1,0,1,2,1,0,1,0,0,99,99,99,99,99,99,0,0,0,1,0
13,131107,0,1,5,17,1,0,0,0,410,0,3,7,3,7,8,7,8,8,8,8,400,0,13,1,1,0,1,1,1,1,15,0,7,10,2017,7,7,34,0,2,7,2,4,CR-122 OLD HWY 41,NA,5,34.34631389,-84.91465833,0,8,0,0,1,1,0,1,1,1,0,1,0,0,99,98,99,98,88,88,0,0,0,1,0
13,131109,0,1,5,24,1,0,0,0,760,0,3,7,3,7,8,7,8,8,8,8,750,0,13,1,1,0,1,1,1,1,73,2515,7,10,2017,7,1,45,0,2,7,4,6,WHISKEY RD,NA,1,33.45553889,-82.19898056,0,8,0,0,1,1,0,1,3,1,0,1,0,0,1,43,1,55,2,20,0,0,0,1,0
13,131115,0,1,5,60,1,0,1,0,410,0,3,7,3,7,8,7,8,8,8,8,400,0,13,1,1,0,1,1,1,1,135,0,8,10,2017,1,7,11,0,2,4,1,3,SR-317 LAWRENCEVILLE SUWANEE R,MEADOWFIELD CT,38,33.98325556,-84.02176944,0,8,0,0,1,1,0,1,4,2,0,2,0,0,99,98,99,98,88,88,0,0,0,1,0
13,131119,0,1,5,80,1,0,0,0,760,0,3,7,3,7,8,7,8,8,8,8,750,0,13,1,1,0,1,1,1,1,85,0,9,10,2017,2,19,31,0,2,5,2,4,CR-252 DAWSON FOREST RD,NA,20,34.35378333,-84.0798,0,8,0,0,1,1,0,1,2,10,0,10,0,0,99,98,99,98,88,88,0,0,0,1,0
13,131132,0,1,5,66,2,0,0,0,760,0,1,7,1,7,2,7,3,3,2,4b,750,0,13,1,1,0,1,1,1,1,89,5580,12,10,2017,5,7,15,1,2,3,2,4,CR-5191 N HAIRSTON RD,FELLSRIDGE CT,13,33.80725278,-84.19359722,0,8,0,0,3,3,0,1,4,1,0,1,0,0,99,98,99,98,88,88,0,0,0,1,0
13,131140,0,1,5,55,1,0,1,0,760,0,3,7,3,7,8,7,8,8,8,8,750,0,13,1,1,0,1,1,1,1,51,4910,15,10,2017,1,21,22,1,2,3,1,2,US-17 OGEECHEE RD,NA,105,32.05339167,-81.14365833,0,8,0,0,1,1,0,1,2,1,0,1,0,0,21,24,21,30,21,45,0,0,0,1,0
13,131153,0,1,5,67,2,0,0,0,760,0,3,7,3,7,8,7,8,8,8,8,750,0,13,2,2,0,1,1,2,2,97,3208,17,10,2017,3,7,22,0,2,4,4,6,RIVERSIDE PARKWAY,NA,51,33.73638333,-84.59651944,0,8,0,0,1,1,0,1,4,1,0,1,0,0,99,98,99,98,88,88,0,0,0,1,0
13,131157,0,1,5,4,1,1,0,0,770,0,1,7,2,7,4,7,1,3,1,1b,750,0,13,1,1,0,1,1,1,1,89,0,18,10,2017,4,6,45,0,2,6,2,4,CR-NORTH INDIAN CREEK DRIVE,NA,7,33.79665556,-84.2365,0,8,0,0,1,1,0,1,2,1,0,1,0,0,6,48,6,58,7,18,0,0,0,1,0
13,131161,0,1,5,40,1,0,0,0,760,0,3,7,3,7,8,7,8,8,8,8,750,0,13,1,1,0,1,1,1,1,69,1760,19,10,2017,5,6,45,0,2,4,4,6,WALKER STREET,NA,3,31.51634722,-82.83471667,0,8,0,0,1,1,0,1,2,1,0,1,0,0,6,51,7,54,88,88,0,0,0,1,0
13,131167,0,1,5,21,1,0,0,0,440,0,3,7,3,7,8,7,8,8,8,8,400,0,13,1,1,0,1,1,1,1,245,310,19,10,2017,5,23,4,1,2,3,4,6,MIKE PADGETT HIGHWAY,NA,104,33.37480833,-81.99970278,0,8,0,0,1,1,0,1,2,1,0,1,0,0,23,20,23,29,88,88,0,0,0,1,0
13,131173,0,1,5,23,1,0,0,0,610,0,3,7,3,7,8,7,8,8,8,8,600,0,13,2,2,0,1,1,6,6,121,120,21,10,2017,7,23,51,1,2,2,1,3,SR-400,NA,170,34.05306111,-84.28995,0,8,0,0,1,1,0,1,2,1,0,1,0,0,99,98,99,98,88,88,0,0,0,1,0
13,131175,0,1,5,63,1,0,0,0,410,0,3,7,3,7,8,7,8,8,8,8,400,0,13,5,5,0,1,1,7,7,219,0,21,10,2017,7,19,32,0,2,4,1,3,SR-53,NA,123,33.86714444,-83.41523889,0,8,0,0,1,1,0,1,2,1,0,1,0,0,99,99,99,99,88,88,0,0,0,1,0
13,131177,0,1,5,66,1,1,1,0,770,0,1,7,2,7,2,7,3,3,2,3b,750,0,13,1,1,0,1,1,1,1,121,280,22,10,2017,1,19,12,0,2,6,4,6,JOHN PORTMAN BLVD,PEACHTREE STREET,4,33.76096944,-84.38755556,0,8,0,0,3,2,0,1,3,1,0,1,0,0,99,99,99,99,88,88,0,0,0,1,0
13,131178,0,1,5,16,1,0,1,0,741,0,3,7,3,7,8,7,8,8,8,8,740,0,13,1,1,0,1,1,2,2,135,3990,22,10,2017,1,22,40,0,2,4,4,6,ROCKBRIDGE ROAD,NA,19,33.89586667,-84.19092778,0,8,0,0,1,1,0,1,2,10,0,10,0,0,99,98,99,98,88,88,0,0,0,1,0
13,131183,0,1,5,66,1,0,0,0,610,0,3,7,3,7,8,7,8,8,8,8,600,0,13,2,2,0,1,1,6,6,247,1320,23,10,2017,2,2,44,0,2,6,4,6,OLD COVINGTON HIGHWAY,NA,5,33.67424722,-84.04626111,0,8,0,0,1,1,0,1,3,2,0,2,0,0,99,98,99,98,88,88,0,0,0,1,0
13,131194,0,1,5,8,1,0,0,0,760,0,2,7,3,7,9,7,1,3,2,4d,750,0,13,1,1,0,1,1,1,1,109,1160,27,10,2017,6,17,15,0,1,4,1,3,SR-73,TRADEWINDS WAY,133,32.24173333,-81.87461111,0,8,0,0,3,3,0,1,1,1,0,1,0,0,99,99,99,99,88,88,0,0,0,1,0
13,131197,0,1,5,59,1,0,0,0,741,0,3,7,3,7,8,7,8,8,8,8,740,0,13,1,1,0,1,1,1,1,245,310,27,10,2017,6,0,1,0,2,4,4,6,LANEY WALKER BLVD,NA,12,33.45713333,-81.95096944,0,8,0,0,1,1,0,1,2,1,0,1,0,0,0,5,0,11,0,20,0,0,0,1,0