STATE.x,ST_CASE,VEH_NO,PER_NO,PBPTYPE,PBAGE,PBSEX,PBCWALK,PBSWALK,PBSZONE,PEDCTYPE,BIKECTYPE,PEDLOC,BIKELOC,PEDPOS,BIKEPOS,PEDDIR,BIKEDIR,MOTDIR,MOTMAN,PEDLEG,PEDSNR,PEDCGP,BIKECGP,STATE.y,VE_TOTAL,VE_FORMS,PVH_INVL,PEDS,PERNOTMVIT,PERMVIT,PERSONS,COUNTY,CITY,DAY,MONTH,YEAR,DAY_WEEK,HOUR,MINUTE,NHS,RUR_URB,FUNC_SYS,RD_OWNER,ROUTE,TWAY_ID,TWAY_ID2,MILEPT,LATITUDE,LONGITUD,SP_JUR,HARM_EV,MAN_COLL,RELJCT1,RELJCT2,TYP_INT,WRK_ZONE,REL_ROAD,LGT_COND,WEATHER1,WEATHER2,WEATHER,SCH_BUS,RAIL,NOT_HOUR,NOT_MIN,ARR_HOUR,ARR_MIN,HOSP_HR,HOSP_MN,CF1,CF2,CF3,FATALS,DRUNK_DR
16,160015,0,1,5,44,1,0,0,0,760,0,3,7,3,7,8,7,8,8,8,8,750,0,16,1,1,0,1,1,1,1,27,210,17,2,2017,6,20,55,1,2,1,1,1,I-84 IC 27 EB OFF RAMP,NA,1,43.68101111,-116.6903417,0,8,0,1,20,1,0,1,3,2,0,2,0,0,20,55,20,59,88,88,0,0,0,1,0
16,160044,0,1,5,24,2,0,0,0,140,0,3,7,6,7,8,7,8,8,8,8,100,0,16,2,2,0,1,1,3,3,53,0,20,5,2017,7,21,4,1,1,1,1,1,I-84,NA,1628,42.73268889,-114.5682833,0,12,6,0,1,1,0,1,5,10,2,2,0,0,21,10,21,20,99,99,19,0,0,1,0
16,160051,0,1,5,44,1,0,0,0,220,0,3,7,3,7,8,7,8,8,8,8,100,0,16,2,1,1,1,1,0,0,69,960,26,5,2017,6,7,45,0,6,96,96,5,25TH AVE,8TH ST,0,46.39479167,-117.0217333,0,8,0,0,1,1,0,1,1,1,0,1,0,0,7,53,7,57,8,8,15,0,0,1,0
16,160061,0,1,5,13,1,0,0,0,680,0,3,7,3,7,8,7,8,8,8,8,990,0,16,1,1,0,1,1,1,1,19,0,19,5,2017,6,23,10,0,6,96,96,4,CR-45TH WEST RD,NA,0,43.42781111,-112.123,0,8,0,0,1,1,0,1,2,1,0,1,0,0,23,12,23,15,88,88,0,0,0,1,0
16,160065,0,1,5,57,2,0,0,0,420,0,3,7,3,7,8,7,8,8,8,8,400,0,16,1,1,0,1,1,1,1,1,160,5,4,2017,4,4,20,0,6,96,96,4,CR-MARKET ST,NA,0,43.56096667,-116.1877972,0,8,0,0,1,1,0,1,2,10,0,10,0,0,4,20,4,30,88,88,0,0,0,1,0
16,160066,0,1,5,36,2,0,0,0,760,0,3,7,3,7,8,7,8,8,8,8,750,0,16,1,1,0,1,1,1,1,55,688,21,5,2017,1,21,42,1,1,2,1,2,US-95,NA,4398,47.82946389,-116.7803806,0,8,0,0,1,1,0,1,2,1,0,1,0,0,21,43,21,51,88,88,0,0,0,1,0
16,160139,0,1,5,36,2,0,0,0,190,0,9,7,9,7,8,7,8,8,8,8,100,0,16,1,1,0,1,1,1,1,17,0,3,8,2017,5,9,47,0,6,96,96,4,CR-DUFORT RD,NA,12,48.168775,-116.8868667,0,1,0,0,1,1,0,99,1,1,0,1,0,0,9,49,9,54,88,88,15,0,0,1,0
16,160141,0,1,5,26,1,0,0,0,410,0,3,7,3,7,8,7,8,8,8,8,400,0,16,3,3,0,1,1,3,3,39,0,23,9,2017,7,22,45,1,1,1,1,1,I-84,NA,1225,42.96129167,-115.2663861,0,8,0,0,1,1,0,1,2,1,0,1,0,0,22,48,22,55,99,98,0,0,0,1,0
16,160169,0,1,5,33,2,0,1,0,410,0,3,7,5,7,8,7,8,8,8,8,400,0,16,1,1,0,1,1,1,1,1,160,1,10,2017,1,18,47,0,2,4,2,5,MAPLE GROVE RD,NA,150,43.60325278,-116.2940806,0,8,0,0,1,1,0,4,3,1,0,1,0,0,18,51,18,55,99,99,0,0,0,1,0
16,160174,0,1,5,51,1,0,0,0,420,0,3,7,3,7,8,7,8,8,8,8,400,0,16,1,1,0,1,1,1,1,27,1200,22,11,2017,4,0,27,0,2,4,4,6,2ND SOUTH ST,NA,10,43.56784167,-116.5456639,0,8,0,0,1,1,0,1,2,2,5,2,0,0,0,27,0,33,88,88,0,0,0,1,0
16,160180,0,1,5,75,1,0,0,0,760,0,1,7,1,7,9,7,1,3,9,99,750,0,16,1,1,0,1,1,1,1,1,160,15,10,2017,1,21,40,1,2,3,1,2,US-26 BROADWAY AVE,RICHMOND ST,518,43.57721667,-116.1935222,0,8,0,1,2,2,0,1,3,1,0,1,0,0,21,40,21,43,22,2,0,0,0,1,0
16,160202,0,1,5,60,1,0,0,0,230,0,3,7,9,7,8,7,8,8,8,8,100,0,16,2,1,1,2,2,1,1,27,0,27,10,2017,6,4,40,0,6,96,96,4,CR-SAND HOLLOW RD,CR-MARKET RD,0,43.7783,-116.7637556,0,14,0,0,1,1,0,2,2,1,0,1,0,0,4,44,4,59,99,99,23,0,0,1,0
16,160202,0,2,5,48,2,0,0,0,230,0,3,7,9,7,8,7,8,8,8,8,100,0,16,2,1,1,2,2,1,1,27,0,27,10,2017,6,4,40,0,6,96,96,4,CR-SAND HOLLOW RD,CR-MARKET RD,0,43.7783,-116.7637556,0,14,0,0,1,1,0,2,2,1,0,1,0,0,4,44,4,59,99,99,23,0,0,1,0
16,160209,0,1,5,68,2,1,0,0,680,0,3,7,2,7,8,7,8,8,8,8,990,0,16,1,1,0,1,1,1,1,1,160,19,12,2017,3,17,30,0,2,4,2,6,USTICK RD,NA,11,43.63396389,-116.3119194,0,8,0,0,1,1,0,1,5,10,0,10,0,0,17,31,17,35,99,99,0,0,0,1,0
16,160217,0,1,5,24,2,0,1,0,760,0,2,7,3,7,9,7,1,3,2,4d,750,0,16,1,1,0,1,1,2,2,1,435,18,11,2017,7,0,19,1,2,3,1,3,SR- N EAGLE RD,RIVERSIDE DR,426,43.68792222,-116.3540639,0,8,0,1,3,2,0,1,3,1,0,1,0,0,0,19,0,23,0,34,0,0,0,1,1
16,160222,0,1,5,67,2,0,0,0,410,0,3,7,3,7,8,7,8,8,8,8,400,0,16,1,1,0,1,1,2,2,45,480,11,12,2017,2,18,25,0,2,5,4,6,MILL RD S,NA,0,43.86678611,-116.5126194,0,8,0,0,1,1,0,1,2,10,0,10,0,0,18,29,18,31,99,99,0,0,0,1,0
17,170012,0,1,5,59,1,1,1,0,760,0,2,7,3,7,1,7,4,3,2,4a,750,0,17,1,1,0,1,1,1,1,31,6410,9,1,2017,2,19,37,1,2,3,1,2,US-12 9TH ST,COOK AVE,715,41.71990278,-87.751925,0,8,0,0,3,2,0,1,3,1,0,1,0,0,99,99,99,99,88,88,0,0,0,1,0
17,170017,0,1,5,21,2,0,1,0,680,0,3,7,9,7,8,7,8,8,8,8,990,0,17,1,1,0,1,1,1,1,31,1670,10,1,2017,3,8,13,0,2,5,4,6,WENTWORTH AVE,NA,0,41.76879444,-87.62986111,0,8,0,0,1,1,0,98,1,2,0,2,0,0,99,99,99,99,88,88,0,0,0,1,0
17,170023,0,1,5,24,1,0,0,0,230,0,3,7,3,7,8,7,8,8,8,8,100,0,17,1,1,0,1,1,1,1,31,1670,10,1,2017,3,23,9,1,2,1,1,1,I-290 SR-110 EISENHOWER EXPWY,NA,235,41.871025,-87.76444444,0,8,0,1,18,1,0,1,3,1,0,1,0,0,99,99,99,99,88,88,23,0,0,1,0
17,170035,0,1,5,54,1,1,1,0,690,0,2,7,3,7,9,7,1,3,1,2c,990,0,17,1,1,0,1,1,1,1,143,6850,21,1,2017,7,22,5,1,2,3,1,3,SR-40 KNOXVILLE AVE,THRUSH AVE,32,40.71444444,-89.59388611,0,8,0,0,3,3,0,1,3,1,0,1,0,0,99,99,99,99,99,99,0,0,0,1,0
17,170042,0,1,5,84,2,1,1,0,781,0,1,7,2,7,3,7,1,1,2,11b,790,0,17,1,1,0,1,1,1,1,43,4940,21,1,2017,7,12,26,0,2,4,4,5,ST CHARLES RD,MAIN ST,0,41.88726111,-88.01827778,0,8,0,0,3,2,0,1,1,1,0,1,0,0,99,99,99,99,99,99,0,0,0,1,0
17,170043,0,1,5,37,2,0,0,0,459,0,3,7,3,7,8,7,8,8,8,8,400,0,17,1,1,0,1,1,1,1,31,8120,22,1,2017,1,4,25,1,2,1,1,1,I-94  BISHOP FORD EXPWY,NA,728,41.60279722,-87.58363333,0,8,0,0,1,1,0,1,3,5,0,5,0,0,99,99,99,99,88,88,19,0,0,1,0
17,170044,0,1,5,61,1,0,1,0,680,0,3,7,3,7,8,7,8,8,8,8,990,0,17,1,1,0,1,1,1,1,119,5330,22,1,2017,1,20,36,1,2,3,1,3,SR-159 TROY RD,NA,376,38.74149722,-89.95660833,0,8,0,0,1,1,0,1,2,10,0,10,0,0,99,99,99,99,88,88,0,0,0,1,0
17,170048,0,1,5,66,2,0,1,0,620,0,2,7,3,7,3,7,2,3,1,2a,600,0,17,1,1,0,1,1,1,1,31,3190,27,1,2017,6,17,45,0,2,4,4,6,GRAND AVE,WILLOW ST,0,41.92918333,-87.85493333,0,8,0,0,3,3,0,1,2,1,0,1,0,0,99,99,99,99,88,88,0,0,0,1,0
17,170055,0,1,5,64,1,0,1,0,741,0,3,7,3,7,8,7,8,8,8,8,740,0,17,1,1,0,1,1,1,1,31,1670,8,1,2017,1,1,40,1,2,3,1,3,SR-50 CICERO AVE,NA,501,41.79803889,-87.74298333,0,8,0,0,1,1,0,1,3,1,0,1,0,0,99,99,99,99,99,99,0,0,0,1,0
17,170058,0,1,5,77,2,1,1,0,781,0,1,7,2,7,1,7,3,1,2,11b,790,0,17,1,1,0,1,1,1,1,31,1670,21,1,2017,7,9,43,0,2,4,4,6,79TH ST,KARLOV AVE,0,41.74938333,-87.723875,0,8,0,0,3,2,0,1,1,1,0,1,0,0,99,99,99,99,99,99,0,0,0,1,0
17,170061,0,1,5,64,1,1,1,0,799,0,1,7,2,7,9,7,2,1,2,11c,790,0,17,1,1,0,1,1,1,1,31,1670,26,1,2017,5,23,51,0,2,4,4,6,PULASKI RD,W MELROSE ST,0,41.94001111,-87.72718889,0,8,0,0,2,3,0,1,3,1,0,1,0,0,99,99,99,99,99,99,0,0,0,1,0
17,170065,0,1,5,54,1,0,0,0,680,0,3,7,3,7,8,7,8,8,8,8,990,0,17,1,1,0,1,1,2,2,97,9997,9,1,2017,2,20,41,1,2,3,1,3,SR-137 SHERIDAN RD,NA,180,42.41280278,-87.82490278,0,8,0,0,1,1,0,1,2,1,0,1,0,0,99,99,99,99,99,99,0,0,0,1,0
17,170071,0,1,5,75,1,0,0,0,760,0,3,7,3,7,8,7,8,8,8,8,750,0,17,1,1,0,1,1,1,1,167,8220,5,2,2017,1,21,34,1,2,3,1,1,I-55B PEORIA RD,NA,90,39.85466389,-89.619,0,8,0,0,1,1,0,1,2,1,0,1,0,0,99,99,99,99,88,88,0,0,0,1,0
17,170079,0,1,5,18,2,0,0,0,680,0,3,7,3,7,8,7,8,8,8,8,990,0,17,1,1,0,1,1,2,2,31,1670,11,2,2017,7,22,53,1,2,3,1,2,US-41 LAKE SHORE DR,NA,203,41.95897222,-87.64595278,0,8,0,0,1,1,0,1,3,1,0,1,0,0,99,99,99,99,88,88,0,0,0,1,0
17,170080,0,1,8,56,1,1,1,0,770,0,1,7,2,7,1,7,4,3,1,1a,750,0,17,1,1,0,1,1,2,2,19,8770,11,2,2017,7,19,20,1,2,3,1,2,US-45 US-150 UNIVERSITY AVE,RACE ST,2478,40.11651389,-88.20901944,0,15,0,0,2,2,0,1,3,1,0,1,0,0,99,99,99,99,99,99,0,0,0,1,0
17,170086,0,1,8,64,2,0,1,0,760,0,1,7,1,7,9,7,2,3,9,99,750,0,17,1,1,0,1,1,1,1,5,3640,9,2,2017,5,5,55,1,2,4,1,3,SR-127 HARRIS AVE,SPRUCE,1296,38.88713333,-89.409225,0,15,0,0,2,3,0,1,2,1,0,1,0,0,99,99,99,99,99,99,0,0,0,1,0
17,170091,0,1,5,27,2,0,0,0,120,0,3,7,3,7,8,7,8,8,8,8,100,0,17,1,1,0,1,1,1,1,11,8230,16,2,2017,5,22,24,0,1,7,3,5,DAL ZELL RD,NA,0,41.33163056,-89.16959167,0,8,0,0,1,1,0,1,2,1,0,1,0,0,99,99,99,99,99,99,0,0,0,1,0
17,170097,0,1,5,13,1,0,1,0,760,0,3,7,3,7,8,7,8,8,8,8,750,0,17,1,1,0,1,1,1,1,31,8367,19,2,2017,1,19,40,0,2,4,1,3,SR-19  IRVING PARK RD,NA,60,42.00907222,-88.15953333,0,8,0,0,1,1,0,1,3,1,0,1,0,0,99,99,99,99,99,99,0,0,0,1,0
17,170102,0,1,5,52,1,0,1,0,610,0,2,7,9,7,4,7,1,3,2,4b,600,0,17,1,1,0,2,2,1,1,31,2330,14,2,2017,3,6,8,0,2,4,4,6,WOLF RD,JARVIS AVE,0,42.01237222,-87.90893611,0,8,0,0,3,3,0,3,3,1,0,1,0,0,99,99,99,99,99,99,0,0,0,1,0
17,170102,0,2,5,56,1,0,1,0,610,0,2,7,9,7,4,7,1,3,2,4b,600,0,17,1,1,0,2,2,1,1,31,2330,14,2,2017,3,6,8,0,2,4,4,6,WOLF RD,JARVIS AVE,0,42.01237222,-87.90893611,0,8,0,0,3,3,0,3,3,1,0,1,0,0,99,99,99,99,99,99,0,0,0,1,0
17,170103,0,1,5,26,1,0,0,0,459,0,3,7,3,7,8,7,8,8,8,8,400,0,17,1,1,0,1,1,1,1,31,8367,14,2,2017,3,9,46,1,2,3,1,2,US-20  LAKE ST,NA,1507,42.00002778,-88.17114722,0,8,0,0,1,1,0,1,1,1,0,1,0,0,99,99,99,99,88,88,0,0,0,1,0
17,170110,0,1,5,29,1,0,0,0,230,0,3,7,3,7,8,7,8,8,8,8,100,0,17,2,2,0,1,1,2,2,183,0,22,2,2017,4,6,42,1,1,1,1,1,I-74,NA,2124,40.10465278,-87.67254722,0,8,0,0,1,1,0,1,4,5,0,5,0,0,99,99,99,99,99,99,19,0,0,1,0
17,170112,0,1,5,43,1,0,1,9,770,0,1,7,2,7,2,7,3,3,1,1b,750,0,17,1,1,0,1,1,1,1,31,4680,24,2,2017,6,1,59,0,2,7,4,6,178TH ST,OAKLEY AVE,0,41.57195556,-87.55394167,0,8,0,0,3,2,0,1,3,1,0,1,0,0,99,99,99,99,88,88,0,0,0,1,1
17,170115,0,1,5,30,1,0,0,0,230,0,3,7,3,7,8,7,8,8,8,8,100,0,17,1,1,0,1,1,1,1,119,7073,25,2,2017,7,5,2,1,2,4,1,3,SR-111,NA,69,38.68826389,-90.06569444,0,8,0,0,1,1,0,1,2,1,0,1,0,0,99,99,99,99,88,88,19,0,0,1,0
17,170123,0,1,5,42,1,0,0,0,410,0,3,7,3,7,8,7,8,8,8,8,400,0,17,1,1,0,1,1,1,1,29,6390,26,2,2017,1,0,5,0,1,7,3,5,DANVILLE RD,NA,0,39.65993611,-88.02435556,0,8,0,0,1,1,0,1,2,1,0,1,0,0,99,99,99,99,88,88,0,0,0,1,0
17,170124,0,1,5,35,2,1,1,0,770,0,1,7,2,7,2,7,3,3,2,3b,750,0,17,2,2,0,1,1,2,2,31,1670,1,2,2017,4,18,23,0,2,4,4,6,KEDZIE,W 13TH ST,0,41.86457222,-87.70558889,0,8,0,0,3,2,0,1,3,1,0,1,0,0,99,99,99,99,99,99,14,0,0,1,0
17,170135,0,1,5,80,1,1,1,0,760,0,1,7,1,7,1,7,2,3,1,2b,750,0,17,1,1,0,1,1,1,1,31,7502,25,2,2017,7,21,0,0,2,4,1,3,SR-72 HIGGINS RD,WILLOW CREEK DR,1074,41.99240278,-87.86298056,0,8,0,0,3,3,0,1,3,1,0,1,0,0,99,99,99,99,99,99,0,0,0,1,0
17,170138,0,1,5,83,2,0,1,0,465,0,2,7,5,7,9,7,1,3,9,99,460,0,17,1,1,0,1,1,1,1,31,5790,14,2,2017,3,14,44,0,2,7,4,6,EMERSON ST,NA,0,42.05205556,-87.815525,0,8,0,0,4,1,0,1,1,1,0,1,0,0,99,99,99,99,99,99,0,0,0,1,0
17,170141,0,1,5,34,1,1,1,0,760,0,1,7,2,7,2,7,1,3,2,3a,750,0,17,1,1,0,1,1,1,1,43,9000,14,2,2017,3,18,23,1,2,3,1,3,SR-59,MEADOW AVE,221,41.82599722,-88.20221111,0,8,0,0,3,2,0,1,2,1,0,1,0,0,99,99,99,99,88,88,0,0,0,1,0
17,170142,0,1,5,53,1,0,0,0,230,0,3,7,4,7,8,7,8,8,8,8,100,0,17,2,1,1,1,1,1,1,31,4680,5,3,2017,1,13,35,1,2,1,1,1,I-80 I-94,NA,1617,41.57764722,-87.55810556,0,8,0,1,19,1,0,2,1,1,0,1,0,0,99,99,99,99,99,99,23,14,0,1,0
17,170144,0,1,5,36,1,0,1,0,160,0,3,7,3,7,8,7,8,8,8,8,100,0,17,1,1,0,1,1,1,1,89,460,6,3,2017,2,19,41,0,2,4,1,3,SR-31 LAKE ST,NA,68,41.77289167,-88.31410833,0,8,0,0,1,1,0,1,3,6,0,6,0,0,99,99,99,99,88,88,16,0,0,1,0
17,170155,0,1,5,59,2,0,1,0,680,0,3,7,3,7,8,7,8,8,8,8,990,0,17,2,2,0,1,1,6,6,31,780,3,3,2017,6,18,42,0,2,5,4,6,16TH ST,NA,0,41.85810278,-87.77913333,0,8,0,0,1,1,0,1,2,1,0,1,0,0,99,99,99,99,99,99,0,0,0,1,0
17,170166,0,1,5,85,1,0,0,0,760,0,1,7,1,7,4,7,3,3,2,4a,750,0,17,1,1,0,1,1,1,1,39,1810,20,3,2017,2,6,40,1,2,3,1,3,SR-54,WASHINGTON ST,425,40.154025,-88.94101667,0,8,0,0,3,2,0,1,2,2,0,2,0,0,99,99,99,99,99,99,0,0,0,1,0
17,170184,0,1,5,56,1,1,1,0,760,0,1,7,1,7,1,7,2,3,1,2b,750,0,17,1,1,0,1,1,1,1,31,1670,25,3,2017,7,9,33,0,2,4,1,6,CERMAK RD,WENTWORTH AVE,0,41.85279444,-87.63200833,0,8,0,0,2,3,0,1,1,2,0,2,0,0,99,99,99,99,99,99,0,0,0,1,0
17,170185,0,1,5,43,1,0,0,0,690,0,2,7,3,7,9,7,4,9,8,99,990,0,17,1,1,0,1,1,1,1,111,0,30,3,2017,5,21,48,1,2,3,1,2,US-14,LAKE SHORE DR,204,42.29066944,-88.41735278,0,8,0,0,3,2,0,1,2,2,0,2,0,0,99,99,99,99,99,99,0,0,0,1,0
17,170186,0,1,5,50,1,0,0,0,760,0,2,7,3,7,2,7,3,3,2,4b,750,0,17,1,1,0,1,1,1,1,113,6230,31,3,2017,6,20,24,1,1,3,1,1,I-55 BUSINESS  VETERANS PKWY,SHEPARD RD,310,40.52448889,-88.95231111,0,8,0,0,3,2,0,1,2,1,0,1,0,0,99,99,99,99,88,88,0,0,0,1,0
17,170199,0,1,5,70,1,0,0,0,610,0,3,7,3,7,8,7,8,8,8,8,600,0,17,1,1,0,1,1,3,3,183,2220,4,4,2017,3,14,40,1,2,3,1,2,US-136 SR-1 VERMILION ST,NA,2169,40.17165556,-87.63071111,0,8,0,0,1,1,0,1,1,1,0,1,0,0,99,99,99,99,99,99,0,0,0,1,0
17,170216,0,1,5,52,2,1,1,0,690,0,1,7,2,7,3,7,2,3,2,3a,990,0,17,1,1,0,1,1,1,1,31,1670,2,1,2017,2,6,14,0,2,4,4,6,CHICAGO AVE,N LOREL AVE,0,41.89490278,-87.75933056,0,8,0,0,2,2,0,1,3,1,0,1,0,0,99,99,99,99,99,99,0,0,0,1,0
17,170217,0,1,5,50,1,0,1,0,690,0,2,7,3,7,9,7,9,8,8,99,990,0,17,1,1,0,1,1,1,1,31,3790,9,2,2017,5,20,59,0,2,3,1,3,SR-83 147TH SIBLEY BLVD,MADISON AVE,127,41.62261389,-87.63810833,0,8,0,0,3,3,0,1,2,1,0,1,0,0,99,99,99,99,99,99,0,0,0,1,0
17,170220,0,1,5,45,2,0,1,0,770,0,3,7,3,7,8,7,8,8,8,8,750,0,17,2,2,0,1,1,3,3,31,1670,11,3,2017,7,8,10,0,2,7,4,6,TAN CT,NA,0,41.85571667,-87.63324722,0,8,0,0,1,1,0,1,1,1,0,1,0,0,99,99,99,99,99,99,0,0,0,1,0
17,170226,0,1,5,5,1,1,1,0,791,0,2,7,3,7,3,7,1,2,2,8b,790,0,17,1,1,0,2,2,1,1,31,1670,15,3,2017,4,8,0,0,2,4,4,6,ASHLAND AVE,37TH ST,0,41.82686111,-87.66551944,0,8,0,0,3,2,0,1,1,1,0,1,0,0,99,99,99,99,99,99,0,0,0,1,0
17,170226,0,2,5,18,1,1,1,0,791,0,2,7,3,7,3,7,1,2,2,8b,790,0,17,1,1,0,2,2,1,1,31,1670,15,3,2017,4,8,0,0,2,4,4,6,ASHLAND AVE,37TH ST,0,41.82686111,-87.66551944,0,8,0,0,3,2,0,1,1,1,0,1,0,0,99,99,99,99,99,99,0,0,0,1,0
17,170235,0,1,8,53,1,0,0,0,410,0,2,7,3,7,9,7,1,3,2,4c,400,0,17,1,1,0,2,2,1,1,159,6520,13,4,2017,5,20,40,1,2,4,1,3,SR-130 WEST ST,NORTH AVE,334,38.72660833,-88.09410556,0,8,0,0,3,2,0,1,2,1,0,1,0,0,99,99,99,99,99,99,0,0,0,1,0
17,170235,0,2,5,18,1,0,0,0,410,0,3,7,3,7,8,7,8,8,8,8,400,0,17,1,1,0,2,2,1,1,159,6520,13,4,2017,5,20,40,1,2,4,1,3,SR-130 WEST ST,NORTH AVE,334,38.72660833,-88.09410556,0,8,0,0,3,2,0,1,2,1,0,1,0,0,99,99,99,99,99,99,0,0,0,1,0
17,170256,0,1,5,27,1,0,1,0,610,0,3,7,3,7,8,7,8,8,8,8,600,0,17,1,1,0,2,2,2,2,97,9100,29,4,2017,7,4,15,0,2,5,4,6,GENESEE ST,NA,0,42.359825,-87.83136111,0,8,0,0,1,1,0,1,3,1,0,1,0,0,99,99,99,99,99,99,0,0,0,1,0
17,170256,0,2,5,28,1,0,1,0,140,0,3,7,3,7,8,7,8,8,8,8,100,0,17,1,1,0,2,2,2,2,97,9100,29,4,2017,7,4,15,0,2,5,4,6,GENESEE ST,NA,0,42.359825,-87.83136111,0,8,0,0,1,1,0,1,3,1,0,1,0,0,99,99,99,99,99,99,0,0,0,1,0
17,170261,0,1,5,51,2,0,0,0,680,0,3,7,3,7,8,7,8,8,8,8,990,0,17,1,1,0,1,1,1,1,119,1910,29,4,2017,7,23,8,1,2,3,1,3,SR-159 VANDALIA ST,NA,331,38.68122222,-89.97903333,0,8,0,0,1,1,0,1,3,2,0,2,0,0,99,99,99,99,99,99,0,0,0,1,1
17,170294,0,1,5,76,2,1,1,0,781,0,1,7,2,7,2,7,2,1,2,11a,790,0,17,1,1,0,1,1,1,1,31,1670,10,4,2017,2,14,3,0,2,4,4,6,KEDZIE AVE,61ST ST,0,41.78261111,-87.70323611,0,8,0,0,3,2,0,1,1,2,0,2,0,0,99,99,99,99,99,99,0,0,0,1,0
17,170302,0,1,5,28,1,0,0,0,313,0,3,7,3,7,8,7,8,8,8,8,600,0,17,1,1,0,1,1,1,1,115,0,15,5,2017,2,2,49,1,1,2,1,2,US-51 BLOOMINGTON RD,NA,2285,39.99493611,-88.956125,0,8,0,0,1,1,0,1,2,1,0,1,0,0,2,49,99,99,99,99,0,0,0,1,0
17,170306,0,1,5,67,1,0,1,0,690,0,1,7,1,7,2,7,1,3,1,2a,990,0,17,1,1,0,1,1,2,2,31,3790,17,4,2017,2,21,0,1,2,3,1,6,DIXIE HWY,151ST ST,0,41.61534722,-87.67255833,0,8,0,0,2,2,0,1,2,1,0,1,0,0,99,99,99,99,99,99,0,0,0,1,0
17,170308,0,1,5,54,1,0,0,0,410,0,3,7,3,7,8,7,8,8,8,8,400,0,17,1,1,0,1,1,1,1,97,8933,9,5,2017,3,20,40,1,2,3,1,2,US-41,NA,578,42.41110278,-87.93800833,0,8,0,0,1,1,0,1,2,10,0,10,0,0,99,99,99,99,88,88,0,0,0,1,0
17,170322,0,1,5,59,2,0,0,0,760,0,3,7,3,7,8,7,8,8,8,8,750,0,17,1,1,0,1,1,1,1,111,3770,17,5,2017,4,21,18,1,2,3,1,3,SR-173 BRINK ST,NA,226,42.41481389,-88.617925,0,8,0,0,1,1,0,1,2,1,0,1,0,0,99,99,99,99,99,99,0,0,0,1,0
17,170328,0,1,5,22,2,0,0,0,313,0,3,7,3,7,8,7,8,8,8,8,600,0,17,1,1,0,1,1,1,1,89,460,22,5,2017,2,2,15,1,2,3,2,6,ORCHARD RD,NA,0,41.77148611,-88.37579444,0,8,0,0,1,1,0,1,2,1,0,1,0,0,99,99,99,99,88,88,0,0,0,1,0
17,170340,0,1,5,62,2,1,1,0,770,0,1,7,2,7,9,7,1,3,9,99,750,0,17,1,1,0,1,1,1,1,31,1670,29,3,2017,4,19,30,0,2,5,4,6,CENTRAL PARK AVE,W FULTON ST,0,41.886275,-87.71653611,0,8,0,0,3,3,0,1,3,2,0,2,0,0,99,99,99,99,99,99,0,0,0,1,0
17,170344,0,1,5,48,1,0,1,0,690,0,1,7,1,7,9,7,1,3,9,99,990,0,17,1,1,0,1,1,1,1,159,6520,28,5,2017,1,21,52,1,2,4,1,3,SR-130 WEST ST,CHERRY ST,335,38.72753333,-88.0941,0,8,0,0,2,2,0,1,2,10,0,10,0,0,99,99,99,99,99,99,0,0,0,1,0
17,170346,0,1,5,28,1,1,1,0,770,0,1,7,2,7,9,7,4,3,1,1c,750,0,17,1,1,0,1,1,1,1,31,1670,30,5,2017,3,2,59,1,2,3,4,6,GARFIELD BLVD,OAKLEY AVE,0,41.79382778,-87.68128333,0,8,0,0,2,3,0,1,3,1,0,1,0,0,99,99,99,99,99,99,0,0,0,1,0
17,170348,0,1,5,13,1,0,0,0,620,0,3,7,3,7,8,7,8,8,8,8,600,0,17,1,1,0,1,1,1,1,97,8857,31,3,2017,6,21,54,1,2,3,1,3,SR-60 TOWNLINE RD,NA,125,42.240466670000004,-87.95597222,0,8,0,0,1,1,0,1,3,1,0,1,0,0,99,99,99,99,99,99,0,0,0,1,0
17,170352,0,1,5,40,1,0,0,0,230,0,3,7,3,7,8,7,8,8,8,8,100,0,17,2,2,0,1,1,3,3,119,3450,29,5,2017,2,22,34,1,2,4,1,3,SR-100 MCADAMS PKWY,NA,38,38.92228889,-90.242625,0,8,0,0,1,1,0,1,2,1,0,1,0,0,99,99,99,99,88,88,23,0,0,1,0
17,170355,0,1,5,73,1,0,1,0,770,0,3,7,3,7,8,7,8,8,8,8,750,0,17,1,1,0,1,1,4,4,31,1670,6,5,2017,7,15,35,0,2,4,4,6,YATES BLVD,NA,0,41.74781944,-87.56616389,0,8,0,0,1,1,0,1,1,1,0,1,0,0,99,99,99,99,99,99,0,0,0,1,0
17,170356,0,1,5,58,2,0,0,0,410,0,3,7,3,7,8,7,8,8,8,8,400,0,17,1,1,0,1,1,1,1,31,1670,8,5,2017,2,0,41,1,2,3,1,3,SR-19 IRVING PARK RD,NA,195,41.95314167,-87.91323056,0,8,0,0,1,1,0,1,2,1,0,1,0,0,99,99,99,99,99,99,0,0,0,1,0
17,170359,0,1,5,74,1,0,0,0,710,0,3,7,3,7,8,7,8,8,8,8,720,0,17,1,1,0,1,1,4,4,31,1670,22,5,2017,2,21,15,1,2,3,1,2,US-41 LAKE SHORE DR,NA,199,41.95303889,-87.64455833,0,8,0,1,18,1,0,1,3,1,0,1,0,0,99,99,99,99,99,99,0,0,0,1,0