STATE.x,ST_CASE,VEH_NO,PER_NO,PBPTYPE,PBAGE,PBSEX,PBCWALK,PBSWALK,PBSZONE,PEDCTYPE,BIKECTYPE,PEDLOC,BIKELOC,PEDPOS,BIKEPOS,PEDDIR,BIKEDIR,MOTDIR,MOTMAN,PEDLEG,PEDSNR,PEDCGP,BIKECGP,STATE.y,VE_TOTAL,VE_FORMS,PVH_INVL,PEDS,PERNOTMVIT,PERMVIT,PERSONS,COUNTY,CITY,DAY,MONTH,YEAR,DAY_WEEK,HOUR,MINUTE,NHS,RUR_URB,FUNC_SYS,RD_OWNER,ROUTE,TWAY_ID,TWAY_ID2,MILEPT,LATITUDE,LONGITUD,SP_JUR,HARM_EV,MAN_COLL,RELJCT1,RELJCT2,TYP_INT,WRK_ZONE,REL_ROAD,LGT_COND,WEATHER1,WEATHER2,WEATHER,SCH_BUS,RAIL,NOT_HOUR,NOT_MIN,ARR_HOUR,ARR_MIN,HOSP_HR,HOSP_MN,CF1,CF2,CF3,FATALS,DRUNK_DR
17,170361,0,1,5,94,1,1,1,0,770,0,1,7,2,7,2,7,3,3,2,3b,750,0,17,1,1,0,1,1,1,1,31,780,29,5,2017,2,9,21,1,2,3,1,6,RIDGELAND AVE,OGDEN AVE,0,41.83061111,-87.78298333,0,8,0,0,3,7,0,1,1,1,0,1,0,0,99,99,99,99,99,99,0,0,0,1,0
17,170384,0,1,5,6,1,0,0,0,312,0,3,7,3,7,8,7,8,8,8,8,310,0,17,1,1,0,1,1,1,1,113,840,3,6,2017,7,14,0,0,2,6,3,6,BUNN ST,NA,0,40.44959167,-88.98129444,0,8,0,0,1,1,0,1,1,1,0,1,0,0,99,99,99,99,99,99,0,0,0,1,0
17,170400,0,1,5,54,1,0,1,0,140,0,2,7,5,7,9,7,4,3,2,4d,100,0,17,2,2,0,2,2,2,2,31,1670,2,6,2017,6,21,2,0,2,5,4,6,ADDISON ST,KEATING AVE,0,41.94615556,-87.74537778,0,12,6,0,2,3,0,1,3,1,0,1,0,0,99,99,99,99,99,99,0,0,0,1,0
17,170400,0,2,5,58,2,0,1,0,140,0,2,7,5,7,9,7,4,3,2,4d,100,0,17,2,2,0,2,2,2,2,31,1670,2,6,2017,6,21,2,0,2,5,4,6,ADDISON ST,KEATING AVE,0,41.94615556,-87.74537778,0,12,6,0,2,3,0,1,3,1,0,1,0,0,99,99,99,99,99,99,0,0,0,1,0
17,170416,0,1,5,63,1,0,1,0,680,0,3,7,3,7,8,7,8,8,8,8,990,0,17,1,1,0,1,1,1,1,31,1670,17,6,2017,7,23,47,0,2,4,4,6,ASHLAND AVE,NA,0,41.76434722,-87.66378333,0,8,0,0,1,1,0,1,3,10,0,10,0,0,99,99,99,99,99,99,0,0,0,1,1
17,170424,0,1,5,21,1,0,0,0,620,0,2,7,3,7,3,7,4,3,2,4b,600,0,17,1,1,0,1,1,1,1,43,5980,18,6,2017,1,0,50,1,2,3,2,4,CR-33  75TH ST,COLLEGE RD,0,41.74915,-88.09889167,0,8,0,0,3,2,0,1,2,1,0,1,0,0,99,99,99,99,99,99,0,0,0,1,0
17,170452,0,1,5,27,1,0,0,0,160,0,3,7,3,7,8,7,8,8,8,8,100,0,17,1,1,0,1,1,1,1,31,6280,3,6,2017,7,3,5,1,2,1,31,1,I-294,NA,5,42.14948333,-87.87520278,0,8,0,1,18,1,0,1,3,1,0,1,0,0,99,99,99,99,88,88,0,0,0,1,0
17,170458,0,1,5,67,1,1,1,0,770,0,1,7,2,7,4,7,3,3,2,3a,750,0,17,1,1,0,1,1,1,1,97,9100,4,6,2017,1,10,53,0,2,4,4,6,LEWIS AVE,CATALPA AVE,0,42.35764722,-87.85575,0,8,0,0,3,2,0,1,1,1,0,1,0,0,99,99,99,99,99,99,0,0,0,1,0
17,170464,0,1,5,42,2,1,1,0,781,0,1,7,2,7,3,7,1,1,2,11b,790,0,17,1,1,0,1,1,1,1,31,9580,2,6,2017,6,22,0,1,2,3,1,3,SR-43  HARLEM AVE,111TH ST,127,41.68996111,-87.79761111,0,8,0,0,3,2,0,1,3,1,0,1,0,0,99,99,99,99,99,99,0,0,0,1,0
17,170468,0,1,5,39,1,0,0,0,140,0,3,7,3,7,8,7,8,8,8,8,100,0,17,3,3,0,1,1,5,5,97,6290,21,4,2017,6,2,0,1,2,3,1,2,US-41 SKOKIE HWY,NA,516,42.33618333,-87.88526944,0,12,1,1,18,1,0,1,2,1,0,1,0,0,99,99,99,99,99,99,19,0,0,1,0
17,170469,0,1,5,39,1,0,0,0,760,0,3,7,3,7,8,7,8,8,8,8,750,0,17,1,1,0,1,1,5,5,97,9100,25,6,2017,1,22,23,0,2,4,1,3,SR-131  GREEN BAY RD,NA,58,42.36206389,-87.87589444,0,8,0,0,1,1,0,1,2,2,0,2,0,0,99,99,99,99,88,88,0,0,0,1,0
17,170471,0,1,5,33,1,0,0,0,230,0,3,7,6,7,8,7,8,8,8,8,100,0,17,1,1,0,1,1,1,1,177,7313,6,6,2017,3,7,21,1,2,3,1,2,US-20  ULYSSES S GRANT HWY,NA,701,42.27596111,-89.506175,0,8,0,0,1,1,0,3,1,1,0,1,0,0,99,99,99,99,99,99,23,0,0,1,0
17,170484,0,1,8,62,1,0,0,0,330,0,3,7,5,7,8,7,8,8,8,8,350,0,17,1,1,0,1,1,1,1,111,0,1,7,2017,7,13,24,0,2,5,3,5,E RINGWOOD RD,NA,0,42.40486111,-88.21143611,0,15,0,0,8,1,0,1,1,10,0,10,0,0,99,99,99,99,99,99,0,0,0,1,0
17,170486,0,1,5,27,2,0,1,0,680,0,3,7,3,7,8,7,8,8,8,8,990,0,17,1,1,0,1,1,1,1,31,1670,2,7,2017,1,0,22,0,2,5,1,6,WASHINGTON BLVD,NA,0,41.88191111,-87.73888056,0,8,0,0,1,1,0,1,3,1,0,1,0,0,99,99,99,99,99,99,0,0,0,1,0
17,170494,0,1,5,51,1,0,0,0,313,0,3,7,3,7,8,7,8,8,8,8,600,0,17,1,1,0,1,1,1,1,201,7460,7,7,2017,6,23,54,1,2,3,1,3,SR-251  11TH ST,NA,1130,42.208325,-89.072125,0,8,0,0,1,1,0,1,2,1,0,1,0,0,99,99,99,99,88,88,0,0,0,1,0
17,170501,0,1,5,63,1,0,1,0,742,0,3,7,3,7,8,7,8,8,8,8,740,0,17,1,1,0,1,1,1,1,31,0,7,7,2017,6,10,0,0,2,4,1,3,SR-72  HIGGINS RD,NA,1078,41.989975,-87.85791667,0,8,0,0,1,1,0,1,1,1,0,1,0,0,99,99,99,99,99,99,0,0,0,1,0
17,170506,0,1,5,53,1,0,1,0,760,0,3,7,3,7,8,7,8,8,8,8,750,0,17,1,1,0,1,1,2,2,165,3750,10,7,2017,2,21,43,0,2,5,4,6,SLOAN ST,NA,0,37.73108333,-88.53438333,0,8,0,0,1,1,0,1,3,1,0,1,0,0,99,99,99,99,99,99,0,0,0,1,0
17,170514,0,1,5,91,1,1,1,0,760,0,1,7,2,7,2,7,1,3,1,1a,750,0,17,1,1,0,1,1,1,1,31,9380,11,7,2017,3,20,47,0,2,4,4,6,GREEN BAY RD,LINDEN AVE,0,42.07369167,-87.70668056,0,8,0,0,3,2,0,1,6,10,0,10,0,0,99,99,99,99,99,99,0,0,0,1,0
17,170521,0,1,5,55,1,0,0,0,680,0,3,7,3,7,8,7,8,8,8,8,990,0,17,1,1,0,1,1,2,2,195,0,19,7,2017,4,0,50,1,2,4,1,3,SR-40 HOOVER RD,NA,772,41.73919722,-89.68966389,0,8,0,0,1,1,0,1,2,1,0,1,0,0,99,99,99,99,99,99,0,0,0,1,0
17,170529,0,1,5,45,1,0,1,0,410,0,3,7,3,7,8,7,8,8,8,8,400,0,17,3,1,2,1,1,1,1,31,1670,22,7,2017,7,23,24,0,2,7,4,6,W 28TH ST,NA,0,41.84057222,-87.72411389,0,8,0,0,1,1,0,1,3,1,0,1,0,0,99,99,99,99,99,99,0,0,0,1,1
17,170535,0,1,5,63,1,0,0,0,680,0,3,7,3,7,8,7,8,8,8,8,990,0,17,1,1,0,1,1,3,3,201,7460,25,7,2017,3,21,16,1,2,3,1,2,US-20 STATE ST,NA,205,42.26357778,-89.02593889,0,8,0,0,1,1,0,1,2,1,0,1,0,0,99,99,99,99,99,99,0,0,0,1,0
17,170540,0,1,5,42,1,0,1,0,410,0,3,7,3,7,8,7,8,8,8,8,400,0,17,2,1,1,1,1,1,1,31,1670,28,7,2017,6,3,27,0,2,5,4,6,CONGRESS PKWY,NA,0,41.87450833,-87.71321111,0,8,0,0,1,1,0,1,2,1,0,1,0,0,99,99,99,99,99,99,14,0,0,1,0
17,170552,0,1,5,64,1,0,0,0,760,0,3,7,3,7,8,7,8,8,8,8,750,0,17,1,1,0,2,2,2,2,31,140,14,7,2017,6,21,1,0,2,4,1,6,KEDZIE AVE,NA,0,41.66420278,-87.69984444,0,8,0,0,1,1,0,1,2,1,0,1,0,0,99,99,99,99,99,99,0,0,0,1,0
17,170552,0,2,5,47,1,0,0,0,760,0,3,7,3,7,8,7,8,8,8,8,750,0,17,1,1,0,2,2,2,2,31,140,14,7,2017,6,21,1,0,2,4,1,6,KEDZIE AVE,NA,0,41.66420278,-87.69984444,0,8,0,0,1,1,0,1,2,1,0,1,0,0,99,99,99,99,99,99,0,0,0,1,0
17,170561,0,1,5,41,2,0,1,0,760,0,2,7,3,7,9,7,1,3,1,2c,750,0,17,1,1,0,1,1,1,1,197,4300,21,7,2017,6,20,35,1,2,3,1,3,SR-7  LARKIN AVE,THEODORE ST,37,41.55163611,-88.12583333,0,8,0,0,3,2,0,1,3,2,0,2,0,0,99,99,99,99,99,99,0,0,0,1,0
17,170578,0,1,5,76,2,1,1,0,781,0,2,7,3,7,3,7,3,1,2,12a,790,0,17,1,1,0,1,1,1,1,31,1670,8,7,2017,7,17,14,0,2,4,4,6,47TH ST,LAKE PARK AVE,0,41.80969722,-87.59238611,0,8,0,0,3,2,0,1,1,1,0,1,0,0,99,99,99,99,99,99,0,0,0,1,0
17,170581,0,1,5,34,2,0,0,0,410,0,3,7,3,7,8,7,8,8,8,8,400,0,17,1,1,0,1,1,1,1,199,6980,3,8,2017,5,21,16,0,1,5,2,4,CR-3 PITTSBURG RD,NA,0,37.77327778,-88.85433333,0,8,0,0,1,1,0,1,2,1,0,1,0,0,99,99,99,99,88,88,0,0,0,1,0
17,170586,0,1,5,62,2,0,1,0,741,0,2,7,3,7,3,7,2,3,1,2a,740,0,17,1,1,0,1,1,1,1,31,0,2,8,2017,4,20,49,0,1,5,1,5,BALLARD RD,ROBIN DR,0,42.04339444,-87.85358333,0,8,0,0,3,3,0,1,3,10,0,10,0,0,99,99,99,99,99,99,0,0,0,1,0
17,170589,0,1,5,39,2,0,1,0,770,0,3,7,3,7,8,7,8,8,8,8,750,0,17,1,1,0,1,1,1,1,31,1670,12,8,2017,7,20,27,0,2,4,4,6,COTTAGE GROVE AVE,NA,0,41.745375,-87.60506389,0,8,0,0,1,1,0,1,3,1,0,1,0,0,99,99,99,99,88,88,0,0,0,1,0
17,170597,0,1,5,25,1,0,0,0,459,0,3,7,3,7,8,7,8,8,8,8,400,0,17,1,1,0,1,1,1,1,37,2280,5,8,2017,7,1,30,1,2,1,31,1,I-88,NA,922,41.90329444,-88.75553611,0,8,0,0,1,1,0,1,2,1,0,1,0,0,99,99,99,99,88,88,0,0,0,1,0
17,170620,0,1,5,55,2,0,0,0,410,0,3,7,3,7,8,7,8,8,8,8,400,0,17,1,1,0,1,1,1,1,105,7070,21,8,2017,2,1,10,1,2,3,1,3,SR-23 OLD RT 66,NA,1,40.88301667,-88.64371667,0,8,0,0,1,1,0,1,2,1,0,1,0,0,99,99,99,99,88,88,0,0,0,1,0
17,170625,0,1,5,45,1,1,1,0,791,0,1,7,2,7,2,7,2,2,2,7a,790,0,17,1,1,0,1,1,1,1,31,1670,22,8,2017,3,18,5,0,2,4,4,6,HALSTED ST,74TH ST,0,41.75970278,-87.64431944,0,8,0,0,2,2,0,1,1,1,0,1,0,0,99,99,99,99,99,99,0,0,0,1,0
17,170633,0,1,5,72,1,0,0,0,741,0,3,7,3,7,8,7,8,8,8,8,740,0,17,1,1,0,1,1,1,1,31,1670,19,8,2017,7,9,40,1,1,1,1,1,I-94  BISHOP FORD EXPWY,NA,695,41.64962778,-87.57995556,0,8,0,0,1,1,0,1,1,1,0,1,0,0,99,99,99,99,88,88,0,0,0,1,0
17,170661,0,1,5,23,2,0,0,0,741,0,3,7,3,7,8,7,8,8,8,8,740,0,17,1,1,0,1,1,1,1,43,2225,20,8,2017,1,5,3,0,2,6,1,6,NORTH FRONTAGE RD,NA,0,41.73131944,-87.97805556,0,8,0,0,1,1,0,1,2,1,0,1,0,0,99,99,99,99,99,99,0,0,0,1,0
17,170666,0,1,5,23,1,1,1,0,770,0,3,7,3,7,8,7,8,8,8,8,750,0,17,2,1,1,1,1,4,4,31,1670,18,6,2017,1,1,19,0,2,5,4,6,DIVISION ST,HOYNE AVE,0,41.90315278,-87.67969167,0,8,0,0,3,2,0,1,3,10,0,10,0,0,99,99,99,99,99,99,14,0,0,1,0
17,170700,0,1,5,69,2,0,1,0,459,0,3,7,3,7,8,7,8,8,8,8,400,0,17,1,1,0,1,1,1,1,31,1670,7,9,2017,5,16,28,0,2,5,4,6,KIMBALL AVE,NA,0,41.91932222,-87.71193056,0,8,0,0,1,1,0,1,1,1,0,1,0,0,99,99,99,99,99,99,0,0,0,1,0
17,170714,0,1,5,26,2,0,0,0,741,0,3,7,3,7,8,7,8,8,8,8,740,0,17,1,1,0,1,1,1,1,31,5450,9,9,2017,7,14,28,1,2,3,1,3,SR-64 NORTH AVE,NA,1263,41.90785556,-87.85991111,0,8,0,0,1,1,0,1,1,1,0,1,0,0,99,99,99,99,99,99,0,0,0,1,0
17,170720,0,1,5,75,2,0,1,0,212,0,3,7,5,7,8,7,8,8,8,8,200,0,17,1,1,0,1,1,1,1,179,6840,12,9,2017,3,14,28,0,2,4,4,6,BROADWAY ST,NA,0,40.56781111,-89.62523611,0,8,0,0,4,1,0,1,1,1,0,1,0,0,99,99,99,99,99,99,0,0,0,1,0
17,170723,0,1,5,76,1,1,1,0,781,0,1,7,2,7,3,7,1,1,2,11b,790,0,17,1,1,0,1,1,2,2,97,7560,1,9,2017,6,16,28,0,2,4,4,6,LOTUS DR,ROLLINS RD,0,42.37915833,-88.10184722,0,8,0,0,3,2,0,1,1,1,0,1,0,0,99,99,99,99,99,99,0,0,0,1,0
17,170732,0,1,5,48,1,0,0,0,311,0,3,7,3,7,8,7,8,8,8,8,310,0,17,1,1,0,1,1,1,1,31,0,18,9,2017,2,12,23,1,2,1,31,1,I-294 TRI STATE TOLLWAY,NA,409,41.66193611,-87.73708056,0,8,0,0,1,1,0,1,1,1,0,1,0,0,99,99,99,99,88,88,0,0,0,1,0
17,170745,0,1,5,50,2,0,0,0,230,0,3,7,4,7,8,7,8,8,8,8,100,0,17,3,1,2,1,2,1,2,197,0,26,9,2017,3,6,12,1,2,1,1,1,I-80,NA,1293,41.50573056,-88.14998333,0,14,0,0,1,1,0,2,4,1,0,1,0,0,99,99,99,99,99,99,23,14,0,2,0
17,170755,0,1,5,26,2,1,1,0,760,0,1,7,2,7,3,7,2,3,2,3a,750,0,17,3,3,0,1,1,4,4,43,4867,22,9,2017,6,20,20,0,2,4,2,4,CR-17 MAPLE AVE,BENEDICTINE PKWY,0,41.780425,-88.10424444,0,8,0,0,3,2,0,1,3,1,0,1,0,0,99,99,99,99,99,99,0,0,0,1,0
17,170766,0,1,5,53,1,0,1,0,680,0,3,7,3,7,8,7,8,8,8,8,990,0,17,1,1,0,1,1,1,1,31,1670,24,9,2017,1,15,30,0,2,4,4,6,47TH,NA,0,41.80860833,-87.66341667,0,8,0,0,1,1,0,1,1,1,0,1,0,0,99,99,99,99,99,99,0,0,0,1,0
17,170767,0,1,5,62,1,1,1,0,794,0,1,7,2,7,2,7,3,2,1,5b,790,0,17,1,1,0,1,1,1,1,31,780,28,9,2017,5,16,43,0,2,5,1,6,RIDGELAND AVE,ROOSEVELT RD,0,41.86533889,-87.78396944,0,8,0,0,3,2,0,1,1,1,0,1,0,0,99,99,99,99,99,99,0,0,0,1,0
17,170770,0,1,5,43,1,0,1,0,220,0,3,7,3,7,8,7,8,8,8,8,100,0,17,1,1,0,1,1,0,0,143,550,25,9,2017,2,5,5,0,2,7,4,6,BAKER LANE,NA,0,40.63673056,-89.67538889,0,8,0,0,1,1,0,1,2,1,0,1,0,0,99,99,99,99,99,99,0,0,0,1,0
17,170772,0,1,5,57,1,1,1,0,799,0,2,7,9,7,9,7,1,3,2,4d,790,0,17,1,1,0,1,1,2,2,31,1670,23,9,2017,7,12,25,1,2,3,1,3,SR-64  NORTH AVE,CENTRAL AVE,1312,41.90936111,-87.76573056,0,8,0,0,3,2,0,1,1,1,0,1,0,0,99,99,99,99,99,99,0,0,0,1,0
17,170777,0,1,5,34,1,0,0,0,620,0,3,7,3,7,8,7,8,8,8,8,600,0,17,1,1,0,1,1,1,1,31,3190,1,10,2017,1,2,7,1,2,3,1,2,US-12 US-45 MANNHEIM RD,NA,512,41.93055833,-87.88468889,0,8,0,0,1,1,0,1,3,1,0,1,0,0,99,99,99,99,88,88,0,0,0,1,0
17,170779,0,1,5,67,1,0,1,0,610,0,2,7,3,7,3,7,4,3,2,4b,600,0,17,1,1,0,1,1,2,2,19,1550,3,10,2017,3,19,36,0,2,4,4,6,BRADLEY AVE,WILLIS AVE,0,40.1272,-88.26038889,0,8,0,0,3,3,0,1,3,1,0,1,0,0,99,99,99,99,99,99,0,0,0,1,0
17,170782,0,1,5,60,1,0,0,0,313,0,3,7,3,7,8,7,8,8,8,8,600,0,17,1,1,0,1,1,1,1,31,8075,4,7,2017,3,1,11,1,2,3,1,3,SR-59  NEW SUTTON RD,NA,414,42.09673333,-88.18945,0,8,0,0,1,1,0,1,2,1,0,1,0,0,99,99,99,99,99,99,19,0,0,1,0
17,170784,0,1,5,36,2,0,1,0,690,0,2,7,3,7,9,7,2,3,2,4c,990,0,17,1,1,0,1,1,1,1,201,7460,6,10,2017,6,19,48,1,2,3,4,6,RIVERSIDE BLVD,LATHAN ST,0,42.31583056,-89.08052222,0,8,0,0,3,2,0,1,2,2,0,2,0,0,99,99,99,99,99,99,0,0,0,1,0
17,170786,0,1,5,61,1,1,1,0,690,0,2,7,3,7,9,7,3,9,8,99,990,0,17,2,2,0,1,1,3,3,31,1260,8,10,2017,1,20,31,0,2,4,1,6,BURNHAM AVE,SIBLEY BLVD,0,41.62268056,-87.53962778,0,8,0,0,3,2,0,1,3,1,0,1,0,0,99,99,99,99,99,99,0,0,0,1,0
17,170799,0,1,5,63,2,1,1,0,760,0,1,7,2,7,3,7,4,3,2,3b,750,0,17,1,1,0,1,1,2,2,31,8030,13,10,2017,6,5,48,1,2,3,1,6,TOUHY AVE,CENTRAL AVE,0,42.01195833,-87.767475,0,8,0,0,2,2,0,1,4,1,0,1,0,0,99,99,99,99,99,99,0,0,0,1,0
17,170811,0,1,5,45,1,0,0,0,690,0,2,7,3,7,9,7,3,3,2,4c,990,0,17,1,1,0,1,1,3,3,163,1460,21,10,2017,7,23,30,1,2,3,1,3,SR-159 NORTH ILLINOIS ST,TANGLEWOOD PKWY,303,38.644175,-89.98548333,0,8,0,0,3,3,0,1,2,1,0,1,0,0,99,99,99,99,99,99,0,0,0,1,1
17,170818,0,1,5,69,2,0,1,0,620,0,3,7,3,7,8,7,8,8,8,8,600,0,17,1,1,0,1,1,1,1,31,2330,25,10,2017,4,20,27,1,2,3,1,6,TOUHY AVE,NA,0,42.00961944,-87.88629722,0,8,0,0,1,1,0,1,2,1,0,1,0,0,99,99,99,99,99,99,0,0,0,1,0
17,170819,0,1,5,45,2,9,1,0,741,0,1,7,1,7,9,7,1,3,9,99,740,0,17,1,1,0,1,1,1,1,43,9545,31,10,2017,3,19,49,1,2,3,1,3,SR-53,HIGH TRAIL DR,475,41.76668889,-88.06773611,0,8,0,0,2,2,0,1,2,10,0,10,0,0,99,99,99,99,99,99,0,0,0,1,0
17,170821,0,1,5,89,1,0,1,0,770,0,3,7,3,7,8,7,8,8,8,8,750,0,17,1,1,0,1,1,1,1,111,9560,26,10,2017,5,6,41,0,2,4,2,6,SOUTH ST,NA,0,42.312875,-88.44978333,0,8,0,0,1,1,0,1,3,1,0,1,0,0,99,99,99,99,99,99,0,0,0,1,0
17,170823,0,1,5,50,2,1,1,0,690,0,2,7,3,7,3,7,4,3,1,2b,990,0,17,1,1,0,1,1,1,1,31,1670,1,10,2017,1,22,0,1,2,3,1,3,SR-50  CICERO AVE,85TH,459,41.73815556,-87.74094444,0,8,0,0,3,2,0,1,3,1,0,1,0,0,99,99,99,99,99,99,1,0,0,1,0
17,170824,0,1,5,79,1,0,1,0,710,0,1,7,2,7,4,7,1,3,2,3b,720,0,17,1,1,0,1,1,1,1,31,9580,2,10,2017,2,19,3,1,2,3,1,3,SR-43 HARLEM AVE,107TH ST,132,41.69724444,-87.79775833,0,8,0,0,2,2,0,1,5,1,0,1,0,0,99,99,99,99,99,99,0,0,0,1,0
17,170828,0,1,5,13,1,0,0,0,410,0,3,7,3,7,8,7,8,8,8,8,400,0,17,1,1,0,2,2,1,1,201,0,15,10,2017,1,18,44,0,2,4,2,4,CR-8 HONONEGAH RD,NA,0,42.43561389,-89.02882778,0,8,0,0,1,1,0,1,2,1,0,1,0,0,99,99,99,99,99,99,0,0,0,1,0
17,170828,0,2,5,13,2,0,0,0,410,0,3,7,3,7,8,7,8,8,8,8,400,0,17,1,1,0,2,2,1,1,201,0,15,10,2017,1,18,44,0,2,4,2,4,CR-8 HONONEGAH RD,NA,0,42.43561389,-89.02882778,0,8,0,0,1,1,0,1,2,1,0,1,0,0,99,99,99,99,99,99,0,0,0,1,0
17,170834,0,1,5,40,1,1,1,0,680,0,3,7,3,7,8,7,8,8,8,8,990,0,17,1,1,0,1,1,1,1,31,1670,1,11,2017,4,2,15,1,2,3,1,6,STONY ISLAND AVE,NA,0,41.74405278,-87.58578056,0,8,0,0,1,1,0,1,3,1,0,1,0,0,99,99,99,99,88,88,99,99,99,1,0
17,170838,0,1,5,31,1,0,0,0,690,0,1,7,1,7,9,7,2,3,9,99,990,0,17,1,1,0,1,1,2,2,111,5230,22,10,2017,1,18,21,1,2,3,1,3,SR-176 TELEGRAPH ST,PROSPECT ST,6,42.25513889,-88.59633889,0,8,0,0,2,2,0,1,2,2,0,2,0,0,99,99,99,99,88,88,0,0,0,1,0
17,170850,0,1,5,56,1,0,0,0,760,0,3,7,3,7,8,7,8,8,8,8,750,0,17,1,1,0,1,1,1,1,119,2640,6,11,2017,2,17,17,1,2,3,1,3,SR-157 ST LOUIS RD,NA,248,38.78971944,-89.9794,0,8,0,0,1,1,0,1,2,1,0,1,0,0,99,99,99,99,99,99,0,0,0,1,0
17,170858,0,1,5,35,2,0,0,0,410,0,3,7,3,7,8,7,8,8,8,8,400,0,17,1,1,0,1,1,1,1,197,887,5,11,2017,1,0,0,0,2,5,4,6,WEST FRONTAGE RD,NA,0,41.69544167,-88.04866389,0,8,0,0,1,1,0,1,2,2,0,2,0,0,99,99,99,99,88,88,0,0,0,1,0
17,170877,0,1,5,26,1,0,0,0,230,0,3,7,3,7,8,7,8,8,8,8,100,0,17,2,2,0,1,1,1,1,43,5980,21,11,2017,3,0,1,1,2,3,1,4,CR-33 75TH ST,NA,0,41.74723056,-88.19515833,0,8,0,0,1,1,1,1,2,1,0,1,0,0,99,99,99,99,99,99,23,0,0,1,0
17,170880,0,1,5,14,1,0,0,0,410,0,3,7,3,7,8,7,8,8,8,8,400,0,17,1,1,0,1,1,2,2,57,0,25,11,2017,7,18,35,0,1,4,2,4,CR-5 HICKORY RD,NA,0,40.50196389,-90.17608333,0,8,0,0,1,1,0,1,2,1,0,1,0,0,99,99,99,99,88,88,0,0,0,1,0
17,170885,0,1,5,45,1,0,0,0,910,0,3,7,3,7,8,7,8,8,8,8,910,0,17,1,1,0,1,1,1,1,31,0,24,11,2017,6,5,50,1,2,2,1,3,SR-394 BISHOP FORD EXPWY,NA,112,41.53348333,-87.58226944,0,8,0,1,18,1,0,1,3,1,0,1,0,0,99,99,99,99,99,99,0,0,0,1,0
17,170891,0,1,5,23,1,0,1,0,680,0,3,7,3,7,8,7,8,8,8,8,990,0,17,1,1,0,1,1,1,1,43,9290,25,11,2017,7,21,13,1,2,3,1,3,SR-38 ROOSEVELT RD,NA,784,41.85901389,-88.09086667,0,8,0,0,1,1,0,1,3,1,0,1,0,0,99,99,99,99,99,99,0,0,0,1,0
17,170918,0,1,5,30,1,0,0,0,150,0,3,7,9,7,8,7,8,8,8,8,100,0,17,1,1,0,1,1,2,2,31,1680,28,6,2017,4,14,40,0,2,5,1,6,CHICAGO RD,NA,0,41.53550556,-87.64817778,0,8,0,0,1,1,0,4,1,1,0,1,0,0,99,99,99,99,99,99,0,0,0,1,0
17,170919,0,1,5,87,1,0,0,0,212,0,3,7,5,7,8,7,8,8,8,8,200,0,17,1,1,0,1,1,1,1,31,1670,19,8,2017,7,7,17,0,6,96,96,8,HIGGINS AVE,NA,0,41.96980556,-87.76359722,0,8,0,0,8,1,0,1,1,1,0,1,0,0,99,99,99,99,99,99,0,0,0,1,0
17,170921,0,1,5,24,1,0,0,0,230,0,3,7,3,7,8,7,8,8,8,8,100,0,17,1,1,0,1,1,1,1,73,0,14,12,2017,5,23,21,1,1,1,1,1,I-74  SR-110,NA,266,41.25625278,-90.32961667,0,8,0,0,1,1,0,1,2,1,0,1,0,0,99,99,99,99,88,88,23,0,0,1,0
17,170922,0,1,5,36,1,0,0,0,230,0,3,7,3,7,8,7,8,8,8,8,100,0,17,1,1,0,1,1,3,3,31,1670,26,8,2017,7,15,30,0,2,4,1,6,DEVON AVE,NA,0,41.99740556,-87.78185,0,8,0,0,1,1,0,1,1,1,0,1,0,0,99,99,99,99,99,99,19,16,0,1,0
17,170928,0,1,5,71,1,0,1,0,320,0,3,7,3,7,8,7,8,8,8,8,350,0,17,1,1,0,1,1,1,1,75,1800,17,11,2017,6,17,0,0,1,5,1,6,MAIN ST,NA,0,40.93359722,-87.934775,0,8,0,0,1,1,0,1,2,2,0,2,0,0,99,99,99,99,99,99,0,0,0,1,0
17,170930,0,1,5,68,1,1,1,0,680,0,3,7,3,7,8,7,8,8,8,8,990,0,17,1,1,0,1,1,1,1,31,1670,30,11,2017,5,13,20,0,2,4,1,6,BROADWAY ST,NA,0,41.99297222,-87.66036389,0,8,0,0,8,1,0,1,1,1,0,1,0,0,99,99,99,99,99,99,0,0,0,1,0
17,170934,0,1,5,57,1,0,0,0,620,0,3,7,3,7,8,7,8,8,8,8,600,0,17,2,2,0,1,1,3,3,31,980,12,12,2017,3,18,19,0,2,4,2,6,87TH ST,NA,0,41.73328889,-87.81287222,0,8,0,0,1,1,0,1,2,1,0,1,0,0,99,99,99,99,88,88,0,0,0,1,0
17,170935,0,1,5,52,1,1,1,0,760,0,1,7,2,7,9,7,3,3,2,3c,750,0,17,2,2,0,1,1,2,2,89,2690,13,12,2017,4,21,36,1,2,3,2,6,RANDALL RD,HOLMES,0,42.07075556,-88.335625,0,8,0,0,3,2,0,1,3,1,0,1,0,0,99,99,99,99,99,99,0,0,0,1,0
17,170940,0,1,5,90,2,1,1,0,770,0,1,7,2,7,3,7,2,3,1,1a,750,0,17,1,1,0,1,1,2,2,187,5700,13,12,2017,4,17,18,0,2,4,4,6,BROADWAY AVE,B ST,0,40.91209722,-90.65088889,0,8,0,0,3,2,0,1,2,1,0,1,0,0,99,99,99,99,99,99,0,0,0,1,0