STATE.x,ST_CASE,VEH_NO,PER_NO,PBPTYPE,PBAGE,PBSEX,PBCWALK,PBSWALK,PBSZONE,PEDCTYPE,BIKECTYPE,PEDLOC,BIKELOC,PEDPOS,BIKEPOS,PEDDIR,BIKEDIR,MOTDIR,MOTMAN,PEDLEG,PEDSNR,PEDCGP,BIKECGP,STATE.y,VE_TOTAL,VE_FORMS,PVH_INVL,PEDS,PERNOTMVIT,PERMVIT,PERSONS,COUNTY,CITY,DAY,MONTH,YEAR,DAY_WEEK,HOUR,MINUTE,NHS,RUR_URB,FUNC_SYS,RD_OWNER,ROUTE,TWAY_ID,TWAY_ID2,MILEPT,LATITUDE,LONGITUD,SP_JUR,HARM_EV,MAN_COLL,RELJCT1,RELJCT2,TYP_INT,WRK_ZONE,REL_ROAD,LGT_COND,WEATHER1,WEATHER2,WEATHER,SCH_BUS,RAIL,NOT_HOUR,NOT_MIN,ARR_HOUR,ARR_MIN,HOSP_HR,HOSP_MN,CF1,CF2,CF3,FATALS,DRUNK_DR
17,170948,0,1,5,43,2,0,1,0,680,0,3,7,3,7,8,7,8,8,8,8,990,0,17,2,2,0,1,1,4,4,31,3430,22,12,2017,6,4,15,0,2,4,2,6,SANDERS RD,NA,0,42.09187778,-87.87363056,0,8,0,0,1,1,0,1,4,1,0,1,0,0,99,99,99,99,99,99,14,0,0,1,0
17,170950,0,1,5,22,2,0,0,0,230,0,3,7,3,7,8,7,8,8,8,8,100,0,17,2,2,0,2,2,1,1,81,0,23,12,2017,7,4,16,1,1,1,1,1,I-57,NA,907,38.26033611,-88.92599722,0,8,0,0,1,1,0,1,2,2,0,2,0,0,99,99,99,99,99,99,19,23,15,1,0
17,170950,0,2,5,15,2,0,0,0,230,0,3,7,3,7,8,7,8,8,8,8,100,0,17,2,2,0,2,2,1,1,81,0,23,12,2017,7,4,16,1,1,1,1,1,I-57,NA,907,38.26033611,-88.92599722,0,8,0,0,1,1,0,1,2,2,0,2,0,0,99,99,99,99,99,99,19,23,15,1,0
17,170956,0,1,5,62,1,1,1,0,690,0,2,7,3,7,2,7,1,3,1,2a,990,0,17,1,1,0,2,2,1,1,31,1670,1,8,2017,3,11,50,1,2,3,1,6,STONEY ISLAND,79TH ST,0,41.75135278,-87.585725,0,8,0,0,3,7,0,1,1,1,0,1,0,0,99,99,99,99,99,99,15,0,0,1,0
17,170956,0,2,5,64,1,1,1,0,190,0,3,7,5,7,8,7,8,8,8,8,100,0,17,1,1,0,2,2,1,1,31,1670,1,8,2017,3,11,50,1,2,3,1,6,STONEY ISLAND,79TH ST,0,41.75135278,-87.585725,0,8,0,0,3,7,0,1,1,1,0,1,0,0,99,99,99,99,99,99,15,0,0,1,0
17,170960,0,1,5,70,2,1,1,0,760,0,3,7,3,7,8,7,8,8,8,8,750,0,17,1,1,0,1,1,1,1,31,1670,26,9,2017,3,6,35,0,2,5,4,6,COMMERCIAL AVE,90TH ST,0,41.731775,-87.551275,0,8,0,0,3,2,0,1,1,1,0,1,0,0,99,99,99,99,99,99,0,0,0,1,0
17,170971,0,1,5,57,2,0,1,0,741,0,3,7,3,7,8,7,8,8,8,8,740,0,17,1,1,0,1,1,1,1,89,2690,24,10,2017,3,6,52,0,2,4,1,6,WING ST,NA,0,42.04838889,-88.30853056,0,8,0,0,1,1,0,1,2,2,0,2,0,0,99,99,99,99,99,99,0,0,0,1,0
17,170972,0,1,5,67,1,0,1,0,770,0,3,7,3,7,8,7,8,8,8,8,750,0,17,1,1,0,1,1,1,1,31,1670,25,10,2017,4,4,50,1,2,3,1,2,US-12 US-20 95TH ST,NA,794,41.72211111,-87.60052778,0,8,0,0,1,1,0,1,3,1,0,1,0,0,99,99,99,99,99,99,0,0,0,1,0
17,170973,0,1,5,28,1,0,0,0,140,0,3,7,6,7,8,7,8,8,8,8,100,0,17,2,1,1,1,1,1,1,97,6725,2,11,2017,5,99,99,0,2,5,2,6,GREENLEAF ST,NA,0,42.3512,-87.90228333,0,45,0,0,1,1,3,2,1,10,0,10,0,0,99,99,99,99,99,99,0,0,0,1,0
17,170975,0,1,5,69,1,0,1,0,760,0,1,7,2,7,2,7,1,3,1,1a,750,0,17,1,1,0,1,1,1,1,45,6720,7,11,2017,3,11,30,1,2,3,1,3,SR-1 MAIN ST,CLEVELAND ST,1675,39.59294722,-87.69442222,0,8,0,0,3,2,0,1,1,1,0,1,0,0,99,99,99,99,99,99,0,0,0,1,0
17,170981,0,1,5,62,1,1,1,0,690,0,1,7,1,7,9,7,2,1,2,12c,990,0,17,1,1,0,1,1,1,1,31,1670,18,11,2017,7,15,42,0,2,6,4,6,74TH ST,LOOMIS BLVD,0,41.75954167,-87.65879444,0,8,0,0,2,2,0,1,1,2,0,2,0,0,99,99,99,99,99,99,0,0,0,1,0
17,170986,0,1,5,94,1,0,0,0,330,0,3,7,3,7,8,7,8,8,8,8,350,0,17,1,1,0,1,1,1,1,179,0,11,11,2017,7,17,38,0,2,4,3,5,CENTENNIAL DR,NA,0,40.70471111,-89.47241389,0,8,0,0,1,1,0,1,2,1,0,1,0,0,99,99,99,99,99,99,0,0,0,1,0
17,171002,0,1,5,998,2,0,1,0,680,0,3,7,3,7,8,7,8,8,8,8,990,0,17,1,1,0,1,1,1,1,31,1670,14,11,2017,3,21,3,0,2,5,4,6,ARMITAGE AVE,NA,0,41.917325,-87.71464167,0,8,0,0,1,1,0,1,3,1,0,1,0,0,99,99,99,99,99,99,0,0,0,1,0
17,171003,0,1,5,51,1,0,0,0,770,0,3,7,3,7,8,7,8,8,8,8,750,0,17,1,1,0,1,1,1,1,31,1670,15,12,2017,6,22,38,1,2,3,1,3,SR-50 CICERO AVE,NA,459,41.73787222,-87.74095,0,8,0,0,1,1,0,1,2,1,0,1,0,0,99,99,99,99,99,99,0,0,0,1,0
17,171011,0,1,5,76,2,0,1,0,212,0,3,7,5,7,8,7,8,8,8,8,200,0,17,1,1,0,1,1,1,1,31,6400,23,12,2017,7,8,53,0,2,7,4,6,90TH ST,NA,0,41.72886667,-87.75627222,0,8,0,0,4,1,0,1,1,1,0,1,0,0,99,99,99,99,99,99,0,0,0,1,0
17,171035,0,1,5,54,1,0,1,0,680,0,3,7,3,7,8,7,8,8,8,8,990,0,17,1,1,0,1,1,2,2,43,1770,23,12,2017,7,19,52,0,2,3,2,6,CR-35 55TH ST,WESTERN AVE,0,41.78846667,-87.96300833,0,8,0,0,1,1,0,1,3,1,0,1,0,0,99,99,99,99,99,99,0,0,0,1,0
17,171038,0,1,5,37,1,0,0,0,690,0,1,7,1,7,9,7,9,8,8,99,990,0,17,1,1,0,1,1,1,1,163,120,14,10,2017,7,4,30,9,8,98,98,9,BOND AVE,53RD ST,99999,38.57668611,-90.11388611,9,8,0,0,2,3,0,1,3,1,0,1,0,0,99,99,99,99,99,99,0,0,0,1,0
17,171039,0,1,5,34,1,0,0,0,230,0,3,7,3,7,8,7,8,8,8,8,100,0,17,1,1,0,1,1,1,1,97,6290,18,11,2017,7,0,0,1,2,3,1,2,US-41,NA,99999,99.9999,999.9999,0,8,0,0,1,1,0,1,2,10,0,10,0,0,99,99,99,99,99,99,23,0,0,1,0
17,171040,0,1,5,47,2,0,0,0,620,0,3,7,3,7,8,7,8,8,8,8,600,0,17,1,1,0,1,1,1,1,97,9650,7,11,2017,3,17,17,9,8,98,98,9,LEWIS AVE,NA,99999,99.9999,999.9999,9,8,0,0,1,1,0,1,3,1,0,1,0,0,99,99,99,99,88,88,0,0,0,1,0
17,171041,0,1,5,18,1,1,1,0,690,0,2,7,3,7,9,7,2,3,2,4c,990,0,17,1,1,0,1,1,1,1,31,2330,16,12,2017,7,22,27,0,2,4,1,2,US-14 MINER ST,LEE ST,546,42.04158056,-87.88754167,0,8,0,0,3,2,0,1,3,10,0,10,0,0,99,99,99,99,99,99,0,0,0,1,0
18,180002,0,1,5,55,2,9,9,0,741,0,3,7,3,7,8,7,8,8,8,8,740,0,18,1,1,0,1,1,1,1,97,2210,1,1,2017,1,0,2,0,2,4,4,6,COLLEGE AVE,NA,99998,39.78886389,-86.14473333,0,8,0,0,1,1,0,1,3,10,0,10,0,0,99,98,99,98,99,98,0,0,0,1,0
18,180003,0,1,5,50,2,9,9,0,741,0,1,7,1,7,9,7,3,3,2,4d,740,0,18,1,1,0,1,1,1,1,97,2210,3,1,2017,3,18,29,0,2,3,4,6,MICHIGAN RD,SAPPHIRE BLVD,99998,39.89458056,-86.21450556,0,8,0,0,2,3,0,1,2,2,0,2,0,0,99,99,99,99,99,99,0,0,0,1,0
18,180004,0,1,5,45,1,0,1,0,680,0,3,7,5,7,8,7,8,8,8,8,990,0,18,1,1,0,1,1,2,2,97,2210,3,1,2017,3,7,14,0,2,4,4,6,BROOKSIDE PARKWAY S,NA,99998,39.78531111,-86.11862222,0,8,0,0,1,1,0,6,2,2,0,2,0,0,99,99,99,99,99,99,0,0,0,1,0
18,180007,0,1,5,47,1,9,9,0,610,0,3,7,3,7,8,7,8,8,8,8,600,0,18,1,1,0,1,1,1,1,97,2210,4,1,2017,4,18,50,0,2,3,4,6,WASHINGTON ST,NA,99998,39.77331667,-86.01933889,0,8,0,0,1,1,0,1,3,1,0,1,0,0,99,99,99,99,99,99,0,0,0,1,0
18,180010,0,1,5,50,1,9,9,1,760,0,3,7,3,7,8,7,8,8,8,8,750,0,18,2,2,0,1,1,2,2,143,4400,2,1,2017,2,18,38,0,1,4,1,2,US-31,NA,99998,38.68372222,-85.77836944,0,8,0,0,1,1,0,1,3,2,0,2,0,0,99,98,99,98,99,98,21,14,0,1,1
18,180021,0,1,5,52,1,1,0,0,760,0,1,7,2,7,9,7,2,3,1,1c,750,0,18,1,1,0,1,1,1,1,97,2210,13,1,2017,6,19,2,0,2,4,4,5,PENDLETON PIKE,I-465,99998,39.83165278,-86.03675,0,8,0,0,2,2,0,1,3,1,0,1,0,0,99,99,99,99,99,99,0,0,0,1,0
18,180029,0,1,5,40,1,0,0,0,760,0,3,7,3,7,8,7,8,8,8,8,750,0,18,1,1,0,1,1,1,1,5,990,19,1,2017,5,17,56,0,2,4,4,5,MARR,NA,99998,39.20626111,-85.88519444,0,8,0,0,1,1,0,1,5,10,0,10,0,0,99,99,99,99,88,88,0,0,0,1,0
18,180032,0,1,5,11,1,9,9,0,760,0,1,7,2,7,9,7,3,3,9,99,750,0,18,1,1,0,1,1,1,1,141,4580,23,1,2017,2,7,4,1,2,3,4,6,MICHIGAN ST,SOUTH STREET,99998,41.66958889,-86.25024167,0,8,0,0,2,2,0,1,3,10,0,10,0,0,99,99,99,99,99,99,0,0,0,1,0
18,180058,0,1,5,65,1,0,0,0,741,0,3,7,3,7,8,7,8,8,8,8,740,0,18,1,1,0,1,1,1,1,97,2210,9,2,2017,5,18,48,0,2,3,4,6,38TH ST,NA,99998,39.82346944,-86.26780278,0,8,0,0,1,1,0,1,2,1,0,1,0,0,99,98,99,98,99,98,0,0,0,1,0
18,180069,0,1,5,49,1,0,0,0,760,0,3,7,3,7,8,7,8,8,8,8,750,0,18,1,1,0,1,1,1,1,93,3110,15,2,2017,4,23,45,1,1,3,1,2,US-50,NA,99998,38.78671389,-86.541525,0,8,0,0,1,1,0,1,2,1,0,1,0,0,99,98,99,98,99,98,0,0,0,1,0
18,180073,0,1,5,15,1,0,0,0,320,0,3,7,3,7,8,7,8,8,8,8,350,0,18,1,1,0,1,1,3,3,5,990,18,2,2017,7,21,30,0,2,7,4,6,FRANKLIN ST,NA,99998,39.22276667,-85.92052778,0,8,0,0,1,1,0,1,3,1,0,1,0,0,99,99,99,99,99,99,0,0,0,1,0
18,180083,0,1,5,69,2,0,0,0,760,0,1,7,1,7,9,7,1,3,2,4c,750,0,18,1,1,0,1,1,1,1,145,4470,22,2,2017,4,19,10,0,1,4,1,3,SR-9,INTELLIPLEX DR,99998,39.55604444,-85.77578889,0,8,0,1,2,2,0,1,2,1,0,1,0,0,99,99,99,99,88,88,0,0,0,1,0
18,180084,0,1,5,35,2,0,0,0,760,0,3,7,3,7,8,7,8,8,8,8,750,0,18,2,2,0,1,1,2,2,97,2210,26,2,2017,1,20,9,0,2,3,4,6,KENTUCKY AVE,NA,99998,39.71983611,-86.22637222,0,8,0,0,1,1,0,1,3,1,0,1,0,0,99,98,99,98,99,98,0,0,0,1,0
18,180088,0,1,5,26,1,0,0,0,760,0,3,7,3,7,8,7,8,8,8,8,750,0,18,1,1,0,1,1,1,1,89,1730,25,2,2017,7,21,55,1,2,3,1,2,US-20,NA,99998,41.59986944,-87.31476111,0,8,0,0,1,1,0,1,3,1,0,1,0,0,99,98,99,98,88,88,0,0,0,1,0
18,180091,0,1,5,23,1,0,0,0,313,0,3,7,3,7,8,7,8,8,8,8,600,0,18,3,3,0,1,1,5,5,23,1640,10,2,2017,6,14,9,1,1,1,1,1,I-65,NA,99998,40.26468056,-86.65843056,0,12,1,0,1,1,0,1,1,1,0,1,0,0,99,98,99,98,99,98,0,0,0,1,0
18,180093,0,1,5,48,1,0,1,0,760,0,1,7,2,7,2,7,1,3,1,1a,750,0,18,1,1,0,1,1,1,1,3,1580,2,3,2017,5,6,28,0,2,7,4,6,REED RD,HEATHERWIND DR,99998,41.09323056,-85.07921111,0,8,0,0,2,3,0,1,3,10,0,10,0,0,99,99,99,99,99,99,0,0,0,1,0
18,180096,0,1,5,18,1,9,0,0,741,0,1,7,2,7,4,7,1,3,1,1b,740,0,18,1,1,0,1,1,1,1,145,4470,15,2,2017,4,19,8,0,1,3,1,3,SR-9N,RAMPART RD,99998,39.54741944,-85.77553611,0,8,0,0,2,2,0,1,2,1,0,1,0,0,99,99,99,99,99,99,0,0,0,1,0
18,180098,0,1,5,85,1,0,0,0,459,0,3,7,3,7,8,7,8,8,8,8,400,0,18,1,1,0,1,1,1,1,93,300,28,2,2017,3,20,29,0,1,5,1,3,SR-54,NA,99998,38.92418333,-86.575275,0,53,0,0,1,1,0,4,3,1,0,1,0,0,99,99,99,99,99,99,0,0,0,1,0
18,180115,0,1,5,36,1,0,0,0,620,0,3,7,3,7,8,7,8,8,8,8,600,0,18,1,1,0,1,1,1,1,151,160,12,3,2017,1,20,35,1,1,1,1,1,I-69,NA,99998,41.57585278,-85.05840278,0,8,0,0,1,1,0,1,2,1,0,1,0,0,99,99,99,99,88,88,0,0,0,1,0
18,180119,0,1,5,63,2,1,1,0,770,0,1,7,2,7,4,7,1,3,2,3b,750,0,18,2,2,0,1,1,2,2,55,2250,9,2,2017,5,15,21,0,1,7,3,5,HICKORY ST,PARK AVE,99998,39.16425556,-87.20338333,0,12,1,0,1,1,0,1,1,1,0,1,0,0,99,99,99,99,99,99,0,0,0,1,0
18,180121,0,1,5,88,1,0,0,0,330,0,3,7,3,7,8,7,8,8,8,8,350,0,18,1,1,0,1,1,1,1,63,3990,17,1,2017,3,18,0,0,2,7,2,4,CR-825E,NA,99998,39.64706667,-86.3753,0,8,0,0,1,1,0,1,2,10,0,10,0,0,99,99,99,99,99,99,0,0,0,1,0
18,180122,0,1,5,55,1,0,0,0,680,0,3,7,3,7,8,7,8,8,8,8,990,0,18,1,1,0,1,1,1,1,157,2480,3,3,2017,6,5,10,1,1,1,1,1,I-65,NA,99998,40.34693333,-86.76758889,0,8,0,0,1,1,0,1,2,1,0,1,0,0,99,99,99,99,88,88,0,0,0,1,0
18,180126,0,1,5,29,1,0,0,0,230,0,3,7,9,7,8,7,8,8,8,8,100,0,18,1,1,0,1,1,1,1,65,4640,11,3,2017,7,12,8,1,1,1,1,1,I-70W,NA,99998,39.85266389,-85.37720833,0,8,0,0,1,1,0,2,1,1,0,1,0,0,99,99,99,99,88,88,23,0,0,1,0
18,180130,0,1,5,34,1,0,0,0,610,0,3,7,3,7,8,7,8,8,8,8,600,0,18,2,2,0,1,1,2,2,29,230,2,3,2017,5,21,59,0,1,5,1,3,SR-148,NA,99998,39.07392778,-84.90460278,0,8,0,0,1,1,0,1,2,1,0,1,0,0,99,98,99,98,99,98,0,0,0,1,0
18,180131,0,1,5,53,2,0,0,0,760,0,2,7,3,7,4,7,1,3,2,4b,750,0,18,1,1,0,1,1,1,1,81,1950,17,3,2017,6,22,2,0,2,3,1,2,US-31N,MAIN ST,99998,39.613875,-86.11584444,0,8,0,0,3,2,0,1,3,1,0,1,0,0,99,98,99,98,99,98,0,0,0,1,0
18,180135,0,1,5,83,1,0,0,0,760,0,3,7,3,7,8,7,8,8,8,8,750,0,18,1,1,0,1,1,1,1,37,2260,7,3,2017,3,14,52,0,1,5,1,3,SR-56W,NA,99998,38.41858889,-87.00755278,0,8,0,0,1,1,0,1,1,1,0,1,0,0,99,99,99,99,88,88,0,0,0,1,0
18,180137,0,1,5,49,1,0,0,0,610,0,3,7,3,7,8,7,8,8,8,8,600,0,18,1,1,0,1,1,1,1,111,3270,17,3,2017,6,22,2,0,1,4,1,3,SR-10W,NA,99998,41.14443333,-87.28086667,0,8,0,0,1,1,0,1,2,1,0,1,0,0,99,99,99,99,88,88,0,0,0,1,0
18,180151,0,1,5,30,1,0,9,0,410,0,3,7,3,7,8,7,8,8,8,8,400,0,18,1,1,0,2,2,1,1,5,990,26,3,2017,1,19,14,0,2,4,4,6,TAYLOR RD,NA,99998,39.21791389,-85.87594444,0,8,0,0,1,1,0,1,1,1,0,1,0,0,99,99,99,99,99,99,0,0,0,1,0
18,180151,0,2,5,30,2,0,9,0,410,0,3,7,3,7,8,7,8,8,8,8,400,0,18,1,1,0,2,2,1,1,5,990,26,3,2017,1,19,14,0,2,4,4,6,TAYLOR RD,NA,99998,39.21791389,-85.87594444,0,8,0,0,1,1,0,1,1,1,0,1,0,0,99,99,99,99,99,99,0,0,0,1,0
18,180157,0,1,5,47,1,0,0,0,420,0,3,7,3,7,8,7,8,8,8,8,400,0,18,1,1,0,1,1,1,1,39,1830,29,3,2017,4,5,52,0,2,7,4,6,KERCHER RD,CENTURY DR,99998,41.55186667,-85.77522778,0,8,0,0,1,1,0,1,2,10,0,10,0,0,99,99,99,99,88,88,0,0,0,1,0
18,180164,0,1,5,37,1,0,0,0,680,0,3,7,9,7,8,7,8,8,8,8,990,0,18,2,1,1,1,1,1,1,127,820,11,3,2017,7,1,27,1,1,1,1,1,I-94,NA,99998,41.62751944,-87.02210556,0,14,0,0,1,1,0,2,2,1,0,1,0,0,99,99,99,99,99,99,0,0,0,1,0
18,180166,0,1,5,53,1,0,0,0,760,0,1,7,1,7,9,7,1,3,9,99,750,0,18,2,2,0,1,1,2,2,3,1580,1,4,2017,7,23,36,1,2,3,4,6,COLISEUM BLVD,COLUMBIA AVE,99998,41.08868889,-85.08766111,0,8,0,0,2,3,0,1,3,1,0,1,0,0,99,99,99,99,88,88,14,0,0,1,0
18,180175,0,1,5,49,1,0,0,0,459,0,3,7,3,7,8,7,8,8,8,8,400,0,18,1,1,0,1,1,1,1,97,2210,31,3,2017,6,22,47,0,2,4,4,6,ARLINGTON AVE,NA,99998,39.8274,-86.06488611,0,8,0,0,1,1,0,1,2,10,0,10,0,0,99,98,99,98,99,98,0,0,0,1,0
18,180177,0,1,5,59,1,0,0,0,760,0,1,7,1,7,4,7,3,3,1,2a,750,0,18,2,2,0,1,1,2,2,67,2430,30,3,2017,5,5,40,1,2,3,4,6,MARKLAND,SR-931,99998,40.47670833,-86.10786111,0,8,0,0,2,2,0,1,3,2,0,2,0,0,99,99,99,99,88,88,0,0,0,1,1
18,180195,0,1,5,38,1,0,0,0,620,0,3,7,3,7,8,7,8,8,8,8,600,0,18,2,2,0,1,1,2,2,51,2060,16,4,2017,1,22,30,1,1,3,1,2,US-41 N,NA,99998,38.18682778,-87.54994722,0,8,0,0,1,1,0,1,2,1,0,1,0,0,99,98,99,98,99,98,0,0,0,1,0
18,180218,0,1,5,59,2,9,9,0,230,0,2,7,3,7,9,7,1,3,1,2c,100,0,18,1,1,0,1,1,1,1,97,2210,27,4,2017,5,3,46,0,2,3,4,6,EMERSON,FLINTSTONE DR,99998,39.67471389,-86.08254722,0,8,0,0,3,3,0,1,2,10,0,10,0,0,99,98,99,98,99,98,23,0,0,1,0
18,180225,0,1,5,33,2,0,0,0,760,0,3,7,3,7,8,7,8,8,8,8,750,0,18,1,1,0,1,1,1,1,145,4470,5,4,2017,4,23,52,1,1,1,1,1,I-74 E,NA,99998,39.57858611,-85.81491389,0,8,0,0,1,1,0,1,2,1,0,1,0,0,99,98,99,98,99,98,0,0,0,1,0
18,180228,0,1,5,54,2,0,0,0,760,0,3,7,3,7,8,7,8,8,8,8,750,0,18,1,1,0,1,1,1,1,69,5090,3,5,2017,4,23,56,0,1,5,1,3,SR-5 S,NA,99998,40.72231944,-85.43748056,0,8,0,0,1,1,0,1,2,2,0,2,0,0,99,98,99,98,99,98,0,0,0,1,0
18,180229,0,1,5,25,2,0,0,0,760,0,3,7,3,7,8,7,8,8,8,8,750,0,18,1,1,0,1,1,1,1,141,4580,4,5,2017,5,5,57,0,2,3,4,6,MAYFLOWER,NA,99998,41.656725,-86.321925,0,8,0,0,1,1,0,1,2,2,0,2,0,0,99,99,99,99,99,99,0,0,0,1,0
18,180235,0,1,5,24,1,0,0,0,760,0,3,7,3,7,8,7,8,8,8,8,750,0,18,1,1,0,1,1,1,1,163,1480,1,4,2017,7,2,1,1,2,3,1,3,SR-62,NA,99998,37.99172778,-87.53118889,0,8,0,0,1,1,0,1,3,1,0,1,0,0,99,99,99,99,99,99,0,0,0,1,1
18,180246,0,1,5,90,2,0,9,0,742,0,1,7,2,7,4,7,1,3,1,1b,740,0,18,1,1,0,1,1,1,1,97,2210,13,5,2017,7,21,45,0,2,4,4,6,ILLINOIS,24TH ST,99998,39.800825,-86.15903056,0,8,0,0,2,3,0,1,3,1,0,1,0,0,99,98,99,98,99,98,0,0,0,1,1
18,180263,0,1,5,60,1,0,0,0,610,0,3,7,3,7,8,7,8,8,8,8,600,0,18,1,1,0,2,2,1,1,119,1840,5,5,2017,6,6,45,0,1,4,2,4,CR-JONES RD,LITTLE MOUNT RD,99998,39.39153056,-86.66745556,0,8,0,0,2,3,0,1,4,2,0,2,0,0,99,99,99,99,99,99,0,0,0,1,0
18,180263,0,2,5,51,1,0,0,0,610,0,3,7,3,7,8,7,8,8,8,8,600,0,18,1,1,0,2,2,1,1,119,1840,5,5,2017,6,6,45,0,1,4,2,4,CR-JONES RD,LITTLE MOUNT RD,99998,39.39153056,-86.66745556,0,8,0,0,2,3,0,1,4,2,0,2,0,0,99,99,99,99,99,99,0,0,0,1,0
18,180269,0,1,5,42,2,0,0,0,680,0,3,7,9,7,8,7,8,8,8,8,990,0,18,1,1,0,1,1,1,1,97,2210,19,5,2017,6,18,29,0,2,3,4,6,HOLT RD,NA,99998,39.72673611,-86.22517778,0,8,0,0,1,1,0,2,1,1,0,1,0,0,99,99,99,99,99,99,0,0,0,1,0
18,180294,0,1,5,41,1,0,0,0,741,0,2,7,3,7,9,7,2,3,2,4c,740,0,18,1,1,0,1,1,1,1,97,2210,29,5,2017,2,5,11,0,2,3,4,5,WASHINGTON ST,LASALLE ST,99998,39.76881944,-86.10955833,0,8,0,0,3,2,0,1,3,1,0,1,0,0,99,99,99,99,99,99,0,0,0,1,0
18,180297,0,1,5,3,1,0,0,0,830,0,4,7,8,7,8,7,8,8,8,8,800,0,18,1,1,0,1,1,1,1,117,3860,31,5,2017,4,17,17,0,2,7,4,8,WAINWRIGHT,NA,99998,38.56217222,-86.46934444,0,8,0,0,1,1,0,5,1,1,0,1,0,0,99,99,99,99,99,99,0,0,0,1,0
18,180301,0,1,5,63,1,0,0,0,742,0,3,7,3,7,8,7,8,8,8,8,740,0,18,1,1,0,1,1,1,1,97,2210,30,4,2017,1,22,13,1,2,1,1,1,I-70 E,NA,99998,39.79737222,-86.10208056,0,8,0,0,1,1,0,1,3,1,0,1,0,0,99,98,99,98,99,98,0,0,0,1,0
18,180302,0,1,5,30,1,0,0,0,230,0,3,7,3,7,8,7,8,8,8,8,100,0,18,3,3,0,1,1,3,3,97,2210,10,5,2017,4,13,15,1,2,1,1,1,I-70 E,NA,99998,39.78795556,-86.131575,0,12,1,0,1,1,0,1,1,1,0,1,0,0,99,99,99,99,99,99,23,0,0,1,1
18,180323,0,1,5,73,2,0,0,0,230,0,3,7,3,7,8,7,8,8,8,8,100,0,18,1,1,0,1,1,3,3,97,2210,2,6,2017,6,21,24,1,2,3,4,5,KENTUCKY AVE,HIGH SCHOOL RD,99998,39.69650278,-86.26727778,0,8,0,0,1,1,0,1,3,1,0,1,0,0,99,99,99,99,99,99,23,0,0,1,0
18,180327,0,1,5,28,1,0,0,0,410,0,3,7,9,7,8,7,8,8,8,8,400,0,18,1,1,0,1,1,1,1,79,3670,9,6,2017,6,14,41,0,2,4,1,3,SR-7 N,NA,99998,39.03263611,-85.66077222,0,8,0,0,1,1,0,4,1,1,0,1,0,0,99,98,99,98,99,98,0,0,0,1,0
18,180328,0,1,8,85,1,0,0,0,680,0,3,7,3,7,8,7,8,8,8,8,990,0,18,1,1,0,1,1,1,1,165,940,10,6,2017,7,9,12,0,1,5,2,4,CR-RANGELINE RD,NA,99998,39.68667778,-87.46430833,0,15,0,0,1,1,0,1,1,10,0,10,0,0,99,99,99,99,99,99,0,0,0,1,0
18,180337,0,1,5,15,1,0,0,0,742,0,3,7,3,7,8,7,8,8,8,8,740,0,18,1,1,0,1,1,1,1,21,880,31,5,2017,4,12,38,0,1,5,1,3,SR-246,NA,99998,39.25902778,-87.23823333,0,8,0,0,1,1,0,1,1,1,0,1,0,0,99,99,99,99,99,99,0,0,0,1,0
18,180338,0,1,5,18,1,0,1,0,680,0,3,7,5,7,8,7,8,8,8,8,990,0,18,1,1,0,1,1,1,1,105,380,4,6,2017,1,16,34,1,2,3,1,3,SR-46,NA,99998,39.18711389,-86.55223611,0,8,0,0,1,1,0,4,1,1,0,1,0,0,99,99,99,99,99,99,0,0,0,1,0
18,180347,0,1,5,48,1,0,0,0,610,0,2,7,3,7,4,7,1,3,1,2b,600,0,18,2,1,1,1,1,1,1,89,2972,11,6,2017,1,19,9,1,2,3,1,3,SR-53,61ST AVE,99998,41.507375,-87.33593611,0,8,0,0,3,2,1,1,1,1,0,1,0,0,99,99,99,99,99,99,0,0,0,1,1
18,180358,0,1,5,68,1,0,0,0,760,0,1,7,2,7,2,7,3,3,1,1b,750,0,18,1,1,0,1,1,1,1,91,2990,18,6,2017,1,21,2,0,2,3,4,5,FRANKLIN ST,GARRETSON AVE,99998,41.69086389,-86.89380556,0,8,0,0,2,3,0,1,3,1,0,1,0,0,99,99,99,99,99,99,0,0,0,1,0
18,180360,0,1,5,20,2,0,0,0,410,0,3,7,3,7,8,7,8,8,8,8,400,0,18,1,1,0,3,3,1,1,35,3360,20,6,2017,3,21,44,0,2,4,4,6,MADISON AVE,NA,99998,40.15205,-85.38741667,0,8,0,0,1,1,0,1,3,2,0,2,0,0,99,99,99,99,99,99,0,0,0,1,0
18,180360,0,2,5,30,1,0,0,0,410,0,3,7,3,7,8,7,8,8,8,8,400,0,18,1,1,0,3,3,1,1,35,3360,20,6,2017,3,21,44,0,2,4,4,6,MADISON AVE,NA,99998,40.15205,-85.38741667,0,8,0,0,1,1,0,1,3,2,0,2,0,0,99,99,99,99,99,99,0,0,0,1,0
18,180360,0,3,5,20,1,0,0,0,410,0,3,7,3,7,8,7,8,8,8,8,400,0,18,1,1,0,3,3,1,1,35,3360,20,6,2017,3,21,44,0,2,4,4,6,MADISON AVE,NA,99998,40.15205,-85.38741667,0,8,0,0,1,1,0,1,3,2,0,2,0,0,99,99,99,99,99,99,0,0,0,1,0