STATE.x,ST_CASE,VEH_NO,PER_NO,PBPTYPE,PBAGE,PBSEX,PBCWALK,PBSWALK,PBSZONE,PEDCTYPE,BIKECTYPE,PEDLOC,BIKELOC,PEDPOS,BIKEPOS,PEDDIR,BIKEDIR,MOTDIR,MOTMAN,PEDLEG,PEDSNR,PEDCGP,BIKECGP,STATE.y,VE_TOTAL,VE_FORMS,PVH_INVL,PEDS,PERNOTMVIT,PERMVIT,PERSONS,COUNTY,CITY,DAY,MONTH,YEAR,DAY_WEEK,HOUR,MINUTE,NHS,RUR_URB,FUNC_SYS,RD_OWNER,ROUTE,TWAY_ID,TWAY_ID2,MILEPT,LATITUDE,LONGITUD,SP_JUR,HARM_EV,MAN_COLL,RELJCT1,RELJCT2,TYP_INT,WRK_ZONE,REL_ROAD,LGT_COND,WEATHER1,WEATHER2,WEATHER,SCH_BUS,RAIL,NOT_HOUR,NOT_MIN,ARR_HOUR,ARR_MIN,HOSP_HR,HOSP_MN,CF1,CF2,CF3,FATALS,DRUNK_DR
19,190306,0,1,5,53,1,0,0,0,760,0,3,7,3,7,8,7,8,8,8,8,750,0,19,1,1,0,1,1,2,2,153,1642,18,12,2017,2,22,27,1,2,3,1,2,US-6 HICKMAN RD,NA,20,41.61481667,-93.77336111,0,8,0,0,1,1,0,1,3,1,0,1,0,0,22,9,22,14,22,38,0,0,0,1,0
19,190307,0,1,5,59,1,9,9,9,230,0,3,7,4,7,8,7,8,8,8,8,100,0,19,2,1,1,1,1,1,1,41,0,11,12,2017,2,8,38,1,1,3,1,2,US-18,NA,227,43.12698056,-94.99836389,0,14,0,0,1,1,0,2,1,10,0,10,0,0,8,40,8,49,9,3,23,0,0,1,0
20,200008,0,1,5,84,2,0,9,0,760,0,3,7,3,7,8,7,8,8,8,8,750,0,20,1,1,0,1,1,1,1,173,5880,10,1,2017,3,14,19,0,2,3,4,6,W CENTRAL AVE,NA,0,37.69368333,-97.46513611,0,8,0,0,1,1,0,1,1,1,0,1,0,0,14,19,14,22,14,43,0,0,0,1,0
20,200032,0,1,5,57,2,0,1,0,770,0,1,7,1,7,9,7,3,9,8,99,750,0,20,1,1,0,1,1,1,1,91,4140,26,1,2017,5,6,36,0,2,7,4,6,N CHESTNUT ST,E MULBERRY ST,0,38.88941944,-94.81823611,0,8,0,0,3,2,0,1,3,98,0,98,0,0,6,36,6,43,7,0,0,0,0,1,0
20,200054,0,1,5,35,1,0,0,0,680,0,3,7,3,7,8,7,8,8,8,8,990,0,20,1,1,0,1,1,4,4,59,4270,28,2,2017,3,20,0,0,1,4,4,6,LOGAN STREET,NA,0,38.62295833,-95.23031944,0,8,0,0,1,1,0,1,2,98,0,98,0,0,20,2,20,8,20,55,23,0,0,1,1
20,200065,0,1,5,78,1,0,0,0,760,0,3,7,3,7,8,7,8,8,8,8,750,0,20,1,1,0,1,1,1,1,173,0,12,3,2017,1,20,12,0,1,7,4,6,135TH STREET,NA,0,37.75769444,-97.49923333,0,8,0,0,1,1,0,1,2,98,0,98,0,0,20,12,20,20,21,33,0,0,0,1,0
20,200077,0,1,5,8,1,0,1,0,190,0,2,7,3,7,1,7,4,3,2,4a,100,0,20,1,1,0,2,2,2,2,173,5880,18,3,2017,7,18,7,0,2,4,4,6,E 13TH STREET,N ERIE AVE,0,37.70821944,-97.30251667,0,8,0,0,3,2,0,1,1,98,0,98,0,0,18,8,18,10,18,25,0,0,0,1,0
20,200077,0,2,5,11,1,0,1,0,190,0,2,7,3,7,1,7,4,3,2,4a,100,0,20,1,1,0,2,2,2,2,173,5880,18,3,2017,7,18,7,0,2,4,4,6,E 13TH STREET,N ERIE AVE,0,37.70821944,-97.30251667,0,8,0,0,3,2,0,1,1,98,0,98,0,0,18,8,18,10,18,25,0,0,0,1,0
20,200093,0,1,5,57,1,0,0,0,440,0,3,7,3,7,8,7,8,8,8,8,400,0,20,1,1,0,1,1,1,1,209,2820,16,3,2017,5,21,0,0,2,5,4,6,S 14TH STREET,MADDOX AVE,0,39.05550556,-94.64414722,0,8,0,0,1,1,0,1,3,98,0,98,0,0,99,99,99,99,88,88,0,0,0,1,0
20,200104,0,1,5,6,1,0,0,0,410,0,3,7,3,7,8,7,8,8,8,8,400,0,20,1,1,0,1,1,2,2,123,440,13,4,2017,5,19,5,0,1,7,3,4,CR-E RD,NA,0,39.50983333,-98.07490556,0,8,0,0,1,1,0,1,1,98,0,98,0,0,19,6,19,17,19,30,0,0,0,1,0
20,200133,0,1,5,47,2,0,0,0,230,0,3,7,4,7,8,7,8,8,8,8,100,0,20,1,1,0,1,1,1,1,195,0,29,4,2017,7,22,56,1,1,1,1,1,I-70,NA,1426,38.997525,-99.79601389,0,8,0,0,1,1,0,2,2,2,0,2,0,0,23,10,23,15,88,88,19,0,0,1,0
20,200137,0,1,5,39,2,0,0,0,410,0,3,7,3,7,8,7,8,8,8,8,400,0,20,1,1,0,1,1,1,1,173,5880,10,5,2017,4,6,10,0,2,7,4,6,N PERRY AVE,NA,0,37.70906944,-97.36110833,0,8,0,0,1,1,0,1,4,98,0,98,0,0,6,30,6,34,6,54,0,0,0,1,0
20,200139,0,1,5,54,2,0,0,0,230,0,3,7,3,7,8,7,8,8,8,8,100,0,20,2,2,0,1,1,3,3,191,0,14,5,2017,1,0,20,1,1,1,1,1,I-35,NA,306,37.44184444,-97.32174167,0,12,6,0,1,1,0,1,2,98,0,98,0,0,0,32,0,45,1,12,23,19,0,1,1
20,200172,0,1,5,22,1,0,0,0,680,0,3,7,3,7,8,7,8,8,8,8,990,0,20,1,1,0,1,1,2,2,3,1990,11,6,2017,1,3,0,0,1,5,1,6,NW 1650,NA,0,38.25931944,-95.32459444,0,8,0,0,1,1,0,1,2,98,0,98,0,0,4,20,4,29,88,88,0,0,0,1,0
20,200194,0,1,5,77,1,0,1,0,760,0,1,7,2,7,1,7,2,3,1,1b,750,0,20,1,1,0,1,1,1,1,177,5400,30,6,2017,6,17,32,0,2,7,4,6,SW 29TH,SW RANDOLPH,0,39.01506389,-95.71144722,0,8,0,0,2,2,0,1,1,98,0,98,0,0,17,32,17,37,18,2,0,0,0,1,0
20,200201,0,1,5,36,1,0,0,0,220,0,3,7,3,7,8,7,8,8,8,8,100,0,20,1,1,0,1,1,0,0,173,5880,3,7,2017,2,10,14,0,2,7,4,6,E LAVON DR,NA,0,37.70907222,-97.29235278,0,8,0,0,1,1,0,1,1,98,0,98,0,0,10,14,10,16,10,20,23,0,0,1,0
20,200207,0,1,5,47,1,0,0,0,230,0,3,7,4,7,8,7,8,8,8,8,100,0,20,2,1,1,1,1,1,1,167,0,7,7,2017,6,23,53,1,1,1,1,1,I-70,NA,1955,38.85669722,-98.65873056,0,8,0,0,1,1,1,2,2,98,0,98,0,0,23,58,0,6,0,27,23,0,0,1,0
20,200238,0,1,5,86,1,0,0,0,410,0,3,7,4,7,8,7,8,8,8,8,400,0,20,1,1,0,2,2,1,1,21,1920,6,7,2017,5,7,5,0,1,7,4,6,MAIN ST,NA,0,37.06416667,-94.63925556,0,8,0,0,1,1,0,1,1,98,0,98,0,0,7,5,7,8,7,36,0,0,0,2,0
20,200238,0,2,5,66,1,0,0,0,410,0,3,7,4,7,8,7,8,8,8,8,400,0,20,1,1,0,2,2,1,1,21,1920,6,7,2017,5,7,5,0,1,7,4,6,MAIN ST,NA,0,37.06416667,-94.63925556,0,8,0,0,1,1,0,1,1,98,0,98,0,0,7,5,7,8,7,36,0,0,0,2,0
20,200254,0,1,5,78,2,0,1,0,690,0,1,7,2,7,3,7,2,3,2,3a,990,0,20,1,1,0,1,1,1,1,35,210,4,8,2017,6,17,8,0,1,7,3,6,W MAPLE AVE,W 4TH ST,0,37.06943611,-97.04381111,0,8,0,0,2,2,0,1,1,1,0,1,0,0,17,8,17,9,17,19,0,0,0,1,0
20,200268,0,1,5,74,1,0,0,0,910,0,3,7,3,7,8,7,8,8,8,8,910,0,20,1,1,0,1,1,1,1,45,0,9,9,2017,7,5,7,1,1,3,1,3,SR-10,NA,0,38.93491667,-95.14931111,0,8,0,1,18,1,0,1,2,98,0,98,0,0,99,98,99,98,88,88,0,0,0,1,0
20,200287,0,1,5,52,1,0,0,0,742,0,3,7,3,7,8,7,8,8,8,8,740,0,20,1,1,0,1,1,2,2,173,5880,12,8,2017,7,20,53,1,2,2,1,2,US-54,NA,0,37.67406389,-97.38280556,0,8,0,0,1,1,1,1,3,1,0,1,0,0,20,55,21,0,21,16,0,0,0,1,0
20,200296,0,1,5,45,1,0,0,0,230,0,3,7,4,7,8,7,8,8,8,8,100,0,20,1,1,0,1,1,1,1,73,0,1,9,2017,6,0,15,1,1,3,1,2,US-400,NA,3353,37.635375,-96.22868889,0,8,0,0,1,1,0,2,2,1,0,1,0,0,0,25,0,46,88,88,23,0,0,1,0
20,200311,0,1,5,85,1,0,0,0,741,0,3,7,3,7,8,7,8,8,8,8,740,0,20,1,1,0,1,1,1,1,177,5400,25,9,2017,2,7,15,1,2,2,1,2,US-24,NA,3694,39.09121667,-95.64143611,0,8,0,0,1,1,0,1,4,98,0,98,0,0,7,17,7,20,7,35,0,0,0,1,0
20,200319,0,1,5,64,1,0,0,0,140,0,3,7,3,7,8,7,8,8,8,8,100,0,20,1,1,0,1,1,2,2,167,0,22,9,2017,6,23,54,1,1,1,1,1,I-70,NA,2029,38.85393056,-98.52936111,0,8,0,0,1,1,0,1,2,1,0,1,0,0,23,56,0,14,88,88,19,0,0,1,0
20,200334,0,1,5,45,1,0,0,0,459,0,3,7,3,7,8,7,8,8,8,8,400,0,20,1,1,0,1,1,1,1,121,0,14,10,2017,7,6,38,0,1,7,4,6,MOONLIGHT RD,NA,0,38.72241944,-94.90849444,0,8,0,0,1,1,0,1,2,98,0,98,0,0,6,36,6,46,88,88,0,0,0,1,0
20,200337,0,1,5,47,1,0,0,0,680,0,3,7,3,7,8,7,8,8,8,8,990,0,20,1,1,0,1,1,2,2,91,0,17,10,2017,3,6,55,0,1,7,4,6,215TH STREET,SWITZER RD,0,38.73823611,-94.69129444,0,8,0,0,1,1,0,1,2,98,0,98,0,0,6,55,7,3,88,88,0,0,0,1,0
20,200338,0,1,5,32,1,0,0,0,760,0,3,7,3,7,8,7,8,8,8,8,750,0,20,1,1,0,1,1,1,1,173,1330,18,10,2017,4,9,40,0,2,7,4,6,E 83RD STREET,NA,0,37.542575,-97.29593611,0,8,0,0,1,1,0,1,1,98,0,98,0,0,9,40,9,47,10,9,0,0,0,1,0
20,200342,0,1,5,78,1,0,0,0,890,0,4,7,8,7,8,7,8,8,8,8,800,0,20,1,1,0,1,1,1,1,173,5880,10,10,2017,3,14,47,0,6,96,96,6,PARKING LOT,HARRY STREET,0,37.66504444,-97.22685556,0,8,0,0,1,1,0,5,1,1,0,1,0,0,14,48,14,54,15,14,0,0,0,1,0
20,200350,0,1,5,57,1,1,9,9,760,0,1,7,2,7,2,7,3,3,1,1b,750,0,20,1,1,0,1,1,1,1,209,2820,20,10,2017,6,20,46,1,2,3,1,2,US-169,S 7TH STREET,0,39.07241667,-94.62248333,0,8,0,0,2,2,0,1,3,6,0,6,0,0,20,47,20,59,21,2,0,0,0,1,0
20,200355,0,1,5,26,1,0,0,0,610,0,3,7,3,7,8,7,8,8,8,8,600,0,20,1,1,0,1,1,1,1,169,0,28,10,2017,7,1,38,1,1,1,1,1,I-70 RAMP,I-135,2509,38.87509444,-97.641525,0,8,0,1,5,1,0,1,3,98,0,98,0,0,0,55,1,3,88,88,0,0,0,1,0
20,200363,0,1,5,25,2,0,0,0,680,0,3,7,3,7,8,7,8,8,8,8,990,0,20,1,1,0,1,1,1,1,91,4285,10,11,2017,6,4,41,1,2,2,1,2,US-69,151ST,1370,38.85601944,-94.67753889,0,8,0,1,18,1,0,1,2,98,0,98,0,0,4,44,4,51,88,88,0,0,0,1,0
20,200367,0,1,5,79,2,0,0,0,213,0,3,7,3,7,8,7,8,8,8,8,200,0,20,1,1,0,1,1,1,1,173,5880,15,11,2017,4,12,45,0,2,7,4,6,N LAUREL DR,NA,0,37.68889167,-97.22944444,0,8,0,0,1,1,0,1,1,98,0,98,0,0,12,45,12,51,13,8,0,0,0,1,0
20,200370,0,1,8,88,1,0,9,0,410,0,3,7,3,7,8,7,8,8,8,8,400,0,20,1,1,0,1,1,1,1,91,3080,18,11,2017,7,17,2,0,2,4,4,6,W 87TH STREET PKWY,NA,0,38.97101944,-94.75028333,0,15,0,0,1,1,0,1,3,2,0,2,0,0,5,3,5,5,5,23,0,0,0,1,0
20,200384,0,1,5,76,1,0,1,0,760,0,1,7,2,7,4,7,3,3,2,3a,750,0,20,1,1,0,1,1,2,2,99,4370,29,11,2017,4,17,20,0,2,4,4,6,32ND ST,BROADWAY ST,0,37.33929444,-95.28543056,0,8,0,0,3,3,0,1,3,98,0,98,0,0,17,24,17,31,17,52,0,0,0,1,0
20,200400,0,1,5,65,1,0,0,0,760,0,3,7,3,7,8,7,8,8,8,8,750,0,20,1,1,0,1,1,1,1,9,2150,29,11,2017,4,19,20,1,2,3,1,2,US-56,NA,0,38.3618,-98.79473333,0,8,0,0,1,1,0,1,3,98,0,98,0,0,19,21,19,25,19,40,0,0,0,1,0
20,200409,0,1,5,27,2,1,9,0,770,0,1,7,2,7,2,7,3,3,2,3b,750,0,20,1,1,0,1,1,1,1,161,3490,21,12,2017,5,17,28,0,2,4,4,6,COLLEGE AVE,DICKENS RD,0,39.19658333,-96.59816667,0,8,0,0,2,3,0,1,3,98,0,98,0,0,17,29,17,32,17,40,0,0,0,1,0
21,210009,0,1,5,55,1,0,0,0,741,0,3,7,3,7,8,7,8,8,8,8,740,0,21,1,1,0,1,1,1,1,239,3360,13,1,2017,6,18,29,0,2,4,1,2,US-60X,NA,13,38.0521,-84.72303611,0,8,0,0,1,1,0,1,3,2,0,2,0,0,18,30,18,31,18,54,0,0,0,1,0
21,210016,0,1,5,25,1,0,0,0,741,0,3,7,3,7,8,7,8,8,8,8,740,0,21,1,1,0,1,1,1,1,157,0,22,1,2017,1,18,5,0,1,4,1,2,US-68,NA,264,36.77717778,-88.14813056,0,8,0,0,1,1,0,1,2,2,0,2,0,0,18,5,18,21,18,48,0,0,0,1,0
21,210017,0,1,5,20,1,0,0,0,459,0,3,7,3,7,8,7,8,8,8,8,400,0,21,1,1,0,1,1,1,1,151,2750,22,1,2017,1,20,0,1,2,1,1,1,I-75,NA,883,37.75323333,-84.31996667,0,8,0,0,1,1,0,1,2,1,0,1,0,0,20,1,20,6,88,88,0,0,0,1,0
21,210022,0,1,5,49,1,0,0,0,890,0,4,7,8,7,8,7,8,8,8,8,800,0,21,3,1,2,10,12,1,3,111,2090,29,1,2017,1,0,54,0,2,4,1,3,SR-907,NA,49,38.13156667,-85.79165556,0,14,0,0,1,1,0,5,2,1,0,1,0,0,99,99,99,99,99,99,15,0,0,2,1
21,210022,0,2,5,45,2,0,0,0,890,0,4,7,8,7,8,7,8,8,8,8,800,0,21,3,1,2,10,12,1,3,111,2090,29,1,2017,1,0,54,0,2,4,1,3,SR-907,NA,49,38.13156667,-85.79165556,0,14,0,0,1,1,0,5,2,1,0,1,0,0,99,99,99,99,99,99,15,0,0,2,1
21,210022,0,3,5,37,1,0,0,0,890,0,4,7,8,7,8,7,8,8,8,8,800,0,21,3,1,2,10,12,1,3,111,2090,29,1,2017,1,0,54,0,2,4,1,3,SR-907,NA,49,38.13156667,-85.79165556,0,14,0,0,1,1,0,5,2,1,0,1,0,0,99,99,99,99,99,99,15,0,0,2,1
21,210022,0,4,5,35,2,0,0,0,890,0,4,7,8,7,8,7,8,8,8,8,800,0,21,3,1,2,10,12,1,3,111,2090,29,1,2017,1,0,54,0,2,4,1,3,SR-907,NA,49,38.13156667,-85.79165556,0,14,0,0,1,1,0,5,2,1,0,1,0,0,99,99,99,99,99,99,15,0,0,2,1
21,210022,0,5,5,40,1,0,0,0,890,0,4,7,8,7,8,7,8,8,8,8,800,0,21,3,1,2,10,12,1,3,111,2090,29,1,2017,1,0,54,0,2,4,1,3,SR-907,NA,49,38.13156667,-85.79165556,0,14,0,0,1,1,0,5,2,1,0,1,0,0,99,99,99,99,99,99,15,0,0,2,1
21,210022,0,6,5,38,1,0,0,0,890,0,4,7,8,7,8,7,8,8,8,8,800,0,21,3,1,2,10,12,1,3,111,2090,29,1,2017,1,0,54,0,2,4,1,3,SR-907,NA,49,38.13156667,-85.79165556,0,14,0,0,1,1,0,5,2,1,0,1,0,0,99,99,99,99,99,99,15,0,0,2,1
21,210022,0,7,5,36,2,0,0,0,890,0,4,7,8,7,8,7,8,8,8,8,800,0,21,3,1,2,10,12,1,3,111,2090,29,1,2017,1,0,54,0,2,4,1,3,SR-907,NA,49,38.13156667,-85.79165556,0,14,0,0,1,1,0,5,2,1,0,1,0,0,99,99,99,99,99,99,15,0,0,2,1
21,210022,0,8,5,57,1,0,0,0,890,0,4,7,8,7,8,7,8,8,8,8,800,0,21,3,1,2,10,12,1,3,111,2090,29,1,2017,1,0,54,0,2,4,1,3,SR-907,NA,49,38.13156667,-85.79165556,0,14,0,0,1,1,0,5,2,1,0,1,0,0,99,99,99,99,99,99,15,0,0,2,1
21,210022,0,9,5,46,2,0,0,0,890,0,4,7,8,7,8,7,8,8,8,8,800,0,21,3,1,2,10,12,1,3,111,2090,29,1,2017,1,0,54,0,2,4,1,3,SR-907,NA,49,38.13156667,-85.79165556,0,14,0,0,1,1,0,5,2,1,0,1,0,0,99,99,99,99,99,99,15,0,0,2,1
21,210022,0,10,5,50,2,0,0,0,890,0,4,7,8,7,8,7,8,8,8,8,800,0,21,3,1,2,10,12,1,3,111,2090,29,1,2017,1,0,54,0,2,4,1,3,SR-907,NA,49,38.13156667,-85.79165556,0,14,0,0,1,1,0,5,2,1,0,1,0,0,99,99,99,99,99,99,15,0,0,2,1
21,210024,0,1,5,3,1,0,0,0,741,0,1,7,1,7,3,7,2,3,1,2a,740,0,21,1,1,0,1,1,1,1,111,2090,31,1,2017,3,19,6,0,2,7,3,5,BROADWAY WEST,CECIL AVE,17,38.25031667,-85.82059444,0,8,0,0,2,3,0,1,3,1,0,1,0,0,19,6,19,11,88,88,0,0,0,1,0
21,210025,0,1,5,39,1,0,0,0,741,0,1,7,1,7,2,7,1,3,1,2a,740,0,21,1,1,0,1,1,1,1,209,1280,25,1,2017,4,20,31,0,2,4,1,2,US-460,SCOTLAND DRIVE,112,38.21666667,-84.53208333,0,8,0,0,2,3,0,1,3,10,0,10,0,0,20,31,20,34,88,88,0,0,0,1,0
21,210030,0,1,5,51,1,0,0,0,910,0,3,7,3,7,8,7,8,8,8,8,910,0,21,1,1,0,1,1,1,1,117,800,2,2,2017,5,1,9,1,2,1,1,1,I-75,NA,1892,39.06103611,-84.52682778,0,8,0,0,1,1,0,1,3,1,0,1,0,0,1,11,1,16,88,88,0,0,0,1,0
21,210052,0,1,5,17,2,0,0,0,313,0,3,7,3,7,8,7,8,8,8,8,600,0,21,1,1,0,1,1,1,1,37,0,15,2,2017,4,19,51,1,1,3,1,3,SR-9,NA,42,38.91730556,-84.28638056,0,8,0,0,1,1,0,1,2,1,0,1,0,0,19,54,20,3,88,88,0,0,0,1,0
21,210058,0,1,5,46,1,0,0,0,610,0,3,7,3,7,8,7,8,8,8,8,600,0,21,1,1,0,1,1,2,2,209,0,20,2,2017,2,0,2,0,1,7,3,5,SABIN DR,NA,7,38.34146389,-84.59595278,0,8,0,0,1,1,0,1,2,5,0,5,0,0,0,3,0,26,0,47,0,0,0,1,0
21,210062,0,1,5,20,1,0,0,0,910,0,3,7,3,7,8,7,8,8,8,8,910,0,21,1,1,0,1,1,1,1,111,2090,21,2,2017,3,9,6,1,2,1,1,1,I-264 WB,NA,154,38.20925833,-85.67483889,0,8,0,0,1,1,0,1,1,10,0,10,0,0,9,6,9,10,9,34,0,0,0,1,0
21,210068,0,1,5,22,2,0,0,0,150,0,3,7,3,7,8,7,8,8,8,8,100,0,21,1,1,0,1,1,3,3,111,2090,23,2,2017,5,10,43,0,2,7,3,5,WALNUT GROVE AVE,NA,2,38.17241667,-85.82210833,0,8,0,0,8,1,0,1,1,1,0,1,0,0,10,45,10,49,11,35,0,0,0,1,0
21,210073,0,1,5,61,1,0,0,0,760,0,2,7,3,7,4,7,1,3,2,4b,750,0,21,1,1,0,1,1,1,1,121,770,1,2,2017,4,2,15,1,2,3,1,2,US-25,PARKING LOT WAY,257,36.96020833,-84.07383611,0,8,0,0,3,2,0,1,2,1,0,1,0,0,2,15,2,20,2,48,0,0,0,1,0
21,210081,0,1,5,34,1,0,0,0,680,0,3,7,3,7,8,7,8,8,8,8,990,0,21,1,1,0,1,1,5,5,121,0,25,2,2017,7,21,44,0,2,7,1,3,SR-3439,NA,2,36.85681944,-83.86493611,0,8,0,0,1,1,0,1,2,1,0,1,0,0,21,46,21,48,22,7,0,0,0,1,0
21,210090,0,1,5,57,1,0,0,0,313,0,3,7,3,7,8,7,8,8,8,8,600,0,21,1,1,0,1,1,1,1,81,3590,4,3,2017,7,19,14,0,1,5,1,3,SR-36,NA,142,38.62650833,-84.57686667,0,8,0,0,1,1,0,1,6,10,0,10,0,0,19,15,19,21,88,88,0,0,0,1,0
21,210092,0,1,5,32,2,0,0,0,680,0,3,7,3,7,8,7,8,8,8,8,990,0,21,1,1,0,1,1,1,1,229,0,5,3,2017,1,2,0,1,1,3,1,3,SR-55,NA,5,37.63765,-85.25373889,0,8,0,0,1,1,0,1,2,1,0,1,0,0,7,44,7,58,88,88,0,0,0,1,0
21,210094,0,1,5,37,1,1,1,0,760,0,1,7,9,7,4,7,1,3,1,2b,750,0,21,1,1,0,1,1,1,1,111,2090,7,3,2017,3,6,37,0,2,4,1,3,SR-2251,HIKES LANE,10,38.19903889,-85.65999167,0,8,0,0,3,2,0,1,3,2,0,2,0,0,6,37,6,41,88,88,0,0,0,1,0
21,210097,0,1,5,41,1,0,0,0,440,0,3,7,3,7,8,7,8,8,8,8,400,0,21,1,1,0,1,1,2,2,227,350,7,3,2017,3,15,57,0,2,7,3,5,LEWIS AVE,NA,1,37.0125,-86.44824167,0,8,0,0,1,1,0,1,1,10,0,10,0,0,15,56,16,2,16,34,0,0,0,1,0
21,210120,0,1,5,19,1,1,0,0,690,0,1,7,2,7,4,7,3,3,1,1a,990,0,21,1,1,0,1,1,1,1,29,1572,4,3,2017,7,19,7,0,2,4,1,3,SR-61,SR-6302,210,38.07493056,-85.66931667,0,8,0,0,2,2,0,1,2,1,0,1,0,0,19,8,19,13,88,88,0,0,0,1,0
21,210139,0,1,5,42,2,0,0,0,760,0,3,7,3,7,8,7,8,8,8,8,750,0,21,1,1,0,1,1,1,1,25,1720,31,3,2017,6,16,16,0,1,3,1,3,SR-30,NA,151,37.55923333,-83.39381667,0,8,0,0,8,1,0,1,1,2,0,2,0,0,16,16,16,18,16,25,0,0,0,1,0
21,210168,0,1,5,37,2,0,0,0,690,0,1,7,1,7,9,7,9,8,8,99,990,0,21,1,1,0,1,1,1,1,203,0,13,4,2017,5,22,15,0,1,5,1,2,US-25,MCCOLLUM RD,262,37.51764444,-84.31685556,0,8,0,0,2,3,0,1,2,1,0,1,0,0,22,12,22,31,88,88,0,0,0,1,0
21,210175,0,1,5,53,1,0,1,0,760,0,3,7,3,7,8,7,8,8,8,8,750,0,21,1,1,0,1,1,1,1,67,1980,16,4,2017,1,20,39,0,2,4,1,2,US-27,NA,34,38.00985556,-84.51715,0,8,0,0,1,1,0,1,3,2,0,2,0,0,20,39,20,42,20,51,0,0,0,1,0
21,210176,0,1,5,49,1,0,0,0,690,0,2,7,3,7,9,7,3,3,1,2d,990,0,21,1,1,0,1,1,1,1,111,3010,12,4,2017,4,21,10,1,2,3,1,2,US-31W,RALPH AVE,164,38.20601667,-85.79949167,0,8,0,0,3,3,0,1,6,1,0,1,0,0,99,99,99,99,88,88,0,0,0,1,0
21,210179,0,1,5,38,1,0,0,0,760,0,2,7,3,7,4,7,1,3,2,4b,750,0,21,1,1,0,1,1,1,1,111,1740,15,4,2017,7,22,6,1,2,3,1,3,SR-155,CHERING DR,109,38.21086389,-85.5861,0,8,0,0,3,3,0,1,3,1,0,1,0,0,99,99,99,99,99,99,0,0,0,1,0
21,210182,0,1,5,69,1,0,0,0,760,0,3,7,3,7,8,7,8,8,8,8,750,0,21,1,1,0,1,1,1,1,111,2855,19,4,2017,4,20,55,0,2,4,1,3,SR-146,NA,3,38.25347222,-85.61346944,0,8,0,0,1,1,0,1,2,1,0,1,0,0,20,59,21,6,88,88,0,0,0,1,1
21,210183,0,1,5,75,1,0,0,0,690,0,1,7,1,7,9,7,9,8,8,99,990,0,21,1,1,0,1,1,1,1,111,3010,15,4,2017,7,6,38,1,2,3,1,2,US-31W,FARNSLEY RD,160,38.20082778,-85.802233330000007,0,8,0,0,2,3,0,1,3,10,0,10,0,0,99,99,99,99,88,88,0,0,0,1,0
21,210185,0,1,5,35,2,0,1,0,620,0,3,7,3,7,8,7,8,8,8,8,600,0,21,1,1,0,1,1,1,1,111,2090,22,4,2017,7,5,8,0,2,7,4,6,INDIAN TRAIL EAST,NA,20,38.18002222,-85.67366111,0,8,0,0,1,1,0,1,3,10,0,10,0,0,5,12,5,23,88,88,0,0,0,1,0
21,210196,0,1,5,49,2,0,1,0,760,0,3,7,3,7,8,7,8,8,8,8,750,0,21,2,2,0,1,1,4,4,111,2090,29,4,2017,7,1,4,0,2,4,1,3,SR-61,CANAL ST,45,38.14645833,-85.69115278,0,8,0,0,3,2,0,1,2,10,0,10,0,0,1,6,99,99,99,99,0,0,0,1,1
21,210230,0,1,5,40,1,0,0,0,459,0,3,7,3,7,8,7,8,8,8,8,400,0,21,1,1,0,1,1,1,1,67,1980,17,5,2017,4,1,27,1,2,3,1,2,US-25,NA,199,38.12733333,-84.52740556,0,8,0,0,1,1,0,1,2,1,0,1,0,0,1,28,1,36,88,88,0,0,0,1,0
21,210237,0,1,5,17,2,1,1,0,741,0,1,7,2,7,2,7,3,3,1,1b,740,0,21,1,1,0,1,1,3,3,111,2090,18,5,2017,5,17,0,0,2,4,1,3,SR-864,RANGELAND RD,88,38.16726944,-85.68184722,0,8,0,0,3,3,0,1,1,1,0,1,0,0,17,0,17,3,17,33,16,0,0,1,0
21,210245,0,1,5,54,1,0,0,0,680,0,3,7,3,7,8,7,8,8,8,8,990,0,21,2,2,0,1,1,2,2,111,2090,18,5,2017,5,22,13,1,2,1,1,1,I-65,NA,1342,38.231325,-85.75101944,0,8,0,0,1,1,0,1,3,1,0,1,0,0,99,99,99,99,88,88,0,0,0,1,0
21,210256,0,1,5,19,1,0,0,0,680,0,3,7,3,7,8,7,8,8,8,8,990,0,21,1,1,0,1,1,2,2,81,940,21,5,2017,1,3,32,0,1,5,1,2,US-25,NA,165,38.693375,-84.58784167,0,8,0,0,1,1,0,1,2,2,0,2,0,0,3,35,3,38,88,88,0,0,0,1,1
21,210265,0,1,5,73,2,1,1,0,140,0,1,7,1,7,9,7,3,3,9,99,100,0,21,3,3,0,2,2,1,1,227,350,2,3,2017,5,6,33,9,8,98,1,2,US-231,SMALLHOUSE RD,99998,36.96061944,-86.45442222,0,12,1,0,2,2,0,1,1,1,0,1,0,0,6,35,6,38,6,58,19,0,0,1,0
21,210265,0,2,5,24,1,1,1,0,140,0,1,7,1,7,9,7,3,3,9,99,100,0,21,3,3,0,2,2,1,1,227,350,2,3,2017,5,6,33,9,8,98,1,2,US-231,SMALLHOUSE RD,99998,36.96061944,-86.45442222,0,12,1,0,2,2,0,1,1,1,0,1,0,0,6,35,6,38,6,58,19,0,0,1,0