STATE.x,ST_CASE,VEH_NO,PER_NO,PBPTYPE,PBAGE,PBSEX,PBCWALK,PBSWALK,PBSZONE,PEDCTYPE,BIKECTYPE,PEDLOC,BIKELOC,PEDPOS,BIKEPOS,PEDDIR,BIKEDIR,MOTDIR,MOTMAN,PEDLEG,PEDSNR,PEDCGP,BIKECGP,STATE.y,VE_TOTAL,VE_FORMS,PVH_INVL,PEDS,PERNOTMVIT,PERMVIT,PERSONS,COUNTY,CITY,DAY,MONTH,YEAR,DAY_WEEK,HOUR,MINUTE,NHS,RUR_URB,FUNC_SYS,RD_OWNER,ROUTE,TWAY_ID,TWAY_ID2,MILEPT,LATITUDE,LONGITUD,SP_JUR,HARM_EV,MAN_COLL,RELJCT1,RELJCT2,TYP_INT,WRK_ZONE,REL_ROAD,LGT_COND,WEATHER1,WEATHER2,WEATHER,SCH_BUS,RAIL,NOT_HOUR,NOT_MIN,ARR_HOUR,ARR_MIN,HOSP_HR,HOSP_MN,CF1,CF2,CF3,FATALS,DRUNK_DR
24,240249,0,1,5,6,1,0,0,0,742,0,3,7,3,7,8,7,8,8,8,8,740,0,24,1,1,0,1,1,2,2,510,50,28,5,2017,1,17,41,9,9,99,99,9,GLENARM AVE,NA,0,39.34563889,-76.54174444,9,8,0,0,1,1,0,1,1,10,0,10,0,0,99,99,99,99,99,99,0,0,0,1,0
24,240251,0,1,5,49,1,0,0,0,760,0,3,7,3,7,8,7,8,8,8,8,750,0,24,1,1,0,1,1,1,1,33,0,26,7,2017,4,7,16,0,2,3,1,2,US-1,MARSHALL AVE,8,39.09678889,-76.8513,0,8,0,0,3,3,0,1,1,1,0,1,0,0,99,99,99,99,88,88,0,0,0,1,0
24,240273,0,1,5,39,2,0,0,0,410,0,3,7,3,7,8,7,8,8,8,8,400,0,24,1,1,0,1,1,1,1,33,0,19,5,2017,6,0,42,0,2,2,1,3,SR-210,NA,48,38.68920556,-76.99075556,0,8,0,0,1,1,0,1,2,99,0,99,0,0,99,99,99,99,88,88,0,0,0,1,0
24,240276,0,2,5,19,1,0,0,0,311,0,3,7,3,7,8,7,8,8,8,8,310,0,24,1,1,0,2,2,1,1,3,0,26,7,2017,4,21,25,0,2,4,1,3,SR-175,NA,57,39.1115,-76.72490556,0,8,0,0,1,1,4,1,3,1,0,1,0,0,99,99,99,99,99,99,0,0,0,1,1
24,240276,0,1,5,54,1,0,0,0,311,0,3,7,3,7,8,7,8,8,8,8,310,0,24,1,1,0,2,2,1,1,3,0,26,7,2017,4,21,25,0,2,4,1,3,SR-175,NA,57,39.1115,-76.72490556,0,8,0,0,1,1,4,1,3,1,0,1,0,0,99,99,99,99,99,99,0,0,0,1,1
24,240277,0,1,5,68,1,0,0,0,760,0,3,7,3,7,8,7,8,8,8,8,750,0,24,1,1,0,1,1,1,1,5,0,14,7,2017,6,7,29,0,2,3,1,3,SR-157,NA,48,39.28700556,-76.50587778,0,8,0,0,1,1,0,1,1,1,0,1,0,0,99,99,99,99,88,88,0,0,0,1,0
24,240282,0,1,5,30,1,0,0,0,620,0,2,7,3,7,9,7,4,3,2,4d,600,0,24,1,1,0,1,1,1,1,13,0,24,4,2017,2,23,32,0,2,3,1,3,SR-140,MU-651,96,39.58436111,-76.99012778,0,8,0,0,3,2,0,1,2,10,0,10,0,0,99,99,99,99,99,99,0,0,0,1,0
24,240286,0,1,5,52,1,0,0,0,150,0,3,7,4,7,8,7,8,8,8,8,100,0,24,2,1,1,1,1,1,1,17,0,1,8,2017,3,12,50,0,2,3,1,3,SR-5,NA,81,38.58558333,-76.8627,0,14,0,0,1,1,0,2,1,1,0,1,0,0,99,99,99,99,99,99,23,15,0,1,0
24,240291,0,1,5,58,1,0,0,0,311,0,3,7,3,7,8,7,8,8,8,8,310,0,24,1,1,0,1,1,1,1,33,0,17,8,2017,5,10,5,0,2,7,2,4,CR-874,NA,0,38.99310833,-76.98233611,0,8,0,0,1,1,0,1,1,1,0,1,0,0,99,99,99,99,99,99,0,0,0,1,0
24,240293,0,1,5,40,1,0,0,0,410,0,3,7,4,7,8,7,8,8,8,8,400,0,24,1,1,0,1,1,1,1,11,0,21,8,2017,2,10,54,0,1,4,1,3,SR-313,NA,207,38.91503333,-75.81826389,0,53,0,0,1,1,0,4,1,1,0,1,0,0,99,99,99,99,88,88,0,0,0,1,0
24,240295,0,1,5,23,1,1,0,0,760,0,1,7,1,7,2,7,1,3,2,4a,750,0,24,1,1,0,1,1,1,1,47,0,21,5,2017,1,2,24,0,2,4,1,3,SR-528,MU-9245,57,38.37116389,-75.07033333,0,8,0,0,2,2,0,1,3,1,0,1,0,0,99,99,99,99,99,99,0,0,0,1,1
24,240308,0,1,5,41,1,0,0,0,760,0,3,7,3,7,8,7,8,8,8,8,750,0,24,1,1,0,1,1,1,1,3,0,17,2,2017,6,0,4,0,2,3,1,3,SR-2,NA,288,39.07436389,-76.54301667,0,8,0,0,1,1,0,1,3,1,0,1,0,0,99,99,99,99,88,88,0,0,0,1,0
24,240309,0,1,5,53,1,9,9,0,459,0,1,7,1,7,9,7,1,3,1,2d,400,0,24,1,1,0,1,1,1,1,3,0,29,8,2017,3,22,39,0,2,3,1,3,SR-3,CR-4460,34,39.03269167,-76.68232222,0,8,0,0,2,2,0,1,3,1,0,1,0,0,99,99,99,99,99,99,0,0,0,1,0
24,240317,0,1,5,29,1,0,0,0,610,0,3,7,3,7,8,7,8,8,8,8,600,0,24,1,1,0,1,1,1,1,33,0,31,8,2017,5,20,12,0,2,4,1,3,SR-218,NA,14,38.85084444,-76.92898611,0,8,0,0,1,1,0,1,2,1,0,1,0,0,99,99,99,99,99,99,0,0,0,1,0
24,240319,0,1,8,16,1,0,0,0,250,0,3,7,3,7,8,7,8,8,8,8,100,0,24,1,1,0,1,1,1,1,21,0,3,9,2017,1,21,11,0,2,5,2,4,CR-461,NA,12,39.49673889,-77.34809444,0,15,0,0,1,1,0,1,3,1,0,1,0,0,99,99,99,99,99,99,0,0,0,1,0
24,240322,0,1,5,37,1,0,0,0,760,0,3,7,3,7,8,7,8,8,8,8,750,0,24,1,1,0,1,1,2,2,27,0,10,5,2017,4,22,15,0,2,3,1,2,US-40,NA,174,39.27766389,-76.83539444,0,8,0,0,1,1,0,1,2,1,0,1,0,0,99,99,99,99,99,99,0,0,0,1,0
24,240323,0,1,5,15,1,0,0,0,760,0,1,7,1,7,8,7,2,3,9,99,750,0,24,1,1,0,1,1,1,1,45,0,14,8,2017,2,21,39,1,2,3,1,2,US-50,CR-702,100,38.42410833,-75.66898889,0,8,0,0,2,3,0,1,2,1,0,1,0,0,99,99,99,99,99,99,0,0,0,1,0
24,240325,0,1,8,74,1,0,0,0,690,0,1,7,1,7,3,7,2,3,1,2a,990,0,24,1,1,0,1,1,1,1,31,0,6,9,2017,4,21,43,0,2,3,1,3,SR-586,CR4343,49,39.04406944,-77.06326389,0,15,0,0,2,2,0,1,3,2,0,2,0,0,99,99,99,99,99,99,0,0,0,1,0
24,240339,0,1,5,58,1,0,0,0,760,0,3,7,3,7,8,7,8,8,8,8,750,0,24,1,1,0,1,1,1,1,17,0,15,9,2017,6,20,4,1,2,3,1,2,US-301,NA,220,38.59769444,-76.93867222,0,8,0,0,1,1,0,1,2,1,0,1,0,0,99,99,99,99,88,88,0,0,0,1,0
24,240349,0,1,5,18,2,1,1,9,741,0,1,7,2,7,4,7,1,3,1,1b,740,0,24,1,1,0,1,1,1,1,33,0,1,10,2017,1,6,20,0,2,3,1,2,US-1,SR-69,43,38.98872778,-76.93493333,0,8,0,0,3,2,0,1,3,1,0,1,0,0,99,99,99,99,99,99,0,0,0,1,0
24,240351,0,1,5,76,2,1,9,0,741,0,1,7,2,7,4,7,3,3,1,1a,740,0,24,1,1,0,1,1,2,2,31,0,26,9,2017,3,19,56,0,2,4,2,4,CR-81,CR-5881,29,39.13657222,-77.20581389,0,8,0,0,3,2,0,1,5,1,0,1,0,0,99,99,99,99,99,99,0,0,0,1,0
24,240353,0,1,5,44,1,0,0,0,680,0,3,7,3,7,8,7,8,8,8,8,990,0,24,1,1,0,1,1,2,2,5,0,30,9,2017,7,10,31,1,2,1,1,1,I-695,NA,170,39.41821389,-76.65557778,0,8,0,0,1,1,0,1,1,1,0,1,0,0,99,99,99,99,88,88,0,0,0,1,0
24,240354,0,1,5,55,1,0,0,0,760,0,3,7,3,7,8,7,8,8,8,8,750,0,24,1,1,0,1,1,1,1,17,0,30,9,2017,7,5,44,0,2,5,1,3,SR-228,NA,51,38.62897778,-76.91554444,0,8,0,0,1,1,0,1,3,1,0,1,0,0,99,99,99,99,88,88,0,0,0,1,0
24,240363,0,1,5,69,1,0,0,0,760,0,3,7,3,7,8,7,8,8,8,8,750,0,24,1,1,0,1,1,2,2,510,50,2,1,2017,2,13,30,0,2,3,4,6,MU-2210,NA,7,39.30929444,-76.6609,0,8,0,0,1,1,0,1,1,2,0,2,0,0,99,99,99,99,99,99,0,0,0,1,0
24,240364,0,1,5,57,1,0,1,0,610,0,3,7,3,7,8,7,8,8,8,8,600,0,24,1,1,0,1,1,1,1,47,0,6,10,2017,6,23,22,0,2,3,1,3,SR-528,NA,39,38.39604167,-75.06275,0,8,0,0,1,1,0,1,3,1,0,1,0,0,99,99,99,99,99,99,0,0,0,1,0
24,240369,0,1,5,62,1,0,0,0,313,0,3,7,3,7,8,7,8,8,8,8,600,0,24,3,3,0,1,1,4,4,9,0,7,10,2017,7,21,31,0,2,3,1,3,SR-4,LOWER MARLBORO RD,283,38.66319167,-76.60887222,0,8,0,0,3,98,0,1,3,1,0,1,0,0,99,99,99,99,88,88,0,0,0,1,0
24,240371,0,1,5,27,1,0,0,0,910,0,3,7,3,7,8,7,8,8,8,8,910,0,24,1,1,0,1,1,1,1,5,0,14,10,2017,7,22,57,1,2,1,1,1,I-795,NA,39,39.40890556,-76.78487222,0,8,0,0,1,1,0,1,2,1,0,1,0,0,99,99,99,99,88,88,0,0,0,1,0
24,240376,0,1,5,49,1,0,9,9,313,0,3,7,3,7,8,7,8,8,8,8,600,0,24,1,1,0,1,1,2,2,43,0,7,10,2017,7,20,51,0,2,3,1,2,US-11,NA,100,39.68236111,-77.72045,0,8,0,0,1,1,0,1,2,1,0,1,0,0,99,99,99,99,99,99,0,0,0,1,0
24,240378,0,1,5,53,2,0,0,0,320,0,3,7,4,7,8,7,8,8,8,8,350,0,24,2,1,1,1,2,1,2,5,0,12,10,2017,5,21,20,1,2,1,1,1,I-83,NA,124,39.52600556,-76.66086944,0,8,0,0,1,1,0,2,2,10,0,10,0,0,99,99,99,99,99,99,14,0,0,1,0
24,240380,0,1,5,65,1,0,0,0,680,0,3,7,3,7,8,7,8,8,8,8,990,0,24,1,1,0,1,1,1,1,5,0,16,9,2017,7,0,25,0,2,3,11,3,SR-139,NA,11,39.38739722,-76.623925,0,8,0,0,1,1,0,1,2,1,0,1,0,0,99,99,99,99,88,88,0,0,0,1,1
24,240386,0,1,5,36,1,0,0,0,610,0,3,7,3,7,8,7,8,8,8,8,600,0,24,1,1,0,1,1,1,1,15,0,19,10,2017,5,19,55,0,2,4,1,3,SR-7D,NA,17,39.60656944,-75.81884722,0,8,0,0,1,1,0,1,3,1,0,1,0,0,99,99,99,99,88,88,0,0,0,1,0
24,240391,0,1,5,19,1,0,0,0,313,0,3,7,3,7,8,7,8,8,8,8,600,0,24,1,1,0,1,1,1,1,31,0,21,10,2017,7,2,33,0,2,3,2,4,CR-212,NA,47,39.12918056,-77.16588056,0,8,0,0,1,1,0,1,3,1,0,1,0,0,99,99,99,99,99,99,0,0,0,1,0
24,240392,0,1,5,63,1,0,0,0,760,0,3,7,3,7,8,7,8,8,8,8,750,0,24,2,2,0,1,1,2,2,33,0,13,10,2017,6,19,28,0,2,3,1,3,SR-214,NA,7,38.886975,-76.90231667,0,8,0,0,1,1,0,1,3,10,0,10,0,0,99,99,99,99,99,99,0,0,0,1,0
24,240398,0,1,5,50,2,0,0,0,440,0,3,7,4,7,8,7,8,8,8,8,400,0,24,1,1,0,1,1,1,1,13,0,24,10,2017,3,19,50,0,2,7,2,4,CR-494,NA,0,39.49882778,-76.90026944,0,8,0,0,1,1,0,2,2,1,0,1,0,0,99,99,99,99,99,99,0,0,0,1,0
24,240402,0,1,5,78,2,1,0,0,770,0,1,7,2,7,4,7,3,3,2,3a,750,0,24,1,1,0,1,1,1,1,25,0,7,11,2017,3,9,50,0,2,4,1,3,SR-924,MU-140,17,39.53513333,-76.34946944,0,8,0,0,3,3,0,1,1,1,0,1,0,0,99,99,99,99,99,99,0,0,0,1,0
24,240403,0,1,5,79,1,0,0,0,690,0,2,7,9,7,9,7,3,3,1,2c,990,0,24,1,1,0,1,1,1,1,31,0,1,11,2017,4,19,49,0,2,3,1,3,SR-650,MU-840,2,38.97773611,-76.99176667,0,8,0,0,3,2,0,1,3,1,0,1,0,0,99,99,99,99,99,99,0,0,0,1,0
24,240404,0,1,5,37,1,0,0,0,910,0,3,7,3,7,8,7,8,8,8,8,910,0,24,1,1,0,1,1,1,1,33,0,3,11,2017,6,13,15,1,2,1,1,1,I-95,NA,247,39.01834722,-76.92651944,0,8,0,0,1,1,0,1,1,98,0,98,0,0,99,99,99,99,88,88,19,0,0,1,0
24,240406,0,1,5,71,2,0,0,0,680,0,3,7,3,7,8,7,8,8,8,8,990,0,24,1,1,0,1,1,1,1,31,0,9,11,2017,5,18,40,0,2,3,1,2,US-29,NA,38,39.03236389,-77.00406389,0,8,0,0,1,1,0,1,3,2,0,2,0,0,99,99,99,99,88,88,0,0,0,1,0
24,240408,0,1,5,17,2,0,0,0,741,0,3,7,3,7,8,7,8,8,8,8,740,0,24,1,1,0,1,1,1,1,3,0,28,10,2017,7,2,9,0,2,7,2,4,CR-910,NA,24,39.12930833,-76.67482222,0,8,0,0,1,1,0,1,2,1,0,1,0,0,99,99,99,99,99,99,0,0,0,1,0
24,240410,0,1,5,27,1,0,0,0,680,0,3,7,3,7,8,7,8,8,8,8,990,0,24,1,1,0,1,1,3,3,17,0,16,11,2017,5,21,57,0,2,4,1,3,SR-225,NA,12,38.58685278,-77.11898056,0,8,0,0,1,1,0,1,2,1,0,1,0,0,99,99,99,99,99,99,0,0,0,1,0
24,240416,0,1,5,45,2,0,0,0,680,0,3,7,3,7,8,7,8,8,8,8,990,0,24,1,1,0,1,1,1,1,15,0,24,11,2017,6,22,9,0,2,4,1,3,SR-7D,NA,12,39.61158889,-75.81844167,0,8,0,0,1,1,0,1,3,1,0,1,0,0,99,99,99,99,99,99,0,0,0,1,0
24,240417,0,1,5,72,2,1,1,0,770,0,1,7,2,7,3,7,2,3,1,1a,750,0,24,3,2,1,1,1,2,2,510,50,31,5,2017,4,14,9,0,2,5,4,6,MU-1920,MU-6367,3,39.29459444,-76.65935556,0,8,0,0,2,2,0,1,1,1,0,1,0,0,99,99,99,99,99,99,0,0,0,1,0
24,240418,0,1,5,31,1,0,0,0,459,0,3,7,4,7,8,7,8,8,8,8,400,0,24,1,1,0,1,1,1,1,25,0,24,11,2017,6,20,43,1,2,2,1,3,SR-24,NA,26,39.44495,-76.29929167,0,8,0,0,1,1,0,2,2,1,0,1,0,0,99,99,99,99,99,99,0,0,0,1,0
24,240420,0,1,5,78,2,0,0,0,760,0,1,7,1,7,3,7,2,3,2,4a,750,0,24,1,1,0,1,1,1,1,21,0,22,11,2017,4,17,31,0,2,7,2,4,CR-1179,KERNEL CT,5,39.39195278,-77.43158056,0,8,0,0,2,2,0,1,2,1,0,1,0,0,99,99,99,99,99,99,0,0,0,1,0
24,240425,0,1,5,40,1,0,0,0,760,0,1,7,2,7,4,7,3,3,1,1a,750,0,24,2,2,0,1,1,2,2,33,0,23,11,2017,5,19,28,0,2,3,1,3,SR-650,CR-230,30,39.00426944,-76.98102222,0,8,0,0,3,3,0,1,3,1,0,1,0,0,99,99,99,99,88,88,0,0,0,1,0
24,240427,0,1,5,52,1,0,0,0,680,0,3,7,3,7,8,7,8,8,8,8,990,0,24,1,1,0,1,1,1,1,510,50,21,11,2017,3,10,34,9,6,96,96,9,BARCLAY ST,E 25TH ST,0,39.31813889,-76.61109722,9,8,0,0,1,1,0,1,1,1,0,1,0,0,99,99,99,99,99,99,0,0,0,1,0
24,240428,0,1,5,52,1,0,0,0,440,0,3,7,3,7,8,7,8,8,8,8,400,0,24,1,1,0,1,1,1,1,31,0,5,12,2017,3,21,43,1,2,1,1,1,I-495,NA,23,39.01046389,-77.15078889,0,8,0,0,1,1,0,1,3,2,0,2,0,0,99,99,99,99,88,88,0,0,0,1,0
24,240430,0,1,5,36,1,0,0,0,140,0,3,7,4,7,8,7,8,8,8,8,100,0,24,2,2,0,2,2,4,4,31,0,8,12,2017,6,22,1,1,2,1,1,1,I-270,NA,55,39.06998056,-77.16006389,0,25,0,0,1,1,0,3,3,10,0,10,0,0,99,99,99,99,99,99,19,0,0,2,0
24,240430,0,2,5,33,1,0,0,0,140,0,3,7,4,7,8,7,8,8,8,8,100,0,24,2,2,0,2,2,4,4,31,0,8,12,2017,6,22,1,1,2,1,1,1,I-270,NA,55,39.06998056,-77.16006389,0,25,0,0,1,1,0,3,3,10,0,10,0,0,99,99,99,99,99,99,19,0,0,2,0
24,240433,0,1,5,62,1,0,0,0,741,0,3,7,3,7,8,7,8,8,8,8,740,0,24,1,1,0,1,1,5,5,25,0,10,12,2017,1,17,22,1,1,3,1,2,US-1,NA,180,39.6493,-76.19988056,0,8,0,0,1,1,0,1,2,1,0,1,0,0,99,99,99,99,99,99,0,0,0,1,0
24,240435,0,1,5,23,1,1,0,0,760,0,1,7,2,7,1,7,2,3,2,3b,750,0,24,1,1,0,1,1,1,1,5,0,11,9,2017,2,0,48,0,2,3,1,3,SR-150,CR-4728,47,39.32001944,-76.45476667,0,8,0,0,3,2,0,1,3,1,0,1,0,0,99,99,99,99,88,88,0,0,0,1,0
24,240437,0,1,5,64,1,0,0,0,742,0,3,7,3,7,8,7,8,8,8,8,740,0,24,1,1,0,1,1,3,3,5,0,22,10,2017,1,1,53,0,2,3,1,3,SR-150,NA,30,39.30714722,-76.47885,0,8,0,0,1,1,0,1,3,1,0,1,0,0,99,99,99,99,99,99,0,0,0,1,0
24,240439,0,1,5,61,1,1,0,0,760,0,1,7,2,7,4,7,1,3,1,1b,750,0,24,1,1,0,1,1,1,1,31,0,13,12,2017,4,23,22,0,2,3,1,3,SR-355,MU-1410,93,39.08352778,-77.1468,0,8,0,0,2,2,0,1,3,1,0,1,0,0,99,99,99,99,99,99,0,0,0,1,0
24,240442,0,1,5,24,1,0,0,0,760,0,3,7,3,7,8,7,8,8,8,8,750,0,24,1,1,0,2,2,1,1,5,0,21,11,2017,3,21,19,0,2,4,1,3,SR-151,NA,15,39.23882778,-76.45599167,0,8,0,0,1,1,0,1,2,1,0,1,0,0,99,99,99,99,99,99,0,0,0,1,0
24,240442,0,2,5,38,2,0,0,0,760,0,3,7,3,7,8,7,8,8,8,8,750,0,24,1,1,0,2,2,1,1,5,0,21,11,2017,3,21,19,0,2,4,1,3,SR-151,NA,15,39.23882778,-76.45599167,0,8,0,0,1,1,0,1,2,1,0,1,0,0,99,99,99,99,99,99,0,0,0,1,0
24,240444,0,1,5,56,1,0,0,0,680,0,3,7,3,7,8,7,8,8,8,8,990,0,24,1,1,0,1,1,1,1,33,0,28,11,2017,3,15,32,1,2,1,1,1,I-495,NA,4,39.01840278,-76.97262222,0,8,0,0,1,1,0,1,1,1,0,1,0,0,99,99,99,99,88,88,0,0,0,1,0
24,240445,0,1,5,30,1,0,0,0,313,0,3,7,3,7,8,7,8,8,8,8,600,0,24,1,1,0,1,1,2,2,31,0,16,12,2017,7,1,7,0,2,4,1,3,SR-320,NA,19,38.998525,-76.99956944,0,8,0,0,1,1,0,1,3,1,0,1,0,0,99,99,99,99,99,99,0,0,0,1,0
24,240449,0,1,5,31,1,0,0,0,150,0,3,7,4,7,8,7,8,8,8,8,100,0,24,2,1,1,1,1,1,1,19,0,13,12,2017,4,17,8,0,1,4,1,3,SR-392,NA,4,38.59309167,-75.92313889,0,14,0,0,1,1,0,2,5,1,0,1,0,0,99,99,99,99,88,88,0,0,0,1,0
24,240454,0,1,5,76,1,0,0,0,741,0,1,7,1,7,2,7,3,3,1,2b,740,0,24,1,1,0,1,1,1,1,29,0,22,12,2017,6,18,34,0,2,3,1,3,SR-213,MU-145,12,39.22213611,-76.068925,0,8,0,0,2,3,0,1,3,10,0,10,0,0,99,99,99,99,99,99,0,0,0,1,0
24,240460,0,1,5,57,1,1,0,0,770,0,1,7,2,7,4,7,3,3,2,3a,750,0,24,1,1,0,1,1,1,1,510,50,10,8,2017,5,2,15,0,2,3,1,3,SR-173,SR-171,19,39.22279444,-76.58826667,0,8,0,0,2,2,0,1,3,1,0,1,0,0,99,99,99,99,99,99,0,0,0,1,1
24,240465,0,1,5,45,1,0,0,0,760,0,3,7,3,7,8,7,8,8,8,8,750,0,24,1,1,0,1,1,1,1,33,0,19,10,2017,5,19,2,0,2,3,1,3,SR--201,MU-260,35,38.95523889,-76.92306111,0,8,0,0,3,2,0,1,3,1,0,1,0,0,99,99,99,99,99,99,0,0,0,1,0
24,240470,0,1,5,35,2,0,0,0,459,0,3,7,3,7,8,7,8,8,8,8,400,0,24,1,1,0,1,1,3,3,17,0,28,12,2017,5,21,20,1,1,3,1,2,US-301,NA,50,38.3973,-76.95338333,0,8,0,0,1,1,0,1,2,1,0,1,0,0,99,99,99,99,88,88,0,0,0,1,0
24,240473,0,1,5,54,2,0,0,0,742,0,1,7,2,7,9,7,4,3,2,3d,740,0,24,1,1,0,1,1,2,2,510,0,2,11,2017,5,2,17,0,2,3,4,6,MU-1021,MU-2605,15,39.36598889,-76.59840556,0,8,0,0,2,2,0,1,3,5,0,5,0,0,99,99,99,99,88,88,0,0,0,1,0
24,240480,0,1,5,56,1,1,0,0,760,0,1,7,1,7,9,7,1,3,1,2c,750,0,24,1,1,0,1,1,1,1,5,0,17,12,2017,1,18,54,0,2,4,2,4,CR-5237,CR-5333,22,39.26056667,-76.525225,0,8,0,0,2,2,0,1,3,2,0,2,0,0,99,99,99,99,99,99,0,0,0,1,0
24,240486,0,1,5,49,1,0,0,0,440,0,3,7,3,7,8,7,8,8,8,8,400,0,24,1,1,0,1,1,3,3,5,0,21,11,2017,3,17,16,0,2,3,1,3,SR-150,NA,44,39.31720556,-76.45935833,0,8,0,0,5,1,0,1,2,1,0,1,0,0,99,99,99,99,99,99,0,0,0,1,0
24,240493,0,1,5,79,1,0,0,0,770,0,3,7,3,7,8,7,8,8,8,8,750,0,24,1,1,0,1,1,1,1,33,0,13,6,2017,3,13,31,0,9,99,99,9,TRAVEL LANE OF BJ WAREHOUSE,NA,0,38.94432778,-76.71305,0,8,0,0,1,1,0,1,1,1,0,1,0,0,99,99,99,99,99,99,0,0,0,1,0
24,240499,0,1,5,58,1,0,1,0,150,0,2,7,5,7,8,7,4,3,9,99,100,0,24,1,1,0,1,1,1,1,510,50,18,12,2017,2,17,3,0,2,4,4,6,MU-1221,MU-6152,3,39.27807222,-76.54053611,0,8,0,0,3,2,0,4,3,1,0,1,0,0,99,99,99,99,99,99,0,0,0,1,0
24,240502,0,1,5,42,1,0,0,0,760,0,2,7,3,7,3,7,2,3,1,2a,750,0,24,1,1,0,1,1,1,1,510,50,26,12,2017,3,20,35,0,2,3,4,2,US-40,MU-1705,89,39.30189167,-76.54773056,0,8,0,0,3,3,0,1,3,1,0,1,0,0,99,99,99,99,99,99,0,0,0,1,0
24,240503,0,1,5,32,1,0,0,0,230,0,3,7,4,7,8,7,8,8,8,8,100,0,24,1,1,0,1,1,1,1,23,0,29,12,2017,6,2,50,1,1,1,1,1,I-68,NA,30,39.66188056,-79.42515833,0,8,0,0,1,1,0,2,2,1,0,1,0,0,99,99,99,99,88,88,0,0,0,1,0
24,240505,0,1,5,52,2,1,0,0,760,0,1,7,2,7,3,7,2,3,1,1a,750,0,24,1,1,0,2,2,1,1,510,50,16,9,2017,7,20,28,0,2,3,4,6,MU-1022,UU0,16,39.350375,-76.68855833,0,8,0,0,3,2,0,1,3,1,0,1,0,0,99,99,99,99,99,99,0,0,0,2,0
24,240505,0,2,5,24,2,1,0,0,760,0,1,7,2,7,3,7,2,3,1,1a,750,0,24,1,1,0,2,2,1,1,510,50,16,9,2017,7,20,28,0,2,3,4,6,MU-1022,UU0,16,39.350375,-76.68855833,0,8,0,0,3,2,0,1,3,1,0,1,0,0,99,99,99,99,99,99,0,0,0,2,0
24,240506,0,1,5,3,1,0,0,0,741,0,3,7,3,7,8,7,8,8,8,8,740,0,24,1,1,0,1,1,1,1,510,50,19,12,2017,3,17,0,9,6,96,96,9,PELHAM AVE,NA,0,39.32527778,-76.57181111,0,8,0,0,1,1,0,1,3,1,0,1,0,0,99,99,99,99,99,99,0,0,0,1,0
24,240513,0,1,5,52,1,9,9,9,900,0,9,7,9,7,8,7,8,8,8,8,990,0,24,1,1,0,2,2,1,1,33,0,27,8,2017,1,23,56,0,2,4,66,3,SR-201,NA,99998,99.9999,999.9999,1,8,0,0,1,1,0,1,6,98,0,98,0,0,99,99,99,99,99,99,0,0,0,2,0
24,240513,0,2,5,999,9,9,9,9,900,0,9,7,9,7,8,7,8,8,8,8,990,0,24,1,1,0,2,2,1,1,33,0,27,8,2017,1,23,56,0,2,4,66,3,SR-201,NA,99998,99.9999,999.9999,1,8,0,0,1,1,0,1,6,98,0,98,0,0,99,99,99,99,99,99,0,0,0,2,0
24,240516,0,1,5,999,1,9,9,9,900,0,9,7,9,7,8,7,8,8,8,8,990,0,24,1,1,0,1,1,1,1,33,0,18,8,2017,6,22,17,0,2,2,66,3,SR-295,NA,99998,38.94101111,-76.91231389,1,8,0,0,1,1,0,1,6,98,0,98,0,0,99,99,99,99,99,99,0,0,0,1,0
24,240517,0,1,5,999,1,9,9,9,680,0,3,7,9,7,8,7,8,8,8,8,990,0,24,1,1,0,1,1,1,1,33,0,23,12,2017,7,21,48,0,2,4,66,8,GV-119,NA,99998,99.9999,999.9999,1,8,0,8,98,98,0,98,6,98,0,98,0,0,99,99,99,99,99,99,0,0,0,1,0
24,240518,0,1,5,46,1,1,0,0,781,0,1,7,2,7,3,7,3,1,2,11a,790,0,24,1,1,0,1,1,1,1,510,50,5,9,2017,3,14,41,0,2,3,4,2,US-40,MU-2945,70,39.29561389,-76.58208889,0,8,0,0,2,2,0,1,1,1,0,1,0,0,99,99,99,99,99,99,0,0,0,1,0
25,250001,0,1,5,60,1,0,1,0,741,0,1,7,1,7,2,7,1,3,1,2a,740,0,25,1,1,0,1,1,3,3,5,50,3,1,2017,3,17,36,0,2,4,4,3,SR-152 N MAIN ST,PECK ST,99998,41.94720833,-71.28785278,0,8,0,0,2,3,0,1,3,2,0,2,0,0,17,36,17,38,17,52,0,0,0,1,0
25,250018,0,1,5,80,2,0,0,0,230,0,3,7,3,7,8,7,8,8,8,8,100,0,25,1,1,0,1,1,1,1,13,990,19,1,2017,5,17,21,1,2,3,1,2,US-20 WILBRAHAM RD,NA,99998,42.15344444,-72.37459444,0,8,0,0,1,1,0,1,2,10,0,10,0,0,17,8,17,10,17,36,19,0,0,1,0
25,250024,0,1,5,54,1,1,0,0,690,0,1,7,1,7,4,7,1,3,1,2b,990,0,25,1,1,0,1,1,1,1,17,195,28,1,2017,7,23,28,1,2,3,1,8,CHELMSFORD ST,ROUTE 3 OFF RAMP,99998,42.60470556,-71.34487778,0,8,0,0,3,2,0,1,2,1,0,1,0,0,23,33,23,35,99,99,0,0,0,1,0
25,250025,0,1,5,21,1,9,9,9,680,0,3,7,3,7,8,7,8,8,8,8,990,0,25,1,1,0,1,1,1,1,25,120,1,1,2017,1,6,0,0,2,7,4,7,SARATOGA STREET,NA,99998,77.7777,777.7777,0,8,0,0,98,98,0,1,4,1,0,1,0,0,6,2,6,6,88,88,0,0,0,1,0