STATE.x,ST_CASE,VEH_NO,PER_NO,PBPTYPE,PBAGE,PBSEX,PBCWALK,PBSWALK,PBSZONE,PEDCTYPE,BIKECTYPE,PEDLOC,BIKELOC,PEDPOS,BIKEPOS,PEDDIR,BIKEDIR,MOTDIR,MOTMAN,PEDLEG,PEDSNR,PEDCGP,BIKECGP,STATE.y,VE_TOTAL,VE_FORMS,PVH_INVL,PEDS,PERNOTMVIT,PERMVIT,PERSONS,COUNTY,CITY,DAY,MONTH,YEAR,DAY_WEEK,HOUR,MINUTE,NHS,RUR_URB,FUNC_SYS,RD_OWNER,ROUTE,TWAY_ID,TWAY_ID2,MILEPT,LATITUDE,LONGITUD,SP_JUR,HARM_EV,MAN_COLL,RELJCT1,RELJCT2,TYP_INT,WRK_ZONE,REL_ROAD,LGT_COND,WEATHER1,WEATHER2,WEATHER,SCH_BUS,RAIL,NOT_HOUR,NOT_MIN,ARR_HOUR,ARR_MIN,HOSP_HR,HOSP_MN,CF1,CF2,CF3,FATALS,DRUNK_DR
35,350242,0,1,5,58,1,1,1,0,760,0,1,7,2,7,4,7,1,3,1,1b,750,0,35,1,1,0,1,1,2,2,1,30,17,10,2017,3,19,35,1,2,3,4,6,CENTRAL AVE,SAN MATEO BLVD,99998,35.07760556,-106.5860833,0,8,0,0,3,2,0,1,2,1,0,1,0,0,19,43,19,45,88,88,0,0,0,1,0
35,350244,0,1,5,73,1,1,1,0,760,0,3,7,3,7,8,7,8,8,8,8,750,0,35,1,1,0,1,1,4,4,45,745,2,6,2017,6,21,8,1,2,3,1,2,US-491,NA,99998,36.78847222,-108.6866333,3,8,0,0,1,1,0,1,3,1,0,1,0,0,21,13,21,28,88,88,0,0,0,1,0
35,350247,0,1,8,72,1,0,1,0,760,0,2,7,3,7,2,7,1,3,1,2a,750,0,35,1,1,0,1,1,2,2,1,30,1,9,2017,6,9,54,1,2,3,4,6,JUAN TABO BLVD NE,BUENA VENTURA RD NE,99998,35.07341667,-106.5150472,0,15,0,0,3,3,0,1,1,1,0,1,0,0,9,59,10,7,10,22,0,0,0,1,0
35,350248,0,1,5,78,2,1,0,0,410,0,3,7,4,7,8,7,8,8,8,8,400,0,35,3,1,2,1,3,2,4,27,495,11,7,2017,3,15,59,0,1,4,1,2,US-380,NA,99998,33.49362222,-105.3902361,0,8,0,0,1,1,0,7,1,1,0,1,0,0,99,99,99,99,88,88,14,0,0,1,0
35,350256,0,1,5,30,1,0,0,0,459,0,3,7,4,7,8,7,8,8,8,8,400,0,35,1,1,0,1,1,1,1,45,0,23,10,2017,2,1,33,1,1,3,1,2,US-491,NA,99998,36.17506944,-108.7122028,3,8,0,0,1,1,0,2,2,1,0,1,0,0,1,46,2,12,88,88,0,0,0,1,0
35,350259,0,1,5,91,2,1,1,0,760,0,1,7,2,7,1,7,4,3,1,1a,750,0,35,1,1,0,1,1,1,1,1,30,14,10,2017,7,7,59,1,2,3,4,6,WYOMING BLVD NE,COPPER AVE NE,0,35.08007222,-106.5504056,0,8,0,0,3,2,0,1,4,1,0,1,0,0,8,2,8,4,88,88,0,0,0,1,0
35,350260,0,1,5,49,1,0,0,0,760,0,1,7,1,7,2,7,1,3,1,2a,750,0,35,1,1,0,1,1,1,1,45,741,25,10,2017,4,19,54,1,1,3,1,2,US-491,SR-134,99998,36.14541667,-108.7072583,3,8,0,0,2,3,0,1,2,1,0,1,0,0,99,99,99,99,88,88,0,0,0,1,0
35,350261,0,1,5,24,1,0,0,0,760,0,1,7,1,7,4,7,1,3,1,2b,750,0,35,1,1,0,1,1,1,1,45,741,25,10,2017,4,19,27,1,1,3,1,2,US-491,SR-134,99998,36.14549167,-108.7073139,3,8,0,0,2,3,0,1,2,1,0,1,0,0,99,99,99,99,88,88,0,0,0,1,0
35,350264,0,1,5,50,1,0,0,0,760,0,3,7,3,7,8,7,8,8,8,8,750,0,35,2,2,0,1,1,6,6,1,30,29,10,2017,1,20,22,0,2,5,2,9,2ND ST SW,NA,99998,35.03489167,-106.6567806,0,8,0,0,1,1,0,1,2,1,0,1,0,0,20,23,20,30,88,88,0,0,0,1,0
35,350265,0,1,5,23,1,1,1,0,760,0,3,7,3,7,8,7,8,8,8,8,750,0,35,1,1,0,1,1,1,1,1,30,6,11,2017,2,18,33,1,2,3,4,6,JUAN TABO BLVD NE,NA,0,35.11155278,-106.515525,0,8,0,0,1,1,0,1,3,1,0,1,0,0,18,36,18,42,88,88,0,0,0,1,0
35,350269,0,1,5,32,2,0,0,0,313,0,3,7,3,7,8,7,8,8,8,8,600,0,35,1,1,0,1,1,1,1,6,0,11,11,2017,7,18,35,0,1,5,1,3,SR-122,NA,99998,35.22509722,-107.9211389,0,8,0,0,1,1,0,1,2,1,0,1,0,0,99,99,99,99,88,88,0,0,0,1,0
35,350270,0,1,5,65,1,0,1,0,760,0,3,7,3,7,8,7,8,8,8,8,750,0,35,1,1,0,1,1,2,2,31,340,21,11,2017,3,17,29,1,1,3,1,2,US-491,NA,99998,35.54457778,-108.7587417,0,8,0,0,1,1,0,1,3,1,0,1,0,0,17,32,17,37,88,88,0,0,0,1,0
35,350277,0,1,5,34,2,0,0,0,680,0,3,7,3,7,8,7,8,8,8,8,990,0,35,3,3,0,1,1,4,4,13,470,30,8,2017,4,1,4,1,1,1,1,1,I-10,NA,99998,32.24249167,-106.7188667,0,8,0,0,1,1,0,1,2,1,0,1,0,0,1,3,1,10,99,98,0,0,0,1,0
35,350279,0,1,5,52,1,0,0,0,910,0,3,7,3,7,8,7,8,8,8,8,910,0,35,1,1,0,1,1,1,1,31,875,13,9,2017,4,20,26,0,1,3,1,3,SR-264,NA,99998,35.62914444,-108.7841528,0,8,0,1,18,1,0,1,3,1,0,1,0,0,99,99,99,99,88,88,0,0,0,1,0
35,350280,0,1,5,61,1,1,1,0,760,0,3,7,3,7,8,7,8,8,8,8,750,0,35,1,1,0,1,1,3,3,1,30,20,9,2017,4,19,9,1,2,3,4,6,EUBANK BLVD NE,NA,0,35.07833333,-106.5322417,0,8,0,0,1,1,0,1,5,1,0,1,0,0,19,14,19,16,88,88,0,0,0,1,0
35,350281,0,1,5,47,1,0,0,0,410,0,3,7,3,7,8,7,8,8,8,8,400,0,35,1,1,0,1,1,1,1,45,613,1,9,2017,6,6,3,0,1,7,50,9,CR-7800,NA,99998,36.26474167,-107.7429778,0,8,0,0,1,1,0,1,3,1,0,1,0,0,6,10,6,19,88,88,0,0,0,1,0
35,350286,0,1,5,63,1,1,1,0,760,0,1,7,2,7,1,7,4,3,1,1a,750,0,35,1,1,0,1,1,1,1,35,20,13,11,2017,2,22,24,0,2,4,4,6,FIRST ST,MARYLAND AVE,0,32.89028889,-105.9567389,0,8,0,0,3,2,0,1,3,1,0,1,0,0,22,26,22,29,22,49,0,0,0,1,0
35,350289,0,1,5,25,1,1,1,0,760,0,3,7,3,7,8,7,8,8,8,8,750,0,35,1,1,0,1,1,2,2,1,30,16,10,2017,2,19,9,1,2,3,1,3,SR-45 COORS BLVD BYPASS,NA,99998,35.20206111,-106.6600389,0,8,0,0,1,1,0,1,2,1,0,1,0,0,99,99,99,99,88,88,0,0,0,1,0
35,350297,0,1,5,79,1,0,0,0,140,0,3,7,4,7,8,7,8,8,8,8,100,0,35,3,1,2,2,2,1,1,25,0,14,12,2017,5,15,36,1,2,3,1,3,SR-18,NA,99998,32.84970278,-103.2682139,0,14,0,0,1,1,0,2,1,1,0,1,0,0,15,32,15,42,88,88,15,23,0,2,0
35,350297,0,2,5,40,1,0,0,0,140,0,3,7,4,7,8,7,8,8,8,8,100,0,35,3,1,2,2,2,1,1,25,0,14,12,2017,5,15,36,1,2,3,1,3,SR-18,NA,99998,32.84970278,-103.2682139,0,14,0,0,1,1,0,2,1,1,0,1,0,0,15,32,15,42,88,88,15,23,0,2,0
35,350304,0,1,5,24,1,0,0,0,760,0,3,7,3,7,8,7,8,8,8,8,750,0,35,1,1,0,1,1,2,2,61,101,20,12,2017,4,18,52,1,2,3,1,3,SR-47,NA,99998,34.81895,-106.6941611,0,8,0,0,1,1,0,1,2,1,0,1,0,0,18,47,18,47,19,20,0,0,0,1,0
35,350307,0,1,5,59,2,0,1,0,465,0,3,7,5,7,8,7,8,8,8,8,460,0,35,1,1,0,1,1,1,1,25,410,8,12,2017,6,16,9,0,6,96,96,9,NONE,NA,0,32.70424167,-103.1182722,0,8,0,0,4,1,0,1,1,1,0,1,0,0,99,99,99,99,99,99,0,0,0,1,0
35,350308,0,1,5,10,2,0,0,0,160,0,3,7,3,7,8,7,8,8,8,8,100,0,35,1,1,0,1,1,1,1,25,0,24,12,2017,1,13,48,0,6,96,96,9,LEASE ROAD,NA,99998,32.61037778,-103.2357278,0,8,0,0,1,1,0,1,1,1,0,1,0,0,99,99,99,99,99,99,0,0,0,1,0
35,350310,0,1,5,29,2,1,1,0,760,0,1,7,1,7,9,7,9,8,8,99,750,0,35,1,1,0,1,1,1,1,55,780,29,12,2017,6,22,54,0,2,3,1,3,SR-68 PASEO DEL PUEBLO SUR,SR-585 PASEO DEL CANON,99998,36.37979167,-105.5898083,0,8,0,0,2,2,0,1,3,1,0,1,0,0,22,47,22,50,88,88,0,0,0,1,0
35,350311,0,1,5,19,2,0,0,0,760,0,3,7,3,7,8,7,8,8,8,8,750,0,35,2,2,0,1,1,2,2,13,470,26,12,2017,3,17,56,0,2,4,4,6,DEL REY BLVD,NA,0,32.36454722,-106.7781194,0,8,0,0,1,1,0,1,2,1,0,1,0,0,18,0,18,9,18,33,14,0,0,1,0
35,350313,0,1,5,41,2,1,1,0,120,0,3,7,3,7,8,7,8,8,8,8,100,0,35,1,1,0,1,1,1,1,1,30,24,11,2017,6,23,57,1,2,3,4,6,MENAUL BLVD NE,NA,0,35.10908333,-106.563025,0,8,0,0,1,1,0,1,3,1,0,1,0,0,0,0,0,3,88,88,18,0,0,1,0
35,350315,0,1,5,30,1,1,1,0,760,0,1,7,1,7,9,7,1,3,9,99,750,0,35,1,1,0,1,1,1,1,1,30,11,12,2017,2,9,39,0,2,4,4,6,CARLISLE BLVD NE,HENDRIX RD NE,0,35.12991944,-106.6040472,0,8,0,0,2,2,0,1,1,1,0,1,0,0,99,99,99,99,99,99,0,0,0,1,0
35,350318,0,1,5,29,1,0,0,0,760,0,3,7,3,7,8,7,8,8,8,8,750,0,35,1,1,0,1,1,2,2,1,30,24,10,2017,3,20,32,1,2,3,1,3,SR-45 COORS BLVD SW,NA,99998,34.98674444,-106.7191889,0,8,0,0,1,1,0,1,2,1,0,1,0,0,20,32,20,37,88,88,0,0,0,1,1
35,350319,0,1,5,39,1,0,0,0,910,0,3,7,3,7,8,7,8,8,8,8,910,0,35,1,1,0,1,1,4,4,1,0,29,12,2017,6,23,45,1,1,1,1,1,I-40,NA,99998,35.05135556,-106.8632306,0,8,0,0,1,1,0,1,2,1,0,1,0,0,23,46,23,58,88,88,0,0,0,1,0
35,350323,0,1,5,35,2,0,0,0,910,0,3,7,3,7,8,7,8,8,8,8,910,0,35,1,1,0,1,1,2,2,1,9997,29,10,2017,1,1,13,1,1,1,1,1,I-40,NA,99998,35.02935278,-106.95905,3,8,0,0,1,1,0,1,2,1,0,1,0,0,99,99,99,99,88,88,0,0,0,1,0
35,350329,0,1,5,82,1,1,1,0,760,0,3,7,3,7,8,7,8,8,8,8,750,0,35,1,1,0,1,1,1,1,1,30,21,10,2017,7,2,11,1,2,3,4,6,GIBSON BLVD SE,NA,0,35.05836389,-106.6141444,0,8,0,0,1,1,1,1,3,1,0,1,0,0,99,99,99,99,88,88,0,0,0,1,0
35,350333,0,1,5,999,1,0,0,0,680,0,3,7,3,7,8,7,8,8,8,8,990,0,35,1,1,0,1,1,6,6,45,626,29,9,2017,6,21,14,1,1,3,1,2,US-491,NA,99998,36.29551389,-108.7064028,3,8,0,0,1,1,0,1,3,2,0,2,0,0,21,17,21,43,88,88,0,0,0,1,0
35,350337,0,1,5,59,1,0,0,0,410,0,3,7,3,7,8,7,8,8,8,8,400,0,35,1,1,0,1,1,1,1,13,470,2,11,2017,5,20,40,1,2,3,1,3,SR-188 S VALLEY DR,NA,99998,32.28558889,-106.7771083,0,8,0,0,1,1,0,1,3,1,0,1,0,0,20,46,20,51,88,88,0,0,0,1,1
35,350340,0,1,5,31,2,0,0,0,410,0,3,7,3,7,8,7,8,8,8,8,400,0,35,1,1,0,1,1,1,1,31,340,24,10,2017,3,21,0,1,2,3,1,3,SR-118,NA,99998,35.53206111,-108.6349639,0,8,0,0,1,1,0,1,2,1,0,1,0,0,99,99,99,99,88,88,0,0,0,1,0
36,360001,0,1,5,73,1,0,1,0,760,0,3,7,3,7,8,7,8,8,8,8,750,0,36,1,1,0,1,1,1,1,5,4170,1,1,2017,1,17,52,1,2,3,1,2,US-1 BOSTON RD,NA,0,40.86635833,-73.86126667,0,8,0,0,1,1,0,1,3,10,0,10,0,0,99,99,99,99,99,99,0,0,0,1,0
36,360002,0,1,5,52,1,1,1,0,690,0,1,7,1,7,1,7,2,3,1,2b,990,0,36,1,1,0,1,1,1,1,81,4170,1,1,2017,1,2,30,0,2,3,4,6,S CONDUIT AVE,ROCKAWAY BLVD,0,40.666775,-73.77996667,0,8,0,0,3,2,0,1,3,1,0,1,0,0,2,20,2,30,88,88,0,0,0,1,0
36,360004,0,1,5,53,1,1,0,0,770,0,1,7,2,7,1,7,2,3,2,3b,750,0,36,1,1,0,1,1,3,3,47,4170,1,1,2017,1,5,8,1,2,3,4,6,CONDUIT BLVD,PINE ST,0,40.67752778,-73.87144722,0,8,0,0,3,3,0,1,3,1,0,1,0,0,5,8,99,99,99,99,0,0,0,1,0
36,360005,0,1,5,70,1,0,1,0,620,0,2,7,3,7,2,7,3,3,1,2b,600,0,36,1,1,0,1,1,1,1,103,2920,4,1,2017,4,17,50,0,2,7,3,4,CR-13 5TH AVE,JENSEN RD,0,40.77166944,-73.26036667,0,8,0,0,3,2,0,1,3,10,0,10,0,0,17,50,17,54,18,9,0,0,0,1,0
36,360008,0,1,5,29,2,1,1,0,781,0,2,7,3,7,4,7,4,1,2,12a,790,0,36,2,2,0,1,1,2,2,47,4170,3,1,2017,3,6,46,0,2,3,4,6,NOSTRAND AVE,KINGS HWY,0,40.61606667,-73.94504444,0,8,0,0,3,2,0,1,3,2,0,2,1,0,99,99,99,99,99,99,0,0,0,1,0
36,360014,0,1,5,43,1,0,1,0,140,0,3,7,3,7,8,7,8,8,8,8,100,0,36,7,3,4,1,1,3,3,47,4170,9,1,2017,2,17,20,0,2,7,4,6,AVE A,REMSEN AVE,0,40.65118889,-73.91808611,0,14,0,0,3,2,0,7,3,1,0,1,0,0,99,99,99,99,99,99,0,0,0,1,0
36,360017,0,1,5,85,1,0,1,0,680,0,3,7,3,7,8,7,8,8,8,8,990,0,36,1,1,0,1,1,1,1,47,4170,9,1,2017,2,13,6,0,2,5,4,6,GRAND ST,NA,0,40.71119444,-73.94861389,0,8,0,0,1,1,0,1,1,10,0,10,0,0,99,99,99,99,99,99,0,0,0,1,0
36,360019,0,1,5,88,1,1,1,0,760,0,1,7,2,7,2,7,1,3,2,3a,750,0,36,1,1,0,1,1,1,1,47,4170,10,1,2017,3,21,23,0,2,3,4,6,OCEAN PARKWAY,AVE X,0,40.591075,-73.96512778,0,8,0,0,3,2,0,1,3,1,0,1,0,0,99,99,99,99,99,99,0,0,0,1,0
36,360020,0,1,5,58,2,1,1,0,690,0,2,7,3,7,2,7,1,3,2,4a,990,0,36,1,1,0,1,1,1,1,59,2600,10,1,2017,3,6,43,0,2,7,3,5,N FRANKLIN ST,JACKSON ST,0,40.70969167,-73.62778333,0,8,0,0,3,2,0,1,3,1,0,1,0,0,6,47,6,50,88,88,0,0,0,1,0
36,360023,0,1,5,65,1,1,1,0,760,0,2,7,3,7,2,7,3,3,2,4b,750,0,36,1,1,0,1,1,3,3,81,4170,11,1,2017,4,23,35,0,2,3,4,6,MAIN ST,58TH AVE,0,40.74526389,-73.82593333,0,8,0,0,3,2,0,1,3,2,0,2,0,0,23,35,99,99,99,99,0,0,0,1,0
36,360035,0,1,5,67,1,1,1,0,791,0,1,7,2,7,2,7,2,2,2,7a,790,0,36,1,1,0,1,1,1,1,81,4170,18,1,2017,4,19,26,0,2,7,4,6,76TH ST,37TH AVE,0,40.74908889,-73.88996389,0,8,0,0,3,2,0,1,3,1,0,1,0,0,99,99,99,99,99,99,0,0,0,1,0
36,360036,0,1,5,75,2,0,1,0,760,0,3,7,3,7,8,7,8,8,8,8,750,0,36,1,1,0,1,1,1,1,29,156,18,1,2017,4,7,23,0,2,4,3,5,EGGERT RD,NA,0,42.96415556,-78.80395556,0,8,0,0,1,1,0,1,3,2,0,2,0,0,7,23,7,24,7,58,0,0,0,1,0
36,360038,0,1,5,43,2,1,0,0,690,0,2,7,3,7,1,7,2,3,2,4b,990,0,36,1,1,0,1,1,1,1,47,4170,18,1,2017,4,20,25,0,2,4,4,6,CATON AVE,ST PAULS PL,0,40.65150556,-73.96316389,0,8,0,0,3,2,0,1,3,1,0,1,0,0,99,99,99,99,88,88,0,0,0,1,0
36,360044,0,1,5,68,1,0,1,0,760,0,3,7,3,7,8,7,8,8,8,8,750,0,36,1,1,0,1,1,1,1,61,4170,23,1,2017,2,17,43,0,2,5,4,6,SHERMAN AVE,NA,0,40.86458056,-73.92334722,0,8,0,0,1,1,0,1,3,2,0,2,0,0,99,99,99,99,99,99,0,0,0,1,0
36,360049,0,1,5,52,1,0,0,0,680,0,3,7,3,7,8,7,8,8,8,8,990,0,36,1,1,0,1,1,1,1,11,5633,22,1,2017,1,20,8,0,1,3,3,3,SR-34,NA,0,42.99676389,-76.56256111,0,8,0,0,1,1,0,1,2,1,0,1,0,0,20,14,20,20,88,88,0,0,0,1,0
36,360053,0,1,5,67,2,0,1,0,213,0,3,7,5,7,8,7,8,8,8,8,200,0,36,1,1,0,3,3,1,1,47,4170,30,1,2017,2,12,7,0,2,4,4,6,BRIGHTON BEACH AVE,NA,0,40.576925,-73.96469444,0,8,0,0,1,1,0,4,1,10,0,10,0,0,99,99,99,99,99,99,0,0,0,1,0
36,360053,0,2,5,33,1,0,1,0,213,0,3,7,5,7,8,7,8,8,8,8,200,0,36,1,1,0,3,3,1,1,47,4170,30,1,2017,2,12,7,0,2,4,4,6,BRIGHTON BEACH AVE,NA,0,40.576925,-73.96469444,0,8,0,0,1,1,0,4,1,10,0,10,0,0,99,99,99,99,99,99,0,0,0,1,0
36,360053,0,3,5,70,2,0,1,0,213,0,3,7,5,7,8,7,8,8,8,8,200,0,36,1,1,0,3,3,1,1,47,4170,30,1,2017,2,12,7,0,2,4,4,6,BRIGHTON BEACH AVE,NA,0,40.576925,-73.96469444,0,8,0,0,1,1,0,4,1,10,0,10,0,0,99,99,99,99,99,99,0,0,0,1,0
36,360054,0,1,5,90,2,1,1,0,781,0,2,7,3,7,1,7,3,1,2,12b,790,0,36,1,1,0,1,1,1,1,47,4170,19,1,2017,5,10,46,0,2,7,4,6,E 14TH ST,GRAVESEND NECK RD,0,40.59465,-73.95653056,0,8,0,0,3,2,0,1,1,1,0,1,0,0,10,46,10,50,11,0,0,0,0,1,0
36,360060,0,1,5,28,1,0,0,0,770,0,3,7,3,7,8,7,8,8,8,8,750,0,36,2,2,0,1,1,2,2,81,4170,4,2,2017,7,4,20,1,2,2,1,3,SR-907M GRAND CENTRAL PKWY,NA,0,40.76772222,-73.90308333,0,8,0,0,1,1,0,1,3,1,0,1,0,0,99,99,99,99,99,99,0,0,0,1,0
36,360062,0,1,5,58,1,0,0,0,910,0,3,7,3,7,8,7,8,8,8,8,910,0,36,1,1,0,1,1,1,1,5,4170,4,2,2017,7,3,57,0,2,3,4,6,BRUCKNER BLVD,NA,0,40.83045833,-73.83768611,0,8,0,1,5,1,0,1,3,1,0,1,0,0,99,99,99,99,88,88,0,0,0,1,1
36,360063,0,1,5,60,2,0,0,0,690,0,1,7,2,7,9,7,4,3,9,99,990,0,36,1,1,0,1,1,2,2,15,6260,5,2,2017,1,18,30,0,1,4,1,3,SR-224,LANGFORD ST,0,42.20136111,-76.55466944,0,8,0,0,3,2,0,1,2,10,0,10,0,0,18,35,18,49,88,88,0,0,0,1,0
36,360064,0,1,5,55,2,0,1,0,760,0,3,7,3,7,8,7,8,8,8,8,750,0,36,1,1,0,1,1,1,1,55,2248,5,2,2017,1,18,14,1,2,3,1,3,SR-31,NA,0,43.16508611,-77.69183333,0,8,0,0,1,1,0,1,3,10,0,10,0,0,18,18,18,20,88,88,0,0,0,1,0
36,360066,0,1,5,63,2,0,1,0,620,0,2,7,3,7,9,7,1,3,1,2d,600,0,36,1,1,0,1,1,1,1,87,4063,6,2,2017,2,18,16,0,2,3,1,3,SR-304,VILLAGE GREEN,0,41.10472778,-73.99695,0,8,0,0,3,3,0,1,3,1,0,1,0,0,18,18,18,22,18,39,0,0,0,1,0
36,360067,0,1,5,28,2,0,0,0,440,0,3,7,3,7,8,7,8,8,8,8,400,0,36,1,1,0,1,1,1,1,5,4170,7,2,2017,3,4,53,1,2,1,1,1,I-87 MAJOR DEEGAN EXP,NA,0,40.87411389,-73.90572222,0,8,0,1,17,1,0,1,3,10,0,10,0,0,4,53,5,0,5,15,0,0,0,1,1
36,360069,0,1,5,52,2,1,1,0,770,0,1,7,2,7,4,7,4,1,2,11a,750,0,36,1,1,0,1,1,1,1,85,4170,6,2,2017,2,16,8,0,2,7,4,6,GERVIL ST,CORRELL AVE,0,40.54617778,-74.21175556,0,8,0,0,3,2,0,1,1,1,0,1,0,0,16,8,16,12,16,25,0,0,0,1,0
36,360073,0,1,5,82,1,0,1,0,690,0,1,7,1,7,2,7,1,3,1,2a,990,0,36,1,1,0,1,1,1,1,59,4090,18,2,2017,7,19,21,0,2,7,3,5,MINEOLA AVE,HILLSIDE AVE,0,40.79193611,-73.65345,0,8,0,0,2,3,0,1,3,1,0,1,0,0,19,22,19,24,19,45,0,0,0,1,0
36,360080,0,1,5,62,2,0,1,0,150,0,4,7,8,7,8,7,8,8,8,8,100,0,36,2,1,1,1,2,2,3,103,705,14,1,2017,7,11,25,0,2,7,3,4,CR-46 1430,NA,0,40.83558333,-72.88564722,0,43,0,0,8,1,0,4,1,1,0,1,0,0,11,25,11,41,11,59,0,0,0,1,1
36,360081,0,1,5,33,1,0,1,0,741,0,2,7,3,7,9,7,1,3,2,4c,740,0,36,1,1,0,1,1,1,1,59,4090,24,2,2017,6,12,51,0,2,7,3,5,GLEN COVE RD,FAIRFIELD AVE,0,40.75121111,-73.61834167,0,8,0,0,3,3,0,1,1,1,0,1,0,0,12,54,13,0,13,12,0,0,0,1,0
36,360082,0,1,5,25,2,0,0,0,211,0,4,7,7,7,8,7,8,8,8,8,200,0,36,1,1,0,1,1,2,2,87,5980,12,2,2017,1,2,11,0,1,7,3,5,THIELLS RD,NA,0,41.22666111,-74.00683333,0,8,0,0,8,1,0,4,3,10,0,10,0,0,2,11,2,15,2,50,0,0,0,1,0
36,360085,0,1,5,83,1,1,1,0,690,0,1,7,2,7,2,7,1,3,2,3a,990,0,36,1,1,0,1,1,1,1,61,4170,24,2,2017,6,5,57,1,2,3,4,6,AMSTERDAM AVE,W 95TH ST,0,40.7934,-73.97083611,0,8,0,0,3,2,0,1,3,1,0,1,0,0,99,99,99,99,99,99,0,0,0,1,0
36,360088,0,1,5,74,1,1,1,0,760,0,1,7,2,7,4,7,1,3,1,1b,750,0,36,1,1,0,1,1,1,1,27,4690,3,2,2017,6,18,49,1,1,3,1,3,SR-22,COULTER AVE,0,41.56633056,-73.59392222,0,8,0,0,2,2,0,1,3,1,0,1,0,0,18,55,18,57,88,88,0,0,0,1,0
36,360096,0,1,5,81,2,1,1,0,760,0,2,7,3,7,9,7,2,3,2,4c,750,0,36,1,1,0,1,1,1,1,53,4470,22,2,2017,4,18,33,0,2,4,1,3,SR-365A LENOX AVE,WEST ST,0,43.09299444,-75.65443889,0,8,0,0,3,2,0,1,3,10,0,10,0,0,18,33,18,38,18,50,0,0,0,1,0
36,360098,0,1,5,53,1,0,1,0,680,0,3,7,3,7,8,7,8,8,8,8,990,0,36,1,1,0,1,1,1,1,63,4330,27,2,2017,2,22,26,0,2,7,4,6,ERIE AVE,NA,0,43.04649167,-78.85345833,0,8,0,0,1,1,0,1,3,1,0,1,0,0,22,27,22,29,23,0,0,0,0,1,0
36,360101,0,1,5,69,2,0,1,1,760,0,3,7,3,7,8,7,8,8,8,8,750,0,36,1,1,0,1,1,1,1,47,4170,7,3,2017,3,18,50,0,2,7,4,6,GERRITSEN AVE,WHITNEY AVE,0,40.59807222,-73.93095,0,8,0,0,1,1,0,1,3,10,0,10,0,0,99,99,99,99,99,99,0,0,0,1,0
36,360102,0,1,5,57,1,0,0,0,410,0,3,7,3,7,8,7,8,8,8,8,400,0,36,1,1,0,1,1,1,1,71,581,19,2,2017,1,18,36,0,1,7,3,5,GLENWOOD RD,NA,0,41.39615,-74.14261111,0,8,0,0,1,1,0,1,2,10,0,10,0,0,18,36,99,99,99,99,0,0,0,1,0
36,360103,0,1,5,24,1,0,1,0,760,0,2,7,3,7,1,7,2,3,2,4b,750,0,36,1,1,0,1,1,2,2,103,2920,5,2,2017,1,23,15,1,2,3,4,3,SR-454,LAKELAND AVE,0,40.78534167,-73.11326111,0,8,0,0,3,2,0,1,3,1,0,1,0,0,99,99,99,99,99,99,0,0,0,1,0
36,360105,0,1,5,38,1,0,1,0,760,0,3,7,3,7,8,7,8,8,8,8,750,0,36,1,1,0,1,1,1,1,103,360,16,2,2017,5,18,45,1,2,3,1,3,SR-27,NA,0,40.69041389,-73.40405,0,8,0,0,1,1,0,1,2,1,0,1,0,0,99,99,99,99,99,99,0,0,0,1,0
36,360113,0,1,5,62,2,0,1,0,760,0,3,7,3,7,8,7,8,8,8,8,750,0,36,1,1,0,1,1,2,2,103,705,24,2,2017,6,19,58,0,2,7,3,5,RONKONKOMA AVE,NA,0,40.82553889,-73.11130833,0,8,0,0,1,1,0,1,2,1,0,1,0,0,99,99,99,99,99,99,0,0,0,1,0
36,360114,0,1,5,32,1,0,1,0,760,0,2,7,3,7,9,7,2,3,2,4c,750,0,36,1,1,0,1,1,1,1,103,705,20,2,2017,2,20,35,1,2,3,3,3,SR-25,COLLEGE RD,0,40.86384722,-73.04758333,0,8,0,0,3,3,0,1,3,1,0,1,0,0,99,99,99,99,99,99,0,0,0,1,0
36,360117,0,1,5,76,2,1,1,0,770,0,1,7,2,7,4,7,4,1,2,11a,750,0,36,1,1,0,1,1,1,1,47,4170,27,2,2017,2,16,0,0,2,7,4,6,FLATBUSH AVE,AVENUE U,0,40.60971667,-73.92259167,0,8,0,0,2,2,0,1,1,1,0,1,0,0,99,99,99,99,99,99,0,0,0,1,0
36,360120,0,1,5,81,2,1,1,0,781,0,1,7,2,7,3,7,3,1,2,11a,790,0,36,1,1,0,1,1,1,1,5,4170,7,3,2017,3,9,6,1,2,3,4,6,E FORDHAM RD,HUGHES AVE,0,40.85815,-73.88446667,0,8,0,0,2,2,0,1,1,2,0,2,0,0,99,99,99,99,99,99,0,0,0,1,0
36,360121,0,1,5,70,1,0,1,0,760,0,3,7,3,7,8,7,8,8,8,8,750,0,36,1,1,0,1,1,1,1,47,4170,7,3,2017,3,6,5,0,2,7,4,6,MEEKER AVE,NA,0,40.72704167,-73.93378056,0,8,0,0,1,1,0,1,3,2,0,2,0,0,99,99,99,99,99,99,0,0,0,1,0