STATE.x,ST_CASE,VEH_NO,PER_NO,PBPTYPE,PBAGE,PBSEX,PBCWALK,PBSWALK,PBSZONE,PEDCTYPE,BIKECTYPE,PEDLOC,BIKELOC,PEDPOS,BIKEPOS,PEDDIR,BIKEDIR,MOTDIR,MOTMAN,PEDLEG,PEDSNR,PEDCGP,BIKECGP,STATE.y,VE_TOTAL,VE_FORMS,PVH_INVL,PEDS,PERNOTMVIT,PERMVIT,PERSONS,COUNTY,CITY,DAY,MONTH,YEAR,DAY_WEEK,HOUR,MINUTE,NHS,RUR_URB,FUNC_SYS,RD_OWNER,ROUTE,TWAY_ID,TWAY_ID2,MILEPT,LATITUDE,LONGITUD,SP_JUR,HARM_EV,MAN_COLL,RELJCT1,RELJCT2,TYP_INT,WRK_ZONE,REL_ROAD,LGT_COND,WEATHER1,WEATHER2,WEATHER,SCH_BUS,RAIL,NOT_HOUR,NOT_MIN,ARR_HOUR,ARR_MIN,HOSP_HR,HOSP_MN,CF1,CF2,CF3,FATALS,DRUNK_DR
36,360717,0,2,5,14,1,0,0,0,430,0,3,7,3,7,8,7,8,8,8,8,400,0,36,1,1,0,2,2,1,1,105,5244,21,8,2017,2,22,40,0,2,7,2,4,CR-178,NA,0,41.90141944,-74.82388056,0,8,0,0,1,1,0,1,3,1,0,1,0,0,22,40,22,43,23,30,0,0,0,1,0
36,360720,0,1,5,20,1,0,0,0,760,0,3,7,3,7,8,7,8,8,8,8,750,0,36,1,1,0,1,1,2,2,81,4170,25,10,2017,4,0,8,1,2,1,1,1,I-495 LONG ISLAND EXPY,NA,0,40.74224722,-73.78135,0,8,0,0,1,1,0,1,3,1,0,1,0,0,99,99,99,99,99,99,0,0,0,1,0
36,360723,0,1,5,71,1,0,1,0,760,0,3,7,3,7,8,7,8,8,8,8,750,0,36,1,1,0,1,1,2,2,29,750,23,10,2017,2,16,20,0,2,3,4,3,SR-384,NA,0,99.9999,999.9999,0,8,0,0,1,1,0,1,1,2,0,2,0,0,99,99,16,26,16,35,0,0,0,1,0
36,360726,0,1,5,68,2,0,1,0,760,0,2,7,3,7,9,7,3,3,9,99,750,0,36,1,1,0,1,1,1,1,85,4170,1,11,2017,4,7,7,0,2,3,4,6,JEWETT AVE,COALE AVE,0,40.61311111,-74.13076111,0,8,0,0,3,2,0,1,3,1,0,1,0,0,99,99,99,99,99,99,0,0,0,1,0
36,360733,0,1,5,59,1,0,1,0,760,0,3,7,3,7,8,7,8,8,8,8,750,0,36,1,1,0,1,1,1,1,59,2600,30,10,2017,2,16,3,0,2,7,3,5,STEWART AVE,NA,0,40.735,-73.59697222,0,8,0,0,1,1,0,1,1,1,0,1,0,0,99,99,99,99,88,88,0,0,0,1,0
36,360737,0,1,5,21,1,1,1,0,791,0,2,7,3,7,9,7,2,2,2,8c,790,0,36,1,1,0,1,1,2,2,5,4170,7,11,2017,3,5,6,0,2,4,4,6,JEROME AVE,E GUN HILL RD,0,40.88282222,-73.88118889,0,8,0,0,3,2,0,1,3,1,0,1,0,0,5,6,5,8,88,88,0,0,0,1,0
36,360738,0,1,5,79,1,0,0,0,330,0,3,7,4,7,8,7,8,8,8,8,350,0,36,1,1,0,1,1,3,3,67,1179,31,10,2017,3,12,5,0,2,3,3,3,SR-252,NA,0,43.15008889,-76.22325556,0,8,0,0,1,1,0,4,1,2,0,2,0,0,12,11,12,13,13,6,0,0,0,1,0
36,360743,0,1,5,85,1,0,0,0,760,0,3,7,3,7,8,7,8,8,8,8,750,0,36,1,1,0,1,1,1,1,111,5280,15,10,2017,1,18,51,1,1,3,3,3,SR-32,NA,0,99.9999,999.9999,0,8,0,0,1,1,0,1,1,10,0,10,0,0,18,51,19,2,20,27,0,0,0,1,0
36,360747,0,1,5,26,2,0,0,0,680,0,3,7,3,7,8,7,8,8,8,8,990,0,36,1,1,0,1,1,1,1,5,4170,10,11,2017,6,4,7,1,2,1,1,1,I-95,NA,0,40.88290556,-73.82779722,0,8,0,1,17,1,0,1,3,1,0,1,0,0,99,99,99,99,88,88,0,0,0,1,0
36,360750,0,1,5,29,1,0,1,0,760,0,1,7,1,7,9,7,4,3,9,99,750,0,36,2,2,0,1,1,3,3,81,4170,10,11,2017,6,18,6,1,2,3,4,3,SR-25A,NA,0,40.75406111,-73.89957778,0,8,0,0,1,1,0,1,3,1,0,1,0,0,99,99,99,99,99,99,0,0,0,1,0
36,360751,0,1,5,55,1,1,1,0,680,0,3,7,2,7,8,7,8,8,8,8,990,0,36,1,1,0,1,1,1,1,29,1117,8,8,2017,3,4,52,0,2,4,3,5,GENESEE ST,NA,0,42.93221944,-78.72783889,0,8,0,0,1,1,0,1,3,1,0,1,0,0,4,52,4,56,88,88,0,0,0,1,0
36,360758,0,1,5,71,1,0,1,0,680,0,3,7,3,7,8,7,8,8,8,8,990,0,36,3,1,2,1,5,1,5,81,4170,13,9,2017,4,16,0,0,2,4,4,6,NORTHERN BLVD,NA,0,40.75587222,-73.88230833,0,8,0,0,1,1,0,1,1,1,0,1,0,0,99,99,99,99,99,99,0,0,0,1,0
36,360761,0,1,5,55,1,0,1,0,459,0,3,7,3,7,8,7,8,8,8,8,400,0,36,3,1,2,1,1,1,1,47,4170,31,10,2017,3,21,47,0,2,7,4,6,EAST 5TH ST,NA,0,40.65152222,-73.97707778,0,8,0,0,1,1,0,1,3,1,0,1,0,0,99,99,99,99,99,99,0,0,0,1,0
36,360765,0,1,5,56,1,0,0,0,430,0,3,7,3,7,8,7,8,8,8,8,400,0,36,1,1,0,1,1,1,1,91,9997,25,9,2017,2,17,20,1,2,3,1,2,US-9 SARATOGA RD,NA,0,43.25086111,-73.66964722,0,8,0,0,1,1,0,1,1,1,0,1,0,0,17,25,17,27,88,88,0,0,0,1,0
36,360781,0,1,5,69,1,0,1,0,760,0,2,7,3,7,9,7,4,1,2,12d,750,0,36,1,1,0,1,1,1,1,5,4170,24,10,2017,3,12,23,0,2,7,4,6,E TREMONT AVE,NA,0,99.9999,999.9999,0,8,0,0,8,1,0,1,1,10,0,10,0,0,99,99,99,99,99,99,0,0,0,1,0
36,360791,0,1,5,74,1,0,0,0,760,0,3,7,3,7,8,7,8,8,8,8,750,0,36,1,1,0,1,1,1,1,1,4122,22,11,2017,4,17,8,0,1,3,1,3,SR-85,NA,0,42.595475,-74.00590278,0,8,0,0,1,1,0,1,2,1,0,1,0,0,17,8,17,15,88,88,0,0,0,1,0
36,360794,0,1,5,34,1,1,1,0,690,0,1,7,2,7,9,7,2,1,2,11c,990,0,36,1,1,0,1,1,1,1,61,4170,14,11,2017,3,0,50,0,2,7,4,6,E 14TH ST,UNION SQUARE E,0,40.73485556,-73.99064722,0,8,0,0,3,2,0,1,3,10,0,10,0,0,99,99,99,99,99,99,0,0,0,1,0
36,360796,0,1,5,63,1,0,1,0,760,0,3,7,9,7,8,7,8,8,8,8,750,0,36,1,1,0,1,1,1,1,47,4170,22,11,2017,4,6,25,0,2,7,4,6,FLATLANDS AVE,NA,0,40.63755833,-73.91010278,0,8,0,0,1,1,0,3,3,2,0,2,0,0,99,99,99,99,99,99,0,0,0,1,0
36,360803,0,1,5,74,2,0,1,0,760,0,3,7,3,7,8,7,8,8,8,8,750,0,36,1,1,0,1,1,4,4,47,4170,24,11,2017,6,17,44,0,2,7,4,6,86TH ST,NA,0,40.59231389,-73.97792778,0,8,0,0,1,1,0,1,5,1,0,1,0,0,99,99,99,99,99,99,0,0,0,1,0
36,360805,0,1,5,70,1,0,0,0,910,0,3,7,3,7,8,7,8,8,8,8,910,0,36,1,1,0,1,1,3,3,81,4170,3,12,2017,1,3,49,1,2,3,1,3,SR-907D BELT PKWY,NA,0,40.66733611,-73.77624722,0,8,0,0,1,1,0,1,3,1,0,1,0,0,99,99,99,99,99,99,0,0,0,1,0
36,360806,0,1,5,70,1,0,1,0,760,0,3,7,3,7,8,7,8,8,8,8,750,0,36,1,1,0,1,1,3,3,59,3470,16,11,2017,5,21,20,0,2,7,3,5,FRANKLIN AVE,NA,0,40.67549167,-73.68056667,0,8,0,0,1,1,0,1,2,10,0,10,0,0,99,99,99,99,99,99,0,0,0,1,0
36,360809,0,1,5,66,1,0,0,0,160,0,3,7,3,7,8,7,8,8,8,8,100,0,36,1,1,0,1,1,1,1,111,2865,25,9,2017,2,16,30,0,1,7,3,5,WALTON LN,NA,0,41.90491667,-74.06072778,0,8,0,0,1,1,0,1,1,1,0,1,0,0,16,39,16,50,17,18,0,0,0,1,0
36,360813,0,1,5,68,2,0,1,0,690,0,2,7,3,7,9,7,1,3,1,2c,990,0,36,1,1,0,1,1,1,1,59,4090,6,12,2017,4,5,25,0,2,7,3,5,GLEN COVE RD,WESTBURY AVE,0,40.74956111,-73.61799722,0,8,0,0,3,2,0,1,3,10,0,10,0,0,5,35,5,38,88,88,0,0,0,1,0
36,360815,0,1,5,6,2,0,1,0,342,0,3,7,3,7,8,7,8,8,8,8,340,0,36,1,1,0,1,1,1,1,71,3830,10,11,2017,6,11,14,0,2,7,3,5,ACRES RD,NA,0,41.34629167,-74.16465,0,8,0,0,1,1,0,1,1,10,0,10,1,0,11,15,11,16,88,88,0,0,0,1,0
36,360817,0,1,5,59,1,0,1,0,680,0,3,7,3,7,8,7,8,8,8,8,990,0,36,2,2,0,1,1,2,2,47,4170,8,12,2017,6,17,29,0,2,3,4,6,LINDEN BLVD,NA,0,40.66028333,-73.88681944,0,8,0,0,1,1,0,1,3,1,0,1,0,0,99,99,99,99,17,53,0,0,0,1,0
36,360819,0,1,5,50,1,0,1,0,140,0,3,7,4,7,8,7,8,8,8,8,100,0,36,2,1,1,1,1,1,1,47,4170,26,11,2017,1,1,45,0,2,4,4,6,SCHERMERHORN ST,NA,0,40.68708056,-73.98107222,0,14,0,0,1,1,0,7,2,1,0,1,0,0,99,99,99,99,99,99,0,0,0,1,0
36,360820,0,1,5,66,2,0,1,0,760,0,3,7,3,7,8,7,8,8,8,8,750,0,36,2,2,0,1,1,2,2,59,2600,9,12,2017,7,19,8,1,2,3,1,3,SR-24,NA,0,40.72539167,-73.49106389,0,8,0,0,1,1,0,1,3,4,0,4,0,0,99,99,99,99,88,88,0,0,0,1,0
36,360821,0,1,5,59,1,0,0,0,760,0,2,7,3,7,9,7,3,3,1,2c,750,0,36,1,1,0,1,1,1,1,31,3110,13,11,2017,2,4,50,0,1,4,1,3,SR-86,CR-32,0,44.29959722,-74.10290833,0,8,0,0,3,3,0,1,2,10,0,10,0,0,5,1,5,14,88,88,0,0,0,1,0
36,360835,0,1,5,28,2,1,1,0,760,0,2,7,3,7,9,7,4,3,2,4c,750,0,36,1,1,0,1,1,1,1,103,360,6,9,2017,4,6,5,0,2,7,3,5,LONG ISLAND AVE,STRAIGHT PATH,0,40.75406944,-73.36050833,0,8,0,0,3,2,0,1,4,10,0,10,0,0,99,99,99,99,99,99,0,0,0,1,0
36,360836,0,1,5,64,2,0,1,0,760,0,3,7,3,7,8,7,8,8,8,8,750,0,36,1,1,0,1,1,1,1,103,360,2,11,2017,5,20,10,1,2,3,1,3,SR-27A MONTAUK HWY,NA,0,40.67899444,-73.36293056,0,8,0,0,1,1,0,1,3,1,0,1,0,0,20,8,99,99,20,39,0,0,0,1,0
36,360837,0,1,5,26,1,0,1,0,680,0,3,7,3,7,8,7,8,8,8,8,990,0,36,1,1,0,1,1,1,1,103,2920,5,11,2017,1,3,19,0,2,7,3,5,SUFFOLK AVE,NA,0,40.78263889,-73.23987778,0,8,0,0,1,1,0,1,3,10,0,10,0,0,3,19,3,25,88,88,0,0,0,1,0
36,360838,0,1,5,67,2,0,1,0,770,0,1,7,2,7,9,7,2,1,9,99,750,0,36,1,1,0,1,1,1,1,103,2920,30,8,2017,4,17,54,0,2,7,3,5,SUNRISE HWY SVC RD S,MANOR LANE,0,40.72877778,-73.279875,0,8,0,0,2,2,0,1,1,1,0,1,0,0,99,99,99,99,99,99,0,0,0,1,0
36,360839,0,1,5,44,2,0,0,0,230,0,3,7,3,7,8,7,8,8,8,8,100,0,36,2,2,0,1,1,1,1,51,1450,6,12,2017,4,18,43,1,1,3,1,3,SR-63,NA,0,42.54647222,-77.66601944,0,12,7,0,1,1,0,1,2,10,0,10,0,0,18,43,18,50,19,28,23,0,0,1,0
36,360841,0,1,5,87,1,1,1,0,760,0,2,7,3,7,9,7,4,3,2,4c,750,0,36,1,1,0,1,1,1,1,81,4170,5,12,2017,3,6,13,1,2,3,4,6,ROCKAWAY BLVD,109TH AVE,0,40.67809722,-73.83080833,0,8,0,0,3,3,0,1,1,1,0,1,0,0,6,13,6,21,99,99,0,0,0,1,0
36,360847,0,1,5,47,1,0,1,0,680,0,3,7,3,7,8,7,8,8,8,8,990,0,36,1,1,0,1,1,1,1,81,4170,21,12,2017,5,22,49,0,2,7,4,6,WOODHAVEN BLVD,NA,0,40.71225833,-73.85982778,0,8,0,0,1,1,0,1,3,1,0,1,0,0,99,99,99,99,99,99,0,0,0,1,0
36,360855,0,1,5,81,1,1,1,0,690,0,1,7,2,7,9,7,3,3,9,99,990,0,36,1,1,0,1,1,1,1,81,4170,21,12,2017,5,21,3,0,2,7,4,6,31ST ST,37TH AVE,0,40.75500278,-73.93110278,0,8,0,0,2,2,0,1,3,1,0,1,0,0,99,99,99,99,99,99,0,0,0,1,0
36,360856,0,1,5,65,1,0,1,0,760,0,3,7,3,7,8,7,8,8,8,8,750,0,36,1,1,0,1,1,1,1,61,4170,23,12,2017,7,9,33,0,2,7,4,6,5TH AVE,E 87TH ST,0,40.78217222,-73.95994444,0,8,0,0,3,3,0,1,1,2,0,2,0,0,99,99,99,99,99,99,0,0,0,1,0
36,360865,0,1,5,70,1,0,1,0,680,0,3,7,3,7,8,7,8,8,8,8,990,0,36,1,1,0,1,1,2,2,47,4170,12,12,2017,3,6,55,0,2,3,4,6,NOSTRAND AVE,NA,0,40.60666111,-73.94305556,0,8,0,0,1,1,0,1,3,1,0,1,0,0,99,99,99,99,99,99,0,0,0,1,0
36,360871,0,1,5,91,1,0,1,0,469,0,3,7,5,7,8,7,8,8,8,8,460,0,36,1,1,0,1,1,1,1,103,2920,25,9,2017,2,8,50,0,2,7,3,5,KIMBERLY PL,NA,0,40.72239444,-73.31070278,0,8,0,0,8,1,0,1,1,1,0,1,0,0,99,99,99,99,99,99,0,0,0,1,0
36,360873,0,1,5,35,1,0,1,0,410,0,2,7,3,7,9,7,1,3,2,4c,400,0,36,1,1,0,1,1,1,1,67,6010,10,10,2017,3,23,3,0,2,7,4,6,S GEDDES ST,MARCELLUS ST,0,43.04442222,-76.17099444,0,8,0,0,3,3,0,1,3,10,0,10,0,0,99,99,99,99,99,99,0,0,0,1,1
36,360876,0,1,5,58,1,0,0,0,459,0,3,7,3,7,8,7,8,8,8,8,400,0,36,1,1,0,1,1,1,1,103,5769,29,9,2017,6,16,37,0,1,7,3,5,SUNKEN MEADOW RD,NA,0,99.9999,999.9999,0,8,0,0,1,1,0,1,1,1,0,1,0,0,99,99,99,99,99,99,0,0,0,1,1
36,360878,0,1,5,16,1,0,0,0,313,0,3,7,3,7,8,7,8,8,8,8,600,0,36,1,1,0,1,1,1,1,109,6120,19,12,2017,3,22,19,0,1,7,3,5,TRUMANSBURG RD,NA,0,42.48585278,-76.57338333,0,8,0,0,1,1,0,1,2,10,0,10,0,0,22,19,22,27,88,88,0,0,0,1,0
36,360879,0,1,5,38,2,0,1,0,760,0,1,7,2,7,3,7,2,3,2,3a,750,0,36,1,1,0,1,1,1,1,55,5230,30,11,2017,5,5,55,0,2,7,4,6,ELMWOOD AVE,MOORE RD,0,43.12374167,-77.63143611,0,8,0,0,2,2,0,1,4,1,0,1,0,0,99,99,99,99,99,99,0,0,0,1,0
36,360881,0,1,5,73,2,0,0,0,760,0,3,7,3,7,8,7,8,8,8,8,750,0,36,1,1,0,1,1,1,1,67,1800,30,12,2017,7,17,7,1,2,3,1,3,SR-5,NA,0,43.03751389,-76.42906944,0,8,0,0,1,1,0,1,2,10,0,10,0,0,17,4,17,10,17,42,0,0,0,1,0
36,360890,0,1,5,27,1,0,1,0,770,0,2,7,3,7,9,7,2,3,9,99,750,0,36,1,1,0,1,1,1,1,55,5230,20,11,2017,2,2,5,0,2,7,4,6,ATLANTIC AVE,COVENTRY AVE,0,43.15664444,-77.56240833,0,8,0,0,3,2,0,1,3,4,0,4,0,0,2,5,2,7,88,88,0,0,0,1,1
36,360892,0,1,5,82,1,1,1,0,760,0,1,7,2,7,1,7,4,3,1,1a,750,0,36,1,1,0,1,1,2,2,81,4170,29,12,2017,6,19,45,0,2,3,4,6,HILLSIDE AVE,130TH ST,0,40.70365833,-73.82239722,0,8,0,0,2,2,0,1,3,1,0,1,0,0,99,99,99,99,99,99,0,0,0,1,0
36,360894,0,1,5,22,1,0,0,0,910,0,3,7,3,7,8,7,8,8,8,8,910,0,36,1,1,0,1,1,1,1,67,6010,16,11,2017,5,0,52,1,1,1,1,1,I-690,NA,110,43.07942778,-76.21864167,0,8,0,0,1,1,0,1,2,2,0,2,0,0,0,53,1,22,88,88,0,0,0,1,0
36,360900,0,1,5,70,2,0,1,0,690,0,2,7,3,7,2,7,1,3,2,4a,990,0,36,1,1,0,1,1,1,1,103,705,25,12,2017,2,0,5,0,2,7,3,5,N OCEAN AVE,OAKLEIGH AVE,0,40.78075556,-73.01577778,0,8,0,0,3,3,0,1,3,2,0,2,0,0,0,5,0,9,0,23,0,0,0,1,0
36,360908,0,1,5,20,1,0,1,0,760,0,2,7,3,7,2,7,3,3,1,2b,750,0,36,1,1,0,1,1,1,1,67,1166,29,11,2017,4,4,21,1,2,3,1,2,US-11,HOGAN DR,0,43.15226944,-76.12440556,0,8,0,0,3,3,0,1,2,10,0,10,0,0,99,99,99,99,99,99,0,0,0,1,0
36,360910,0,1,5,71,2,1,1,0,781,0,1,7,2,7,9,7,1,1,2,11c,790,0,36,1,1,0,1,1,1,1,59,5250,23,10,2017,2,14,8,0,2,7,4,6,LINCOLN AVE,S PARK AVE,0,40.65411944,-73.646425,0,8,0,0,3,2,0,1,1,1,0,1,0,0,99,99,99,99,99,99,0,0,0,1,0
36,360911,0,1,5,55,1,0,1,0,610,0,3,7,3,7,8,7,8,8,8,8,600,0,36,2,1,1,1,1,1,1,81,4170,17,10,2017,3,23,45,0,2,7,4,6,JUNIPER VALLEY RD,NA,0,40.71554722,-73.87853056,0,8,0,0,1,1,0,1,3,1,0,1,0,0,99,99,99,99,99,99,0,0,0,1,0
36,360913,0,1,5,78,1,1,1,0,781,0,1,7,2,7,1,7,3,1,2,11b,790,0,36,1,1,0,1,1,2,2,119,4120,5,12,2017,3,16,37,0,2,3,1,2,US-1,LECOUNT PL,0,40.91218333,-73.78138056,0,8,0,0,3,3,0,1,3,2,0,2,0,0,99,99,99,99,99,99,0,0,0,1,0
36,360914,0,1,5,65,1,1,0,0,760,0,1,7,2,7,2,7,3,3,2,3b,750,0,36,1,1,0,1,1,1,1,103,360,8,12,2017,6,17,50,1,2,3,1,3,SR-231,HUNTER AVE,0,40.72666667,-73.31876944,0,8,0,0,2,2,0,1,2,10,0,10,0,0,99,99,99,99,99,99,0,0,0,1,0
36,360915,0,1,5,73,1,0,0,0,770,0,1,7,2,7,2,7,3,3,1,1b,750,0,36,1,1,0,2,2,4,4,9,5410,15,12,2017,6,17,35,0,1,4,1,3,SR-353,N STATE ST,0,42.18250556,-78.7472,0,8,0,0,2,4,0,1,3,4,0,4,0,0,18,0,99,99,88,88,0,0,0,2,1
36,360915,0,2,5,69,2,0,0,0,770,0,1,7,2,7,2,7,3,3,1,1b,750,0,36,1,1,0,2,2,4,4,9,5410,15,12,2017,6,17,35,0,1,4,1,3,SR-353,N STATE ST,0,42.18250556,-78.7472,0,8,0,0,2,4,0,1,3,4,0,4,0,0,18,0,99,99,88,88,0,0,0,2,1
36,360916,0,1,5,31,2,0,0,0,459,0,3,7,3,7,8,7,8,8,8,8,400,0,36,1,1,0,2,2,1,1,103,705,23,12,2017,7,17,5,0,1,7,3,4,CR-16 HORSEBLOCK RD,NA,0,40.79928889,-72.91598889,0,8,0,0,1,1,0,1,3,2,0,2,0,0,99,99,99,99,99,99,0,0,0,2,0
36,360916,0,2,5,7,2,0,0,0,459,0,3,7,3,7,8,7,8,8,8,8,400,0,36,1,1,0,2,2,1,1,103,705,23,12,2017,7,17,5,0,1,7,3,4,CR-16 HORSEBLOCK RD,NA,0,40.79928889,-72.91598889,0,8,0,0,1,1,0,1,3,2,0,2,0,0,99,99,99,99,99,99,0,0,0,2,0
36,360918,0,1,5,37,1,0,1,0,680,0,3,7,3,7,8,7,8,8,8,8,990,0,36,1,1,0,1,1,2,2,103,2920,11,11,2017,7,22,45,0,2,7,3,5,PINE AIR DR,NA,0,40.771225,-73.28298333,0,8,0,0,1,1,0,1,2,10,0,10,0,0,99,99,99,99,88,88,0,0,0,1,0
36,360919,0,1,5,56,1,0,1,0,770,0,1,7,9,7,9,7,9,8,8,99,750,0,36,1,1,0,1,1,1,1,103,2920,19,11,2017,1,3,15,0,2,7,3,5,2ND AVE,7TH ST,0,40.77830278,-73.2429,0,8,0,0,2,3,0,1,2,10,0,10,0,0,99,99,99,99,99,99,0,0,0,1,0
36,360938,0,1,5,48,1,0,0,0,410,0,3,7,3,7,8,7,8,8,8,8,400,0,36,1,1,0,1,1,1,1,79,630,27,8,2017,1,20,38,1,1,3,1,3,SR-22,NA,0,41.366025,-73.64071667,0,8,0,0,1,1,0,1,2,10,0,10,0,0,99,99,99,99,99,99,0,0,0,1,0
36,360944,0,1,5,92,1,1,1,0,760,0,1,7,1,7,9,7,3,3,1,2c,750,0,36,1,1,0,1,1,1,1,59,2600,25,11,2017,7,17,54,0,2,7,3,5,NEW HYDE PARK RD,HOLZHEIMER ST,0,40.70819722,-73.67563889,0,8,0,0,2,3,0,1,3,10,0,10,0,0,99,99,99,99,99,99,0,0,0,1,0
36,360946,0,1,5,63,1,0,1,0,313,0,3,7,3,7,8,7,8,8,8,8,600,0,36,1,1,0,1,1,2,2,29,1117,30,12,2017,7,1,5,0,2,4,1,3,SR-354 CLINTON ST,NA,0,42.87168889,-78.79436111,0,8,0,0,1,1,0,1,3,4,0,4,0,0,1,5,1,7,88,88,0,0,0,1,0
36,360948,0,1,5,62,2,0,1,0,760,0,3,7,3,7,8,7,8,8,8,8,750,0,36,1,1,0,1,1,1,1,59,6250,11,12,2017,2,19,30,0,2,7,3,5,W MERRICK RD,NA,0,40.66805833,-73.70978333,0,8,0,0,1,1,0,1,3,1,0,1,0,0,99,99,99,99,99,99,0,0,0,1,0
37,370019,0,1,5,49,1,9,9,9,459,0,3,7,3,7,8,7,8,8,8,8,400,0,37,1,1,0,1,1,1,1,51,0,12,1,2017,5,19,30,0,1,3,98,3,SR-1710,NA,0,35.17922222,-78.83312778,0,8,0,0,1,1,0,1,2,1,0,1,0,0,19,40,19,43,20,9,0,0,0,1,0
37,370023,0,1,5,16,2,9,9,9,341,0,3,7,3,7,8,7,8,8,8,8,340,0,37,1,1,0,1,1,1,1,51,1670,26,1,2017,5,16,49,0,2,7,98,6,MURCHISON RD,NA,0,35.06165,-78.88693611,0,8,0,0,1,1,0,1,1,1,0,1,0,0,16,50,16,57,17,11,0,0,0,1,0
37,370029,0,1,5,43,2,9,9,9,760,0,3,7,3,7,8,7,8,8,8,8,750,0,37,1,1,0,1,1,1,1,67,5120,11,1,2017,4,19,3,0,2,7,98,6,UNIVERSITY PKWY,NA,0,36.18368889,-80.27461389,0,8,0,0,1,1,0,1,3,10,5,5,0,0,19,4,19,12,88,88,0,0,0,1,0
37,370030,0,1,5,39,1,9,9,9,680,0,3,7,3,7,8,7,8,8,8,8,990,0,37,1,1,0,1,1,2,2,67,2430,31,1,2017,3,19,13,0,2,7,98,6,E BODENHAMER ST,NA,0,36.11464722,-80.06473333,0,8,0,0,1,1,0,1,2,1,0,1,0,0,19,13,19,23,19,47,0,0,0,1,0
37,370031,0,1,5,7,1,9,9,9,680,0,3,7,3,7,8,7,8,8,8,8,990,0,37,1,1,0,1,1,1,1,69,0,16,1,2017,2,20,56,0,1,3,98,3,SR-1101,NA,0,35.96593611,-78.40484167,0,8,0,0,1,1,0,1,2,1,0,1,0,0,20,42,20,51,88,88,0,0,0,1,0
37,370037,0,1,5,51,1,9,9,9,680,0,3,7,3,7,8,7,8,8,8,8,990,0,37,1,1,0,1,1,1,1,81,0,13,1,2017,6,7,0,0,1,3,98,3,SR-2028,NA,0,36.18496944,-80.02713611,0,8,0,0,1,1,0,1,2,1,0,1,0,0,6,58,7,15,7,46,0,0,0,1,0
37,370043,0,1,5,54,1,9,9,9,680,0,3,7,3,7,8,7,8,8,8,8,990,0,37,1,1,0,1,1,1,1,93,0,16,1,2017,2,22,0,0,1,3,98,3,SR-1202,NA,0,34.97846944,-79.32542778,0,8,0,0,1,1,0,1,2,1,0,1,0,0,21,55,22,6,22,49,0,0,0,1,0
37,370044,0,1,5,76,1,9,9,9,680,0,3,7,3,7,8,7,8,8,8,8,990,0,37,1,1,0,1,1,1,1,97,4430,6,1,2017,6,19,15,0,2,7,98,6,SULLIVAN RD,NA,0,35.80183056,-80.87548889,0,8,0,0,1,1,0,1,2,2,0,2,0,0,19,19,19,19,19,20,0,0,0,1,0
37,370051,0,1,5,57,1,9,9,9,680,0,3,7,3,7,8,7,8,8,8,8,990,0,37,1,1,0,1,1,1,1,117,0,27,1,2017,6,8,36,0,1,3,99,3,SR-1159,NA,0,35.798825,-77.28354444,0,8,0,0,1,1,0,1,4,1,0,1,0,0,99,99,99,99,88,88,0,0,0,1,0
37,370052,0,1,5,25,1,0,0,0,410,0,3,7,9,7,8,7,8,8,8,8,400,0,37,1,1,0,1,1,1,1,119,870,15,1,2017,1,18,13,0,2,7,4,6,LAWYERS RD,NA,99999,35.19867778,-80.71905556,0,8,0,0,1,1,0,1,1,1,0,1,0,0,18,13,18,21,88,88,0,0,0,1,0
37,370057,0,1,5,39,1,0,0,0,741,0,3,7,3,7,8,7,8,8,8,8,740,0,37,1,1,0,1,1,1,1,119,870,23,1,2017,2,7,21,0,2,7,4,6,STATESVILLE AVE,NA,99999,35.26639444,-80.83731111,0,8,0,0,1,1,0,1,1,10,0,10,0,0,7,21,7,30,88,88,0,0,0,1,0
37,370071,0,1,5,52,1,0,0,0,760,0,3,7,3,7,8,7,8,8,8,8,750,0,37,1,1,0,1,1,3,3,147,1950,1,1,2017,1,20,56,0,2,7,98,6,STANTONSBURG RD,NA,0,35.60556944,-77.4026,0,8,0,0,1,1,0,1,3,10,2,2,0,0,20,57,20,57,21,4,0,0,0,1,0
37,370079,0,1,5,16,1,0,0,0,741,0,1,7,1,7,9,7,9,8,8,99,740,0,37,1,1,0,1,1,1,1,159,4070,3,1,2017,3,5,36,0,2,7,98,6,STATESVILLE BLVD,LASH DR,0,35.695877780000004,-80.52253333,0,8,0,0,2,3,0,1,3,3,2,3,0,0,5,36,5,42,6,17,0,0,0,1,0
37,370081,0,1,5,18,1,0,0,0,313,0,3,7,3,7,8,7,8,8,8,8,600,0,37,1,1,0,1,1,2,2,163,0,29,1,2017,1,1,55,0,1,3,98,3,SR-1309,NA,0,34.99347778,-78.39446944,0,8,0,0,1,1,0,1,2,1,0,1,0,0,1,59,2,22,88,88,0,0,0,1,0
37,370089,0,1,5,58,1,0,0,0,741,0,1,7,1,7,9,7,9,8,8,99,740,0,37,1,1,0,1,1,1,1,183,3750,4,1,2017,4,12,12,0,2,7,98,6,TRYON RD,HAMMOND RD,0,35.73082222,-78.64065278,0,8,0,0,3,2,0,1,1,1,0,1,0,0,12,13,12,15,12,33,0,0,0,1,0