STATE.x,ST_CASE,VEH_NO,PER_NO,PBPTYPE,PBAGE,PBSEX,PBCWALK,PBSWALK,PBSZONE,PEDCTYPE,BIKECTYPE,PEDLOC,BIKELOC,PEDPOS,BIKEPOS,PEDDIR,BIKEDIR,MOTDIR,MOTMAN,PEDLEG,PEDSNR,PEDCGP,BIKECGP,STATE.y,VE_TOTAL,VE_FORMS,PVH_INVL,PEDS,PERNOTMVIT,PERMVIT,PERSONS,COUNTY,CITY,DAY,MONTH,YEAR,DAY_WEEK,HOUR,MINUTE,NHS,RUR_URB,FUNC_SYS,RD_OWNER,ROUTE,TWAY_ID,TWAY_ID2,MILEPT,LATITUDE,LONGITUD,SP_JUR,HARM_EV,MAN_COLL,RELJCT1,RELJCT2,TYP_INT,WRK_ZONE,REL_ROAD,LGT_COND,WEATHER1,WEATHER2,WEATHER,SCH_BUS,RAIL,NOT_HOUR,NOT_MIN,ARR_HOUR,ARR_MIN,HOSP_HR,HOSP_MN,CF1,CF2,CF3,FATALS,DRUNK_DR
37,370091,0,1,5,53,1,0,0,0,690,0,1,7,1,7,9,7,4,3,9,99,990,0,37,3,3,0,1,1,4,4,183,1770,12,1,2017,5,7,56,1,2,3,1,2,US-401,PURSER DR,0,35.71693056,-78.655525,0,8,0,0,2,2,0,1,2,1,0,1,0,0,99,99,99,99,88,88,0,0,0,1,0
37,370093,0,1,5,26,1,0,0,0,410,0,3,7,3,7,8,7,8,8,8,8,400,0,37,1,1,0,1,1,1,1,191,0,2,1,2017,2,17,50,0,1,3,98,3,SR-1719,NA,0,35.29486111,-77.84815556,0,8,0,0,1,1,0,1,2,10,5,5,0,0,99,99,99,99,88,88,0,0,0,1,0
37,370103,0,1,5,59,2,0,0,0,680,0,3,7,3,7,8,7,8,8,8,8,990,0,37,1,1,0,1,1,1,1,13,4860,28,2,2017,3,19,43,0,2,7,98,6,W 15TH ST EXT,NA,0,35.55282778,-77.04200833,0,8,0,0,1,1,0,1,3,1,0,1,0,0,19,42,19,44,88,88,0,0,0,1,0
37,370107,0,1,5,59,1,0,0,0,680,0,3,7,3,7,8,7,8,8,8,8,990,0,37,1,1,0,1,1,1,1,21,9997,9,2,2017,5,20,47,1,1,3,1,2,US-19,NA,0,35.67677778,-82.57775,0,8,0,0,1,1,0,1,3,1,0,1,0,0,0,1,0,10,88,88,0,0,0,1,0
37,370115,0,1,5,51,1,0,0,0,313,0,3,7,3,7,8,7,8,8,8,8,600,0,37,1,1,0,1,1,1,1,33,5210,7,2,2017,3,21,19,0,2,3,98,3,SR-1586,NA,0,36.40526667,-79.33718056,0,8,0,0,1,1,0,1,2,1,0,1,0,0,21,14,21,16,88,88,0,0,0,1,0
37,370119,0,1,5,19,1,0,0,0,410,0,3,7,3,7,8,7,8,8,8,8,400,0,37,1,1,0,1,1,1,1,39,0,21,2,2017,3,18,50,0,1,3,98,3,SR-1365,NA,0,35.10161111,-84.03004167,0,8,0,0,1,1,0,1,2,10,0,10,0,0,19,3,19,9,88,88,0,0,0,1,0
37,370126,0,1,5,53,1,0,0,0,690,0,2,7,3,7,1,7,2,3,1,2b,990,0,37,1,1,0,1,1,1,1,119,1200,3,2,2017,6,6,59,0,2,7,4,6,S MAIN ST,NA,99999,35.49828889,-80.84884167,0,8,0,0,1,1,0,1,3,10,2,2,0,0,6,59,7,2,7,38,0,0,0,1,0
37,370131,0,1,5,60,1,0,0,0,230,0,3,7,4,7,8,7,8,8,8,8,100,0,37,3,1,2,1,1,2,2,67,5120,8,2,2017,4,19,5,1,2,1,1,2,US-421 SB,NA,99999,36.07292222,-80.35891111,0,14,0,0,1,1,0,4,2,1,0,1,0,0,19,56,20,5,88,88,23,0,0,1,0
37,370148,0,1,5,38,1,0,9,0,320,0,3,7,3,7,8,7,8,8,8,8,350,0,37,1,1,0,1,1,1,1,81,1940,23,2,2017,5,9,59,0,2,7,98,6,HORSE PEN CREEK RD,NA,0,36.11929722,-79.87684444,0,8,0,0,1,1,0,1,1,1,0,1,0,0,10,1,10,11,88,88,0,0,0,1,0
37,370161,0,1,5,50,2,0,0,0,610,0,3,7,3,7,8,7,8,8,8,8,600,0,37,1,1,0,1,1,2,2,101,0,11,2,2017,7,6,24,0,1,3,98,3,SR-1556,NA,0,35.59705278,-78.506725,0,8,0,0,1,1,0,1,2,1,0,1,0,0,6,21,6,32,88,88,0,0,0,1,0
37,370169,0,1,5,53,2,0,0,0,465,0,3,7,3,7,8,7,8,8,8,8,460,0,37,1,1,0,1,1,1,1,119,870,3,2,2017,6,12,59,0,2,7,98,6,N TRYON ST,NA,0,35.23174444,-80.83665278,0,8,0,0,4,1,0,1,1,10,0,10,0,0,12,59,13,4,13,24,0,0,0,1,0
37,370172,0,1,5,62,1,0,0,0,760,0,3,7,3,7,8,7,8,8,8,8,750,0,37,1,1,0,1,1,2,2,119,870,18,2,2017,7,20,15,0,2,7,98,6,REAGAN DR,NA,0,35.276875,-80.79519444,0,8,0,0,1,1,0,1,2,1,0,1,0,0,20,13,20,23,20,47,0,0,0,1,0
37,370191,0,1,5,72,1,0,0,0,430,0,3,7,3,7,8,7,8,8,8,8,400,0,37,1,1,0,1,1,1,1,153,0,16,2,2017,5,18,38,0,1,3,98,3,SR-1966,NA,0,34.86746111,-79.73796389,0,8,0,0,1,1,0,1,2,1,0,1,0,0,99,99,99,99,99,99,0,0,0,1,0
37,370212,0,1,5,68,1,9,9,0,760,0,3,7,3,7,8,7,8,8,8,8,750,0,37,1,1,0,1,1,1,1,183,110,26,2,2017,1,19,15,0,2,7,4,6,SALEM ST,NA,99999,35.74265,-78.84986667,0,8,0,0,1,1,0,1,2,1,0,1,0,0,99,99,99,99,99,99,0,0,0,1,0
37,370218,0,1,5,59,1,0,0,0,680,0,3,7,3,7,8,7,8,8,8,8,990,0,37,1,1,0,1,1,2,2,1,700,21,3,2017,3,21,1,0,2,7,98,6,EVERETT ST,NA,0,36.08623333,-79.43015,0,8,0,0,1,1,0,1,2,1,0,1,0,0,21,3,21,10,88,88,0,0,0,1,0
37,370220,0,1,5,89,1,0,0,0,465,0,3,7,3,7,8,7,8,8,8,8,460,0,37,1,1,0,1,1,2,2,13,0,16,3,2017,5,13,7,0,1,3,98,3,SR-1422,NA,0,35.58473889,-77.03300278,0,8,0,0,1,1,0,1,1,1,0,1,0,0,13,5,13,11,13,55,0,0,0,1,0
37,370226,0,1,5,25,1,0,0,0,680,0,3,7,3,7,8,7,8,8,8,8,990,0,37,1,1,0,1,1,1,1,19,0,21,3,2017,3,20,46,1,1,3,1,2,US-17,NA,0,33.97963333,-78.40056389,0,8,0,0,1,1,0,1,2,1,0,1,0,0,20,43,20,49,21,26,0,0,0,1,0
37,370229,0,1,5,42,1,0,0,0,313,0,3,7,3,7,8,7,8,8,8,8,600,0,37,1,1,0,1,1,1,1,35,2150,5,3,2017,1,20,14,1,1,1,1,1,I-40,NA,0,35.71,-81.34303056,0,8,0,0,1,1,0,1,2,1,0,1,0,0,21,18,21,24,99,99,0,0,0,1,0
37,370235,0,1,5,45,1,0,0,0,760,0,3,7,3,7,8,7,8,8,8,8,750,0,37,1,1,0,1,1,1,1,51,0,28,3,2017,3,20,40,1,1,3,1,2,US-301,NA,0,35.05598611,-78.86099444,0,8,0,0,1,1,0,1,2,1,0,1,0,0,20,44,20,50,20,58,0,0,0,1,0
37,370240,0,1,5,50,2,0,0,0,760,0,3,7,3,7,8,7,8,8,8,8,750,0,37,1,1,0,1,1,1,1,63,1360,31,3,2017,6,6,35,0,2,7,98,6,MARTIN LUTHER KING JR,NA,0,35.95815833,-78.93580556,0,8,0,0,1,1,0,1,2,2,0,2,0,0,6,38,6,48,88,88,0,0,0,1,0
37,370242,0,1,5,33,1,0,0,0,760,0,3,7,3,7,8,7,8,8,8,8,750,0,37,1,1,0,1,1,1,1,67,5120,7,3,2017,3,19,19,1,2,3,1,2,US-42 NB,NA,0,36.10018333,-80.24145833,0,8,0,0,1,1,0,1,3,10,0,10,0,0,19,23,19,34,88,88,0,0,0,1,0
37,370248,0,1,5,51,1,0,0,0,760,0,2,7,3,7,9,7,9,8,8,99,750,0,37,1,1,0,1,1,1,1,71,1800,1,3,2017,4,21,11,0,2,7,98,6,E FRANKLIN BLVD,S POPLAR ST,0,35.26234444,-81.16677778,0,8,0,0,3,3,0,1,3,2,0,2,0,0,21,12,21,18,21,34,0,0,0,1,0
37,370269,0,1,5,70,2,0,0,0,760,0,3,7,3,7,8,7,8,8,8,8,750,0,37,1,1,0,1,1,1,1,119,870,2,3,2017,5,13,46,0,2,7,98,6,S SHARON AMITY RD,NA,0,35.17563889,-80.79902778,0,8,0,0,1,1,0,1,1,1,0,1,0,0,13,46,13,49,13,59,0,0,0,1,0
37,370271,0,1,5,62,1,0,0,0,680,0,3,7,3,7,8,7,8,8,8,8,990,0,37,1,1,0,1,1,1,1,119,870,13,3,2017,2,6,26,0,2,7,98,6,SARDIS RD NORTH,NA,0,35.14406667,-80.7295,0,8,0,0,1,1,0,1,3,1,0,1,0,0,6,26,6,35,88,88,0,0,0,1,0
37,370276,0,1,5,55,1,0,0,0,760,0,1,7,2,7,9,7,9,8,8,99,750,0,37,1,1,0,1,1,1,1,119,870,26,3,2017,1,4,49,0,2,7,98,6,BILLY GRHAM PKWY,BOYER ST,0,35.22931111,-80.92470278,0,8,0,0,2,2,0,1,3,1,0,1,0,0,4,49,4,56,88,88,0,0,0,1,0
37,370282,0,1,5,63,1,0,0,0,742,0,1,7,2,7,9,7,9,8,8,99,740,0,37,1,1,0,1,1,1,1,129,5060,1,3,2017,4,18,55,0,2,7,98,6,S 3RD ST,CASTLE ST,0,34.227975,-77.94523889,0,8,0,0,2,2,0,1,3,1,0,1,0,0,19,0,19,4,19,17,0,0,0,1,0
37,370284,0,1,5,76,1,0,0,0,910,0,3,7,3,7,8,7,8,8,8,8,910,0,37,1,1,0,1,1,1,1,131,1780,29,3,2017,4,5,0,1,1,1,1,1,I-95,NA,99999,36.09935556,-77.80566111,0,8,0,0,1,1,0,1,2,1,0,1,0,0,4,54,99,99,99,99,0,0,0,1,0
37,370285,0,1,5,16,1,0,0,0,342,0,3,7,3,7,8,7,8,8,8,8,340,0,37,2,2,0,1,1,3,3,133,2330,27,3,2017,2,6,47,0,1,7,4,6,HARRIS CREEK RD,NA,99998,34.68593611,-77.52373889,0,8,0,0,1,1,0,1,2,1,0,1,1,0,6,44,6,50,7,16,0,0,0,1,0
37,370287,0,1,5,35,2,0,0,0,910,0,3,7,3,7,8,7,8,8,8,8,910,0,37,1,1,0,1,1,1,1,151,2630,4,3,2017,7,20,36,0,2,4,1,6,NC-49,NA,99999,35.82046667,-79.57446111,0,8,0,0,1,1,0,1,2,1,0,1,0,0,20,18,20,39,88,88,0,0,0,1,0
37,370297,0,1,5,16,2,0,0,0,690,0,1,7,1,7,3,7,2,3,1,2a,990,0,37,1,1,0,1,1,1,1,179,9997,5,3,2017,1,18,51,0,1,7,4,6,W LAWYERS RD,EMERALD LAKE DR,99999,35.11345833,-80.58086389,0,8,0,1,3,2,0,1,2,1,0,1,0,0,18,51,19,4,19,34,0,0,0,1,0
37,370305,0,1,5,41,1,0,0,0,680,0,3,7,3,7,8,7,8,8,8,8,990,0,37,1,1,0,1,1,2,2,21,170,25,2,2017,7,20,24,1,2,1,1,1,I-240 E,NA,0,35.590725,-82.57155833,0,8,0,0,1,1,0,1,2,1,0,1,0,0,21,43,21,52,22,23,0,0,0,1,0
37,370306,0,1,5,12,1,0,9,0,459,0,3,7,3,7,8,7,8,8,8,8,400,0,37,1,1,0,1,1,1,1,81,0,16,2,2017,5,23,2,0,2,3,98,3,SR-3024,NA,0,36.07058611,-79.73129167,0,8,0,0,1,1,0,1,2,1,0,1,0,0,23,0,23,7,23,44,0,0,0,1,0
37,370307,0,1,5,31,1,0,9,0,410,0,3,7,3,7,8,7,8,8,8,8,400,0,37,1,1,0,1,1,1,1,159,4070,28,3,2017,3,22,4,0,2,3,98,3,SR-1526,NA,0,35.65076111,-80.50753056,0,8,0,0,1,1,0,1,2,1,0,1,0,0,22,2,22,9,99,99,0,0,0,1,0
37,370308,0,1,5,38,1,0,0,0,459,0,3,7,3,7,8,7,8,8,8,8,400,0,37,1,1,0,1,1,1,1,159,0,31,3,2017,6,22,0,0,1,3,98,3,SR-1516,NA,0,35.6414,-80.54672778,0,8,0,0,1,1,0,1,2,1,0,1,0,0,99,99,99,99,99,99,0,0,0,1,0
37,370310,0,1,5,33,1,0,0,0,760,0,3,7,3,7,8,7,8,8,8,8,750,0,37,1,1,0,1,1,3,3,13,0,8,4,2017,7,15,55,1,1,3,1,2,US-17,NA,0,35.56270556,-77.07314167,0,8,0,0,1,1,0,1,1,1,0,1,0,0,15,52,16,2,88,88,0,0,0,1,0
37,370319,0,1,5,32,1,0,0,0,680,0,3,7,3,7,8,7,8,8,8,8,990,0,37,1,1,0,1,1,1,1,21,0,25,4,2017,3,20,43,1,1,3,1,2,US-70,NA,0,35.60022222,-82.54771667,0,8,0,0,1,1,0,1,3,1,0,1,0,0,20,42,20,50,21,55,0,0,0,1,0
37,370335,0,1,5,72,1,0,0,0,760,0,3,7,3,7,8,7,8,8,8,8,750,0,37,1,1,0,1,1,1,1,63,1360,25,4,2017,3,23,20,0,2,7,98,6,FAYETTEVILLE ST,NA,0,35.98525556,-78.89886111,0,8,0,0,1,1,0,1,3,10,0,10,0,0,23,20,23,26,23,37,0,0,0,1,0
37,370349,0,1,5,1,1,0,0,0,742,0,3,7,3,7,8,7,8,8,8,8,740,0,37,1,1,0,1,1,1,1,81,1940,20,4,2017,5,16,46,0,2,7,4,6,LIBERTY RD,NA,99998,36.03106111,-79.76800278,0,8,0,0,1,1,0,1,1,10,0,10,0,0,16,49,16,51,17,7,0,0,0,1,0
37,370350,0,1,5,26,2,0,0,0,760,0,3,7,3,7,8,7,8,8,8,8,750,0,37,1,1,0,2,2,1,1,81,1940,21,4,2017,6,22,26,0,2,7,4,6,S HOLDEN RD,NA,99998,36.020525,-79.846225,0,8,0,0,1,1,0,1,2,10,0,10,0,0,22,26,22,34,22,55,0,0,0,1,0
37,370350,0,2,5,6,2,0,0,0,760,0,3,7,3,7,8,7,8,8,8,8,750,0,37,1,1,0,2,2,1,1,81,1940,21,4,2017,6,22,26,0,2,7,4,6,S HOLDEN RD,NA,99998,36.020525,-79.846225,0,8,0,0,1,1,0,1,2,10,0,10,0,0,22,26,22,34,22,55,0,0,0,1,0
37,370351,0,1,5,44,2,0,0,0,680,0,3,7,3,7,8,7,8,8,8,8,990,0,37,1,1,0,1,1,1,1,83,3860,2,4,2017,1,1,28,0,1,7,4,5,NC-48,NA,99998,36.44926111,-77.66052222,0,8,0,0,1,1,0,1,2,1,0,1,0,0,1,18,1,31,88,88,0,0,0,1,0
37,370389,0,1,5,67,2,0,0,0,890,0,4,7,8,7,8,7,8,8,8,8,800,0,37,2,1,1,2,2,1,1,161,0,11,4,2017,3,17,30,0,1,3,98,3,SR-2194,NA,0,35.35727778,-81.93071944,0,14,0,0,1,1,0,5,1,1,0,1,0,0,17,31,17,37,18,14,0,0,0,1,0
37,370389,0,2,5,28,1,0,0,0,890,0,4,7,8,7,8,7,8,8,8,8,800,0,37,2,1,1,2,2,1,1,161,0,11,4,2017,3,17,30,0,1,3,98,3,SR-2194,NA,0,35.35727778,-81.93071944,0,14,0,0,1,1,0,5,1,1,0,1,0,0,17,31,17,37,18,14,0,0,0,1,0
37,370411,0,1,5,41,1,0,0,0,620,0,3,7,3,7,8,7,8,8,8,8,600,0,37,1,1,0,1,1,4,4,183,800,30,4,2017,1,3,12,1,2,3,1,2,US-1,NA,0,35.74595556,-78.77670278,0,8,0,0,1,1,0,1,2,1,0,1,0,0,99,99,99,99,99,99,0,0,0,1,0
37,370417,0,1,5,36,2,0,0,0,459,0,3,7,3,7,8,7,8,8,8,8,400,0,37,1,1,0,1,1,2,2,25,2390,18,5,2017,5,22,27,0,2,7,98,6,CENTERGROVE RD,NA,0,35.48350556,-80.61529167,0,8,0,0,1,1,0,1,2,1,0,1,0,0,22,27,22,32,88,88,0,0,0,1,0
37,370422,0,1,5,14,1,0,0,0,742,0,3,7,3,7,8,7,8,8,8,8,740,0,37,1,1,0,1,1,1,1,51,1670,19,5,2017,6,18,35,0,2,7,98,6,RAEFORD RD,NA,0,35.04259444,-78.96450556,0,8,0,0,1,1,0,1,1,1,0,1,0,0,18,35,18,42,18,52,0,0,0,1,0
37,370423,0,1,5,40,1,0,0,0,742,0,3,7,3,7,8,7,8,8,8,8,740,0,37,1,1,0,1,1,1,1,51,1670,22,5,2017,2,5,24,0,2,7,4,6,OWEN DR,NA,99998,35.027925,-78.92805556,0,8,0,0,1,1,0,1,4,2,0,2,0,0,5,24,5,33,5,40,0,0,0,1,0
37,370432,0,1,5,41,1,0,0,0,620,0,3,7,3,7,8,7,8,8,8,8,600,0,37,1,1,0,1,1,1,1,71,1800,12,5,2017,6,3,49,1,1,3,2,2,US-74,NA,99997,35.26049722,-81.13308056,0,8,0,0,1,1,0,1,2,10,0,10,0,0,3,43,3,51,88,88,0,0,0,1,0
37,370435,0,1,5,51,2,0,0,0,760,0,3,7,3,7,8,7,8,8,8,8,750,0,37,1,1,0,1,1,3,3,81,1940,27,5,2017,7,22,11,0,2,7,4,6,ALAMANCE CHURCH RD,NA,99998,35.97525833,-79.61100278,0,8,0,0,1,1,0,1,2,10,0,10,0,0,22,2,22,10,88,88,0,0,0,1,1
37,370447,0,1,5,35,1,9,9,9,760,0,3,7,3,7,8,7,8,8,8,8,750,0,37,1,1,0,1,1,2,2,93,0,31,5,2017,4,1,55,1,1,3,1,2,US-401,NA,0,34.97126944,-79.24523056,0,8,0,0,1,1,0,1,2,1,0,1,0,0,99,99,99,99,99,99,0,0,0,1,0
37,370464,0,1,5,77,1,0,0,0,320,0,3,7,3,7,8,7,8,8,8,8,350,0,37,2,2,0,1,1,1,1,119,870,14,5,2017,1,2,32,1,2,1,1,1,I-485,NA,216,35.35627778,-80.85994722,0,12,1,0,1,1,0,1,2,1,0,1,0,0,2,29,2,39,99,99,0,0,0,1,0
37,370465,0,1,5,48,1,0,0,0,741,0,3,7,3,7,8,7,8,8,8,8,740,0,37,1,1,0,1,1,2,2,119,870,16,5,2017,3,5,22,1,2,1,1,1,I-77,NA,99998,35.18843056,-80.88703056,0,8,0,0,1,1,0,1,3,1,0,1,0,0,5,19,5,24,88,88,0,0,0,1,0
37,370467,0,1,5,34,1,0,0,0,741,0,3,7,3,7,8,7,8,8,8,8,740,0,37,1,1,0,1,1,1,1,119,870,20,5,2017,7,21,56,0,2,7,4,6,UNIVERSITY CITY BLVD,HARRIS BLVD,99998,35.29730278,-80.74143333,0,8,0,0,1,1,0,1,2,1,0,1,0,0,21,56,22,2,22,26,0,0,0,1,0
37,370474,0,1,5,27,1,0,0,0,760,0,3,7,3,7,8,7,8,8,8,8,750,0,37,1,1,0,1,1,2,2,127,3930,29,5,2017,2,22,6,1,2,3,2,2,US-301 BUS,NA,99998,35.97916667,-77.79023611,0,8,0,0,1,1,0,1,2,1,0,1,0,0,99,99,99,99,99,99,0,0,0,1,1
37,370489,0,1,5,39,2,0,0,9,440,0,3,7,3,7,8,7,8,8,8,8,400,0,37,1,1,0,1,1,3,3,155,0,21,5,2017,1,20,20,0,1,3,3,3,SR-1188,NA,0,34.73628889,-79.35078056,0,8,0,0,1,1,0,1,5,1,0,1,0,0,20,21,20,28,21,8,0,0,0,1,0
37,370497,0,1,5,24,1,0,0,0,760,0,3,7,3,7,8,7,8,8,8,8,750,0,37,1,1,0,1,1,1,1,183,3750,3,5,2017,4,5,5,0,2,7,3,6,LOUISBURG RD,NA,0,35.89136111,-78.51811944,0,8,0,0,1,1,0,1,2,1,0,1,0,0,99,99,99,99,99,99,0,0,0,1,0
37,370505,0,1,5,61,1,9,9,9,680,0,3,7,3,7,8,7,8,8,8,8,990,0,37,1,1,0,1,1,1,1,53,0,11,2,2017,7,20,30,1,1,3,1,2,US-158,NA,0,36.27816389,-75.89203056,0,8,0,0,1,1,0,1,2,1,0,1,0,0,19,55,19,59,20,29,0,0,0,1,0
37,370506,0,1,5,76,2,9,9,9,680,0,3,7,3,7,8,7,8,8,8,8,990,0,37,1,1,0,1,1,1,1,61,450,28,4,2017,6,21,21,0,2,3,3,3,SR-24,NA,0,34.92534722,-77.78280278,0,8,0,0,1,1,0,1,3,1,0,1,0,0,20,22,20,23,20,43,0,0,0,1,0
37,370546,0,1,5,27,1,0,9,0,680,0,3,7,3,7,8,7,8,8,8,8,990,0,37,1,1,0,1,1,1,1,81,1940,7,6,2017,4,21,57,0,2,7,3,6,HILLTOP RD,NA,0,36.03209444,-79.872725,0,8,0,0,1,1,0,1,3,1,0,1,0,0,21,57,22,3,22,30,0,0,0,1,0
37,370556,0,1,5,65,2,0,0,0,140,0,3,7,3,7,8,7,8,8,8,8,100,0,37,2,2,0,1,1,1,1,109,0,2,6,2017,6,21,8,1,1,3,1,2,US-321,NA,0,35.46233611,-81.25427222,0,12,1,0,1,1,0,1,2,1,0,1,0,0,21,8,21,14,21,45,0,0,0,1,0
37,370560,0,1,5,51,1,0,0,0,741,0,3,7,3,7,8,7,8,8,8,8,740,0,37,1,1,0,1,1,1,1,119,870,18,6,2017,1,23,31,0,2,7,4,6,FREEDOM DR,NA,99998,35.24586667,-80.89372778,0,8,0,0,1,1,0,1,2,10,0,10,0,0,99,99,99,99,88,88,0,0,0,1,0
37,370561,0,1,5,57,1,0,0,0,410,0,3,7,3,7,8,7,8,8,8,8,400,0,37,1,1,0,1,1,1,1,119,870,22,6,2017,5,22,13,0,2,7,4,6,OLD STEELE CREEK RD,NA,99998,35.21203333,-80.90719167,0,8,0,0,1,1,0,1,2,1,0,1,0,0,99,99,99,99,88,88,0,0,0,1,1
37,370573,0,1,5,49,1,0,0,0,410,0,3,7,3,7,8,7,8,8,8,8,400,0,37,1,1,0,1,1,1,1,181,3020,16,6,2017,6,22,27,0,1,7,4,6,TACKSONTOWN RD,NA,99998,36.45795278,-78.30987778,0,8,0,0,1,1,0,1,2,1,0,1,0,0,22,23,22,38,88,88,0,0,0,1,0
37,370574,0,1,5,24,1,0,0,0,910,0,3,7,3,7,8,7,8,8,8,8,910,0,37,1,1,0,1,1,1,1,183,3750,4,6,2017,1,6,42,1,2,1,1,1,I-440,NA,99998,35.83550833,-78.64568889,0,8,0,0,1,1,0,1,1,1,0,1,0,0,6,49,6,59,88,88,0,0,0,1,0
37,370598,0,1,5,61,2,1,1,0,781,0,1,7,2,7,9,7,9,8,8,99,790,0,37,1,1,0,2,2,1,1,67,5120,19,6,2017,2,16,4,0,2,7,98,6,PATTERSON AV,SIXTH ST,0,36.10187778,-80.24142778,0,8,0,0,2,3,0,1,1,1,0,1,0,0,16,4,16,6,16,24,0,0,0,1,0
37,370598,0,2,5,62,1,1,1,0,781,0,1,7,2,7,9,7,9,8,8,99,790,0,37,1,1,0,2,2,1,1,67,5120,19,6,2017,2,16,4,0,2,7,98,6,PATTERSON AV,SIXTH ST,0,36.10187778,-80.24142778,0,8,0,0,2,3,0,1,1,1,0,1,0,0,16,4,16,6,16,24,0,0,0,1,0
37,370599,0,1,5,59,2,0,9,9,610,0,3,7,3,7,8,7,8,8,8,8,600,0,37,1,1,0,1,1,2,2,69,0,11,6,2017,1,4,57,0,1,3,98,3,SR-1103,NA,0,35.89874722,-78.28893889,0,8,0,0,1,1,0,1,2,1,0,1,0,0,4,50,5,4,88,88,0,0,0,1,0
37,370601,0,1,5,58,1,9,9,0,690,0,1,7,1,7,9,7,9,8,8,99,990,0,37,1,1,0,1,1,1,1,71,1800,18,6,2017,1,3,53,0,2,7,98,6,W GARRISON BLVD,S WELDON ST,0,35.25420278,-81.19729167,0,8,0,0,3,2,0,1,3,1,0,1,0,0,2,9,2,23,2,38,0,0,0,1,0
37,370608,0,1,5,60,2,0,9,0,410,0,3,7,3,7,8,7,8,8,8,8,400,0,37,1,1,0,1,1,1,1,97,0,29,6,2017,5,21,27,0,1,3,98,3,SR-1205,NA,0,35.52701667,-80.86413056,0,8,0,0,1,1,0,1,2,1,0,1,0,0,21,25,21,27,88,88,0,0,0,1,0
37,370609,0,1,5,23,2,0,0,0,680,0,3,7,3,7,8,7,8,8,8,8,990,0,37,2,2,0,1,1,3,3,101,4140,24,6,2017,7,14,46,1,2,3,1,2,US-70,NA,0,35.52141944,-78.29393611,0,12,1,0,1,1,0,1,1,1,0,1,0,0,14,43,14,50,15,24,0,0,0,1,0
37,370627,0,1,5,29,1,9,9,9,760,0,3,7,3,7,8,7,8,8,8,8,750,0,37,1,1,0,1,1,1,1,195,5070,12,6,2017,2,5,22,0,2,7,98,6,WARD BLVD,NA,0,35.71822778,-77.93429167,0,8,0,0,1,1,0,1,1,1,0,1,0,0,99,99,99,99,88,88,0,0,0,1,0
37,370630,0,1,5,27,1,9,9,9,680,0,3,7,3,7,8,7,8,8,8,8,990,0,37,1,1,0,1,1,1,1,23,0,19,6,2017,2,22,1,1,1,3,1,2,US-70,NA,0,35.72814444,-81.75963611,0,8,0,0,1,1,0,1,2,2,0,2,0,0,21,59,22,10,88,88,0,0,0,1,0
37,370645,0,1,5,33,1,9,9,9,313,0,3,7,3,7,8,7,8,8,8,8,600,0,37,1,1,0,1,1,1,1,21,170,21,7,2017,6,4,54,1,2,3,1,2,US-19-23,NA,0,35.57028333,-82.62023333,0,8,0,0,1,1,0,1,3,1,0,1,0,0,6,18,6,27,88,88,19,0,0,1,0
37,370651,0,1,5,46,1,0,0,0,741,0,3,7,3,7,8,7,8,8,8,8,740,0,37,1,1,0,1,1,1,1,45,3683,1,7,2017,7,21,17,0,1,7,4,6,NC-226,NA,99998,35.41496111,-81.64289444,0,8,0,0,1,1,0,1,2,2,10,2,0,0,21,51,22,15,88,88,0,0,0,1,0
37,370652,0,1,5,60,2,0,0,0,910,0,3,7,3,7,8,7,8,8,8,8,910,0,37,1,1,0,1,1,1,1,47,550,3,7,2017,2,4,56,1,1,1,1,2,US-74,NA,99998,34.31746389,-78.28631111,0,8,0,0,1,1,0,1,2,1,0,1,0,0,4,56,5,15,6,17,0,0,0,1,0
37,370657,0,1,5,54,1,0,0,0,910,0,3,7,3,7,8,7,8,8,8,8,910,0,37,1,1,0,1,1,1,1,51,1670,18,7,2017,3,1,43,1,2,1,1,2,US-301,NA,99998,35.02608333,-78.88738611,0,8,0,0,1,1,0,1,2,1,0,1,0,0,99,99,99,99,99,99,0,0,0,1,0
37,370663,0,1,5,46,1,1,0,0,781,0,1,7,2,7,4,7,2,1,2,11b,790,0,37,1,1,0,1,1,1,1,63,1360,3,7,2017,2,21,45,0,2,7,4,6,ENTERPRISE ST,SOUTH ROXBORO STREET,99998,35.9836,-78.90286111,0,8,0,1,2,2,0,1,3,1,0,1,0,0,21,46,21,52,88,88,0,0,0,1,0
37,370671,0,1,5,37,1,0,0,0,680,0,3,7,3,7,8,7,8,8,8,8,990,0,37,1,1,0,1,1,2,2,81,1940,7,7,2017,6,23,30,1,2,1,1,1,I-40,NA,0,36.04033889,-79.77983333,0,8,0,0,1,1,0,1,3,1,0,1,0,0,23,32,23,37,99,99,0,0,0,1,0
37,370672,0,1,5,27,1,0,0,0,680,0,3,7,3,7,8,7,8,8,8,8,990,0,37,1,1,0,1,1,1,1,81,1940,16,7,2017,1,1,26,1,2,1,1,1,I-85,NA,0,36.002075,-79.82036944,0,8,0,0,1,1,0,1,2,10,0,10,0,0,1,34,1,46,88,88,0,0,0,1,0
37,370679,0,1,5,52,1,0,0,0,430,0,3,7,3,7,8,7,8,8,8,8,400,0,37,1,1,0,1,1,1,1,93,0,29,7,2017,7,21,13,0,1,3,98,3,SR-211,NA,0,35.15156389,-79.41750556,0,8,0,0,1,1,0,1,2,1,0,1,0,0,99,99,99,99,88,88,0,0,0,1,0