STATE.x,ST_CASE,VEH_NO,PER_NO,PBPTYPE,PBAGE,PBSEX,PBCWALK,PBSWALK,PBSZONE,PEDCTYPE,BIKECTYPE,PEDLOC,BIKELOC,PEDPOS,BIKEPOS,PEDDIR,BIKEDIR,MOTDIR,MOTMAN,PEDLEG,PEDSNR,PEDCGP,BIKECGP,STATE.y,VE_TOTAL,VE_FORMS,PVH_INVL,PEDS,PERNOTMVIT,PERMVIT,PERSONS,COUNTY,CITY,DAY,MONTH,YEAR,DAY_WEEK,HOUR,MINUTE,NHS,RUR_URB,FUNC_SYS,RD_OWNER,ROUTE,TWAY_ID,TWAY_ID2,MILEPT,LATITUDE,LONGITUD,SP_JUR,HARM_EV,MAN_COLL,RELJCT1,RELJCT2,TYP_INT,WRK_ZONE,REL_ROAD,LGT_COND,WEATHER1,WEATHER2,WEATHER,SCH_BUS,RAIL,NOT_HOUR,NOT_MIN,ARR_HOUR,ARR_MIN,HOSP_HR,HOSP_MN,CF1,CF2,CF3,FATALS,DRUNK_DR
37,370680,0,1,5,56,1,9,9,9,680,0,3,7,3,7,8,7,8,8,8,8,990,0,37,1,1,0,1,1,1,1,97,3110,2,7,2017,1,22,45,0,2,7,98,6,PATTERSON AVE,NA,0,35.58997778,-80.81219722,0,8,0,0,1,1,0,1,3,1,0,1,0,0,99,99,99,99,88,88,0,0,0,1,0
37,370686,0,1,5,62,1,9,9,0,741,0,2,7,3,7,9,7,9,8,8,99,740,0,37,1,1,0,1,1,2,2,119,870,3,7,2017,2,20,29,0,2,7,98,6,FREEDOM DR,ASHLEY RD,0,35.24538611,-80.89311389,0,8,0,0,3,2,0,1,5,10,0,10,0,0,20,28,20,38,20,52,0,0,0,1,0
37,370688,0,1,5,28,1,1,9,0,240,0,1,7,2,7,9,7,9,8,8,99,100,0,37,1,1,0,1,1,1,1,119,870,8,7,2017,7,3,20,0,2,7,98,6,E MOREHEAD ST,EUCLID AVE,0,35.21599167,-80.8467,0,8,0,0,2,2,0,1,3,1,0,1,0,0,3,20,3,27,88,88,0,0,0,1,0
37,370695,0,1,5,31,1,9,9,0,410,0,3,7,3,7,8,7,8,8,8,8,400,0,37,1,1,0,1,1,1,1,127,0,15,7,2017,7,4,41,1,1,3,1,2,US-301,NA,0,35.87250556,-77.82716389,0,8,0,0,1,1,0,1,2,1,0,1,0,0,4,32,4,37,88,88,0,0,0,1,0
37,370696,0,1,5,71,2,9,9,0,741,0,3,7,3,7,8,7,8,8,8,8,740,0,37,1,1,0,1,1,1,1,129,0,1,7,2017,7,22,18,0,1,3,98,3,SR-1524,NA,0,34.10704167,-77.89694167,0,8,0,0,1,1,0,1,2,1,0,1,0,0,22,9,22,17,88,88,0,0,0,1,0
37,370702,0,1,5,12,1,9,9,0,741,0,3,7,3,7,8,7,8,8,8,8,740,0,37,1,1,0,1,1,1,1,155,0,9,7,2017,1,18,26,0,1,3,98,3,SR-211,NA,0,34.59543889,-78.94477778,0,8,0,0,1,1,0,1,1,10,0,10,0,0,99,99,99,99,99,99,0,0,0,1,0
37,370718,0,1,5,38,1,0,0,0,741,0,3,7,3,7,8,7,8,8,8,8,740,0,37,1,1,0,1,1,1,1,191,0,26,7,2017,4,9,38,0,1,3,98,3,SR-55,NA,0,35.20999167,-78.05896667,0,8,0,0,1,1,0,1,1,1,0,1,0,0,9,36,9,50,88,88,0,0,0,1,0
37,370736,0,1,5,48,2,0,0,0,741,0,1,7,9,7,9,7,9,8,8,99,740,0,37,1,1,0,1,1,1,1,51,1670,28,7,2017,6,21,11,0,2,7,4,6,CUMBERLAND RD,BELHAVEN RD,99998,35.01450833,-78.93419722,0,8,0,0,2,3,0,1,2,2,0,2,0,0,99,99,99,99,88,88,0,0,0,1,0
37,370740,0,1,5,26,1,0,0,0,420,0,3,7,3,7,8,7,8,8,8,8,400,0,37,1,1,0,1,1,1,1,81,1940,30,7,2017,1,10,8,0,2,7,4,6,MCKNIGHT MILL RD,NA,99998,36.13108611,-79.729975,0,8,0,0,1,1,0,1,1,1,0,1,0,0,9,59,10,8,99,99,0,0,0,1,0
37,370748,0,1,5,25,2,0,0,0,313,0,3,7,3,7,8,7,8,8,8,8,600,0,37,1,1,0,1,1,1,1,19,0,10,8,2017,5,5,53,0,1,3,98,3,SR-1515,NA,0,34.09483056,-78.085375,0,8,0,0,1,1,0,1,2,10,0,10,0,0,5,51,5,59,88,88,0,0,0,1,0
37,370757,0,1,5,49,1,0,0,0,690,0,1,7,2,7,9,7,9,8,8,99,990,0,37,1,1,0,1,1,1,1,31,0,19,8,2017,7,2,30,1,1,3,1,2,US-70,SR-1127,0,34.80228889,-76.89527778,0,8,0,0,2,2,0,1,2,10,0,10,0,0,2,24,2,29,88,88,0,0,0,1,0
37,370758,0,1,5,18,1,0,0,0,680,0,3,7,3,7,8,7,8,8,8,8,990,0,37,1,1,0,1,1,2,2,35,1060,9,8,2017,4,22,43,1,2,1,1,1,I-40,NA,0,35.72113333,-81.18354722,0,8,0,0,20,1,0,1,3,1,0,1,0,0,22,44,22,47,23,0,0,0,0,1,0
37,370759,0,1,5,27,2,0,0,0,459,0,3,7,3,7,8,7,8,8,8,8,400,0,37,1,1,0,1,1,1,1,35,0,14,8,2017,2,20,40,0,1,3,98,3,SR-10,NA,0,35.64278889,-81.27260278,0,11,0,0,1,1,0,1,2,10,0,10,0,0,20,39,20,43,88,88,0,0,0,1,0
37,370766,0,1,5,53,1,0,0,0,680,0,3,7,3,7,8,7,8,8,8,8,990,0,37,1,1,0,1,1,2,2,47,0,31,8,2017,5,23,30,0,1,3,98,3,SR-130,NA,0,34.01648611,-78.49375556,0,8,0,0,1,1,0,1,2,10,0,10,0,0,99,99,99,99,99,99,0,0,0,1,0
37,370770,0,1,5,64,1,0,0,0,320,0,3,7,4,7,8,7,8,8,8,8,350,0,37,2,1,1,1,2,1,2,51,0,17,8,2017,5,17,7,0,1,3,98,3,SR-87,NA,0,35.06768056,-78.90295278,0,8,0,0,1,1,0,4,1,10,0,10,0,0,99,99,99,99,99,99,0,0,0,1,0
37,370796,0,1,5,12,1,0,0,0,620,0,3,7,3,7,8,7,8,8,8,8,600,0,37,1,1,0,1,1,1,1,97,0,6,8,2017,1,4,8,1,1,1,1,1,I-77,NA,0,35.79064722,-80.86278611,0,8,0,0,1,1,0,1,2,1,0,1,0,0,4,9,4,17,88,88,0,0,0,1,0
37,370803,0,1,5,50,1,0,0,0,610,0,3,7,3,7,8,7,8,8,8,8,600,0,37,2,2,0,1,1,2,2,105,0,18,8,2017,6,21,38,1,1,3,1,2,US-1,NA,0,35.46018333,-79.2072,0,8,0,0,1,1,0,1,2,2,0,2,0,0,21,22,21,34,99,99,0,0,0,1,0
37,370805,0,1,5,54,1,0,0,0,410,0,3,7,3,7,8,7,8,8,8,8,400,0,37,1,1,0,1,1,3,3,107,0,6,8,2017,1,20,35,0,1,3,98,3,SR-1162,NA,0,35.20488333,-77.66636944,0,8,0,0,1,1,0,1,5,10,0,10,0,0,20,36,20,49,88,88,0,0,0,1,0
37,370806,0,1,5,52,1,0,0,0,830,0,4,7,9,7,8,7,8,8,8,8,800,0,37,3,2,1,1,1,2,2,113,1710,16,8,2017,4,10,17,0,1,7,4,6,WAYAH RD,NA,99998,35.16528056,-83.50263056,0,12,6,0,4,1,0,1,1,1,0,1,0,0,10,15,10,25,11,55,0,0,0,1,0
37,370807,0,1,5,48,2,0,0,0,220,0,3,7,3,7,8,7,8,8,8,8,100,0,37,1,1,0,1,1,0,0,115,2260,30,8,2017,4,21,21,0,1,7,4,6,PAINT ROCK RD,NA,99998,35.92021111,-82.90477778,0,8,0,0,1,1,0,1,5,10,0,10,0,0,21,20,21,50,99,99,0,0,0,1,0
37,370809,0,1,5,53,1,0,0,0,520,0,3,7,9,7,8,7,8,8,8,8,500,0,37,1,1,0,1,1,2,2,119,870,11,8,2017,6,3,3,0,2,7,4,6,BROOKSHIRE BLVD,NA,99998,35.26268889,-80.87923333,0,8,0,0,1,1,0,3,3,10,0,10,0,0,3,5,3,13,88,88,0,0,0,1,1
37,370815,0,1,5,31,1,0,0,0,680,0,3,7,9,7,8,7,8,8,8,8,990,0,37,1,1,0,1,1,1,1,119,870,31,8,2017,5,0,55,0,2,7,4,6,FREEDOM DR,NA,99999,99.9999,999.9999,0,8,0,0,1,1,0,1,3,10,0,10,0,0,0,55,1,1,1,19,0,0,0,1,0
37,370816,0,1,5,17,1,0,0,0,680,0,3,7,3,7,8,7,8,8,8,8,990,0,37,1,1,0,1,1,1,1,133,4530,18,8,2017,6,21,8,0,1,7,4,6,QUEENS CREEK RD,NA,99998,34.68196389,-77.17476944,0,59,0,0,1,1,0,4,2,1,0,1,0,0,21,3,21,13,21,37,0,0,0,1,1
37,370820,0,1,5,18,1,0,0,0,760,0,3,7,3,7,8,7,8,8,8,8,750,0,37,1,1,0,1,1,1,1,151,3770,9,8,2017,4,20,47,0,1,7,4,6,OLD WALKER MILL RD,NA,99998,35.86986111,-79.81308333,0,8,0,0,1,1,0,1,5,1,0,1,0,0,20,40,21,0,99,99,0,0,0,1,0
37,370830,0,1,5,27,2,0,0,0,440,0,3,7,3,7,8,7,8,8,8,8,400,0,37,2,2,0,1,1,3,3,179,0,28,8,2017,2,22,42,0,1,5,98,4,CR-1520,NA,99999,35.09449722,-80.64429167,0,8,0,0,1,1,0,1,2,1,0,1,0,0,22,41,22,46,88,88,14,0,0,1,0
37,370835,0,1,5,60,1,0,0,0,760,0,3,7,3,7,8,7,8,8,8,8,750,0,37,1,1,0,1,1,1,1,183,0,19,8,2017,7,4,0,0,2,3,98,3,SR-55,NA,99999,35.62736667,-78.8225,0,8,0,0,1,1,0,1,2,10,5,5,0,0,99,99,99,99,88,88,0,0,0,1,0
37,370837,0,1,5,43,2,0,0,0,440,0,3,7,3,7,8,7,8,8,8,8,400,0,37,1,1,0,1,1,1,1,185,0,18,8,2017,6,6,1,1,1,2,98,2,US-158,NA,99999,36.42318889,-78.17573611,0,8,0,0,1,1,0,1,2,5,0,5,0,0,5,56,6,22,88,88,0,0,0,1,0
37,370838,0,1,5,36,1,0,0,0,620,0,3,7,3,7,8,7,8,8,8,8,600,0,37,1,1,0,1,1,1,1,187,0,26,8,2017,7,1,15,0,1,5,98,3,SR-32,NA,99999,35.92789444,-76.57650833,0,8,0,0,1,1,0,1,2,1,0,1,0,0,99,99,99,99,99,99,0,0,0,1,0
37,370839,0,1,5,26,1,0,0,0,410,0,3,7,9,7,8,7,8,8,8,8,400,0,37,1,1,0,2,2,2,2,189,0,5,8,2017,7,2,55,0,1,3,98,3,SR-105,NA,99999,36.20705,-81.71355278,0,8,0,0,1,1,0,2,2,1,0,1,0,0,99,99,99,99,99,99,0,0,0,1,1
37,370839,0,2,5,28,1,0,0,0,410,0,3,7,9,7,8,7,8,8,8,8,400,0,37,1,1,0,2,2,2,2,189,0,5,8,2017,7,2,55,0,1,3,98,3,SR-105,NA,99999,36.20705,-81.71355278,0,8,0,0,1,1,0,2,2,1,0,1,0,0,99,99,99,99,99,99,0,0,0,1,1
37,370846,0,1,5,55,1,0,0,0,741,0,3,7,3,7,8,7,8,8,8,8,740,0,37,1,1,0,1,1,1,1,1,700,25,9,2017,2,3,59,1,2,3,1,2,US-70,NA,99998,36.09274444,-79.39370556,1,8,0,0,1,1,0,1,3,1,0,1,0,0,22,48,22,52,88,88,0,0,0,1,0
37,370848,0,1,5,68,2,0,0,0,741,0,3,7,3,7,8,7,8,8,8,8,740,0,37,1,1,0,1,1,1,1,13,4860,5,9,2017,3,21,24,0,2,4,4,6,W 15TH ST,NA,99998,35.55813611,-77.05193889,0,8,0,0,1,1,0,1,3,1,0,1,0,0,21,23,21,26,88,88,0,0,0,1,0
37,370862,0,1,5,14,1,0,0,0,741,0,3,7,3,7,8,7,8,8,8,8,740,0,37,1,1,0,2,2,2,2,25,1040,30,9,2017,7,22,19,0,2,3,4,6,CONCORD PKWY,NA,99998,35.40395278,-80.60976944,0,8,0,0,1,1,0,1,3,1,0,1,0,0,23,47,23,57,88,88,0,0,0,2,1
37,370862,0,2,5,15,1,0,0,0,741,0,3,7,3,7,8,7,8,8,8,8,740,0,37,1,1,0,2,2,2,2,25,1040,30,9,2017,7,22,19,0,2,3,4,6,CONCORD PKWY,NA,99998,35.40395278,-80.60976944,0,8,0,0,1,1,0,1,3,1,0,1,0,0,23,47,23,57,88,88,0,0,0,2,1
37,370876,0,1,5,29,2,0,0,0,680,0,3,7,3,7,8,7,8,8,8,8,990,0,37,1,1,0,1,1,1,1,53,0,16,9,2017,7,23,20,0,1,3,98,3,SR-1111,NA,0,36.11987222,-75.81534444,0,8,0,0,1,1,0,1,2,1,0,1,0,0,23,26,23,29,88,88,0,0,0,1,1
37,370885,0,1,5,57,2,0,0,0,680,0,3,7,3,7,8,7,8,8,8,8,990,0,37,1,1,0,1,1,1,1,71,1800,5,9,2017,3,20,21,0,2,7,98,6,W GARRISON BLVD,NA,0,35.25362222,-81.18743611,0,8,0,0,1,1,0,1,3,2,0,2,0,0,20,23,20,27,20,47,0,0,0,1,0
37,370903,0,1,5,39,1,0,0,0,410,0,3,7,3,7,8,7,8,8,8,8,400,0,37,1,1,0,1,1,1,1,93,0,20,9,2017,4,20,57,0,1,3,98,3,SR-1229,NA,0,35.06816111,-79.42473611,0,8,0,0,1,1,0,1,2,1,0,1,0,0,99,99,99,99,99,99,0,0,0,1,0
37,370907,0,1,5,58,1,0,0,0,410,0,3,7,3,7,8,7,8,8,8,8,400,0,37,1,1,0,1,1,1,1,97,0,11,9,2017,2,22,25,1,1,1,1,1,I-77,NA,99999,35.88985278,-80.86313056,0,8,0,0,1,1,0,1,2,10,2,2,0,0,22,29,22,43,88,88,0,0,0,1,0
37,370920,0,1,5,50,2,0,0,0,760,0,3,7,3,7,8,7,8,8,8,8,750,0,37,1,1,0,1,1,2,2,113,0,9,9,2017,7,21,52,1,1,3,98,2,US-23,NA,99999,35.11509722,-83.39034444,0,8,0,0,1,1,0,1,2,1,0,1,0,0,21,46,21,53,88,88,0,0,0,1,0
37,370923,0,1,5,52,1,0,0,0,160,0,3,7,3,7,8,7,8,8,8,8,100,0,37,1,1,0,1,1,1,1,119,870,22,9,2017,6,5,54,0,2,3,98,6,N TRYON STREET,NA,99999,35.28547778,-80.762075,0,8,0,0,1,1,0,1,2,1,0,1,0,0,5,54,6,0,88,88,0,0,0,1,0
37,370924,0,1,5,43,1,0,0,0,620,0,3,7,3,7,8,7,8,8,8,8,600,0,37,1,1,0,1,1,3,3,119,2280,30,9,2017,7,4,27,1,2,1,1,1,I-77,NA,99999,35.39897222,-80.85610833,0,8,0,0,1,1,0,1,2,1,0,1,0,0,4,27,4,40,5,7,0,0,0,1,1
37,370932,0,1,5,38,1,0,0,0,313,0,3,7,3,7,8,7,8,8,8,8,600,0,37,1,1,0,1,1,2,2,129,5060,26,9,2017,3,22,43,0,2,7,4,6,WOOSTER ST,NA,99998,34.22710278,-77.92511111,0,8,0,0,1,1,0,1,3,1,0,1,0,0,22,46,22,49,88,88,0,0,0,1,0
37,370937,0,1,5,31,1,0,0,0,741,0,3,7,3,7,8,7,8,8,8,8,740,0,37,1,1,0,1,1,1,1,141,0,1,9,2017,6,5,55,1,2,2,2,2,US-421,NA,99998,34.31243889,-77.98597222,0,8,0,0,1,1,0,1,2,5,0,5,0,0,5,50,5,56,88,88,0,0,0,1,0
37,370945,0,1,5,79,2,0,0,0,741,0,3,7,3,7,8,7,8,8,8,8,740,0,37,1,1,0,1,1,1,1,155,0,21,9,2017,5,17,52,0,1,3,98,3,SR-2100,NA,0,34.58100556,-78.89476389,0,8,0,0,1,1,0,1,1,1,0,1,0,0,17,53,18,2,18,25,0,0,0,1,0
37,370948,0,1,5,57,1,0,0,0,690,0,1,7,1,7,9,7,9,8,8,99,990,0,37,1,1,0,1,1,1,1,163,0,2,9,2017,7,20,59,0,1,3,98,3,SR-1220,SR-1294,0,34.91070833,-78.34486111,0,8,0,0,2,3,0,1,3,1,0,1,0,0,20,53,21,2,99,99,19,0,0,1,0
37,370950,0,1,5,58,2,0,0,0,410,0,3,7,3,7,8,7,8,8,8,8,400,0,37,1,1,0,1,1,2,2,169,2438,8,9,2017,6,20,17,0,2,7,98,5,INGRAM DR,NA,0,36.26386944,-80.36321389,0,8,0,0,1,1,0,1,2,1,0,1,0,0,20,18,20,28,88,88,0,0,0,1,0
37,370961,0,1,5,60,1,0,0,0,430,0,3,7,3,7,8,7,8,8,8,8,400,0,37,1,1,0,1,1,1,1,193,0,20,9,2017,4,20,8,0,1,3,98,3,SR-1337,NA,0,36.17633056,-81.22927222,0,8,0,0,1,1,0,1,2,1,0,1,0,0,99,99,99,99,99,99,0,0,0,1,1
37,370967,0,1,5,36,1,0,0,0,742,0,3,7,3,7,8,7,8,8,8,8,740,0,37,1,1,0,1,1,6,6,1,0,14,10,2017,7,23,42,0,1,3,98,3,SR-87,NA,0,35.98062222,-79.38394167,0,8,0,0,1,1,0,1,2,1,0,1,0,0,23,34,23,37,88,88,0,0,0,1,0
37,370971,0,1,5,19,1,0,0,0,420,0,3,7,3,7,8,7,8,8,8,8,400,0,37,1,1,0,1,1,1,1,13,0,14,10,2017,7,6,10,0,1,3,98,3,SR-33,NA,0,35.48644167,-77.07244722,0,8,0,0,1,1,0,1,2,10,0,10,0,0,99,99,99,99,99,99,0,0,0,1,0
37,370978,0,1,5,40,1,0,0,0,311,0,3,7,3,7,8,7,8,8,8,8,310,0,37,3,1,2,1,1,1,1,23,0,9,10,2017,2,0,2,1,1,3,1,2,US-70,NA,0,35.74699722,-81.60254167,0,8,0,0,1,1,0,1,2,3,10,3,0,0,0,1,0,17,88,88,0,0,0,1,1
37,370992,0,1,5,40,1,0,0,0,910,0,3,7,3,7,8,7,8,8,8,8,910,0,37,1,1,0,1,1,1,1,51,1670,10,10,2017,3,14,33,0,2,7,98,6,MARTIN LUTHER KING FREWAY,NA,0,35.03436944,-78.87888889,0,8,0,0,1,1,0,1,1,1,0,1,0,0,14,32,11,41,88,88,0,0,0,1,0
37,370993,0,1,8,52,1,0,0,0,410,0,3,7,3,7,8,7,8,8,8,8,400,0,37,1,1,0,1,1,1,1,51,0,28,10,2017,7,22,5,0,1,3,98,3,SR-1288,NA,0,34.95259167,-79.01293056,0,15,0,0,1,1,0,1,2,1,0,1,0,0,99,99,99,99,99,99,0,0,0,1,1
37,370999,0,1,5,78,2,0,0,0,469,0,3,7,3,7,8,7,8,8,8,8,460,0,37,1,1,0,1,1,1,1,65,3930,9,10,2017,2,19,58,0,2,7,98,6,MEADOWBROOK RD,NA,0,35.92802778,-77.71322222,0,8,0,0,8,1,0,1,2,1,0,1,0,0,19,50,19,54,88,88,0,0,0,1,0
37,371004,0,1,5,45,2,0,0,0,741,0,3,7,3,7,8,7,8,8,8,8,740,0,37,1,1,0,1,1,1,1,69,0,3,10,2017,3,18,44,0,1,3,4,7,SR-1211,NA,99998,99.9999,999.9999,0,8,0,0,1,1,0,1,1,1,0,1,0,0,18,38,18,43,19,25,0,0,0,1,0
37,371007,0,1,5,64,1,0,0,0,680,0,3,7,3,7,8,7,8,8,8,8,990,0,37,2,2,0,1,1,4,4,81,1940,6,10,2017,6,21,58,1,2,1,1,1,I-40,GUILFORD COLLEGE RD,99998,36.06262778,-79.90786944,0,8,0,0,1,1,0,1,3,1,0,1,0,0,21,58,22,1,88,88,0,0,0,1,1
37,371010,0,1,5,36,1,0,0,0,770,0,3,7,3,7,8,7,8,8,8,8,750,0,37,1,1,0,1,1,1,1,81,1940,10,10,2017,3,17,33,0,2,7,4,6,W MARKET ST,NA,99990,36.069825,-79.86845,0,8,0,0,1,1,0,1,5,10,0,10,0,0,3,18,3,23,3,46,0,0,0,1,1
37,371011,0,1,5,18,1,0,0,0,760,0,3,7,3,7,8,7,8,8,8,8,750,0,37,1,1,0,1,1,1,1,81,1940,20,10,2017,6,13,24,0,2,7,4,6,FRIENDWAY RD,NA,99999,36.08515,-79.90520556,0,8,0,0,1,1,0,1,1,1,0,1,0,0,13,25,13,30,13,52,0,0,0,1,0
37,371033,0,1,5,45,1,0,0,0,741,0,3,7,3,7,8,7,8,8,8,8,740,0,37,1,1,0,1,1,1,1,119,870,1,10,2017,1,2,12,0,2,7,98,6,E INDEPENDENCE BLVD,NA,0,35.21541389,-80.808275,0,8,0,0,1,1,0,1,3,1,0,1,0,0,2,11,2,19,2,35,0,0,0,1,0
37,371034,0,1,5,83,2,0,0,0,760,0,1,7,1,7,9,7,9,8,8,99,750,0,37,1,1,0,1,1,1,1,119,870,2,10,2017,2,15,50,0,2,7,98,6,PINEVILLE-MATTHEWS RD,ARBORETUM DR,0,35.10104444,-80.77631667,0,8,0,0,2,2,0,1,1,1,0,1,0,0,15,52,15,56,16,14,0,0,0,1,0
37,371035,0,1,5,61,1,0,0,0,690,0,1,7,1,7,9,7,9,8,8,99,990,0,37,1,1,0,1,1,1,1,119,870,4,10,2017,4,8,13,0,2,7,98,6,WATER RIDGE PKWY,NORTH FALLS DR,0,35.185925,-80.92371667,0,8,0,0,2,2,0,1,1,1,0,1,0,0,8,12,8,21,8,43,0,0,0,1,0
37,371037,0,1,5,59,1,0,0,0,760,0,3,7,3,7,8,7,8,8,8,8,750,0,37,1,1,0,1,1,1,1,119,870,16,10,2017,2,0,12,0,2,7,98,6,THE PLAZA,NA,0,35.23790833,-80.79970833,0,8,0,0,1,1,0,1,3,1,0,1,0,0,0,13,0,26,88,88,0,0,0,1,0
37,371039,0,1,5,57,1,0,0,0,741,0,3,7,3,7,8,7,8,8,8,8,740,0,37,3,3,0,1,1,4,4,119,870,28,10,2017,7,3,46,0,2,7,98,6,BILLY GRAHAM PK,NA,0,35.21876944,-80.92363333,0,8,0,0,1,1,0,1,3,1,0,1,0,0,3,45,3,52,99,99,0,0,0,1,1
37,371040,0,1,5,43,1,0,0,0,680,0,3,7,3,7,8,7,8,8,8,8,990,0,37,1,1,0,1,1,1,1,119,870,28,10,2017,7,0,40,0,2,7,98,6,SUGAR CREEK RD,NA,0,35.26645,-80.79505556,0,8,0,0,1,1,0,1,3,1,0,1,0,0,0,39,0,48,1,8,0,0,0,1,0
37,371043,0,1,5,61,1,0,0,0,341,0,3,7,3,7,8,7,8,8,8,8,340,0,37,1,1,0,1,1,1,1,119,870,30,10,2017,2,6,8,0,2,7,98,6,MONROE RD,NA,0,35.20417222,-80.80568611,0,8,0,0,1,1,0,1,3,1,0,1,0,0,6,7,6,14,99,99,0,0,0,1,0
37,371053,0,1,5,51,1,0,9,0,760,0,3,7,3,7,8,7,8,8,8,8,750,0,37,1,1,0,1,1,1,1,129,0,15,10,2017,1,21,26,0,1,3,98,3,SR-132,NA,0,34.25871944,-77.87039722,0,8,0,0,1,1,0,1,2,1,0,1,0,0,21,25,21,33,88,88,0,0,0,1,0
37,371061,0,1,5,59,1,0,9,0,760,0,3,7,3,7,8,7,8,8,8,8,750,0,37,1,1,0,1,1,1,1,147,1950,3,10,2017,3,20,26,0,2,7,98,6,E ARLINGTON BLVD,NA,0,35.57505,-77.36142222,0,8,0,0,1,1,0,1,3,1,0,1,0,0,20,26,20,31,20,47,0,0,0,1,0
37,371070,0,1,5,61,2,0,0,0,680,0,3,7,3,7,8,7,8,8,8,8,990,0,37,1,1,0,1,1,1,1,155,0,21,10,2017,7,19,35,0,1,3,98,3,SR-904,NA,0,34.36349167,-79.11832778,0,8,0,0,1,1,0,1,2,1,0,1,0,0,99,99,99,99,99,99,0,0,0,1,0
37,371074,0,1,5,60,1,0,0,0,680,0,3,7,3,7,8,7,8,8,8,8,990,0,37,1,1,0,1,1,1,1,163,0,13,10,2017,6,19,45,1,1,3,1,2,US-421,NA,0,34.74014444,-78.200425,0,8,0,0,1,1,0,1,2,1,0,1,0,0,19,43,19,54,88,88,0,0,0,1,0
37,371078,0,1,5,16,2,0,0,0,610,0,3,7,3,7,8,7,8,8,8,8,600,0,37,3,3,0,3,3,3,3,183,3750,1,10,2017,1,19,23,1,2,1,1,1,I-40,NA,0,35.77026667,-78.73865,0,8,0,0,1,1,0,1,2,1,0,1,0,0,19,21,19,30,19,44,14,0,0,2,0
37,371078,0,2,5,45,1,0,0,0,140,0,3,7,3,7,8,7,8,8,8,8,100,0,37,3,3,0,3,3,3,3,183,3750,1,10,2017,1,19,23,1,2,1,1,1,I-40,NA,0,35.77026667,-78.73865,0,8,0,0,1,1,0,1,2,1,0,1,0,0,19,21,19,30,19,44,14,0,0,2,0
37,371078,0,3,5,16,2,0,0,0,610,0,3,7,3,7,8,7,8,8,8,8,600,0,37,3,3,0,3,3,3,3,183,3750,1,10,2017,1,19,23,1,2,1,1,1,I-40,NA,0,35.77026667,-78.73865,0,8,0,0,1,1,0,1,2,1,0,1,0,0,19,21,19,30,19,44,14,0,0,2,0
37,371079,0,1,5,58,1,0,0,0,410,0,3,7,3,7,8,7,8,8,8,8,400,0,37,1,1,0,1,1,1,1,183,3750,7,10,2017,7,8,41,0,2,3,98,3,SR-1009,NA,0,35.74288056,-78.68154167,0,8,0,0,1,1,0,1,1,10,0,10,0,0,8,9,8,15,8,34,0,0,0,1,0
37,371082,0,1,5,24,1,0,0,0,313,0,3,7,3,7,8,7,8,8,8,8,600,0,37,1,1,0,1,1,1,1,185,0,3,10,2017,3,20,45,0,1,3,98,3,SR-1134,NA,0,36.31867778,-78.33619722,0,8,0,0,1,1,0,1,2,1,0,1,0,0,20,39,20,52,88,88,0,0,0,1,0
37,371086,0,1,5,50,2,0,0,0,680,0,3,7,3,7,8,7,8,8,8,8,990,0,37,1,1,0,1,1,1,1,195,0,12,10,2017,5,23,5,0,1,3,98,3,SR-1002,NA,0,35.79893056,-77.78381111,0,8,0,0,1,1,0,1,2,10,0,10,0,0,23,0,23,10,88,88,0,0,0,1,0
37,371110,0,1,5,54,1,0,0,0,760,0,3,7,3,7,8,7,8,8,8,8,750,0,37,1,1,0,1,1,1,1,81,1940,8,11,2017,4,19,20,0,2,3,98,6,FREEMAN MILL ROAD,NA,99999,36.05245556,-79.80635,0,8,0,0,1,1,0,1,3,2,0,2,0,0,19,20,19,24,19,47,0,0,0,1,0
37,371117,0,1,5,47,1,0,0,0,230,0,3,7,3,7,8,7,8,8,8,8,100,0,37,2,2,0,1,1,1,1,109,0,8,11,2017,4,15,41,0,1,7,98,4,CR-1441,NA,99999,35.47879167,-80.98819722,0,8,0,0,1,1,0,1,1,10,2,2,0,0,15,39,15,42,88,88,23,0,0,1,0
37,371120,0,1,5,27,1,0,0,0,680,0,3,7,3,7,8,7,8,8,8,8,990,0,37,1,1,0,1,1,2,2,119,2940,8,11,2017,4,22,42,1,2,3,98,2,US-74,NA,99999,35.128813890000004,-80.70793333,0,8,0,1,20,1,0,1,2,10,2,2,0,0,22,40,22,46,88,88,0,0,0,1,0
37,371137,0,1,5,37,2,0,0,0,610,0,3,7,3,7,8,7,8,8,8,8,600,0,37,1,1,0,1,1,1,1,167,3820,19,11,2017,1,19,10,1,2,2,2,2,US-52,NA,99998,35.45951944,-80.24153611,0,8,0,0,1,1,0,1,2,1,0,1,0,0,19,4,19,9,88,88,0,0,0,1,0
37,371143,0,1,5,65,1,1,0,0,781,0,1,7,2,7,2,7,2,1,2,11a,790,0,37,1,1,0,1,1,1,1,183,3750,11,11,2017,7,8,1,0,2,3,4,7,RONALD DR,WAKE FOREST RD,99998,35.83938611,-78.61199167,0,8,0,0,2,2,0,1,1,1,0,1,0,0,7,47,7,51,8,13,0,0,0,1,0