STATE.x,ST_CASE,VEH_NO,PER_NO,PBPTYPE,PBAGE,PBSEX,PBCWALK,PBSWALK,PBSZONE,PEDCTYPE,BIKECTYPE,PEDLOC,BIKELOC,PEDPOS,BIKEPOS,PEDDIR,BIKEDIR,MOTDIR,MOTMAN,PEDLEG,PEDSNR,PEDCGP,BIKECGP,STATE.y,VE_TOTAL,VE_FORMS,PVH_INVL,PEDS,PERNOTMVIT,PERMVIT,PERSONS,COUNTY,CITY,DAY,MONTH,YEAR,DAY_WEEK,HOUR,MINUTE,NHS,RUR_URB,FUNC_SYS,RD_OWNER,ROUTE,TWAY_ID,TWAY_ID2,MILEPT,LATITUDE,LONGITUD,SP_JUR,HARM_EV,MAN_COLL,RELJCT1,RELJCT2,TYP_INT,WRK_ZONE,REL_ROAD,LGT_COND,WEATHER1,WEATHER2,WEATHER,SCH_BUS,RAIL,NOT_HOUR,NOT_MIN,ARR_HOUR,ARR_MIN,HOSP_HR,HOSP_MN,CF1,CF2,CF3,FATALS,DRUNK_DR
37,371148,0,1,5,90,2,9,9,0,760,0,3,7,3,7,8,7,8,8,8,8,750,0,37,1,1,0,1,1,1,1,1,0,30,9,2017,7,15,49,0,1,3,98,3,SR-1102,NA,0,35.89038056,-79.53198611,0,8,0,0,1,1,0,1,1,1,0,1,0,0,15,47,16,6,99,99,0,0,0,1,0
37,371150,0,1,5,80,1,1,1,0,760,0,3,7,3,7,8,7,8,8,8,8,750,0,37,1,1,0,1,1,1,1,23,4700,6,10,2017,6,17,31,0,2,7,98,6,MAIN ST,NA,0,35.74898611,-81.60268611,0,8,0,0,1,1,0,1,1,1,0,1,0,0,99,99,99,99,99,99,0,0,0,1,0
37,371151,0,1,5,60,2,0,0,0,680,0,3,7,3,7,8,7,8,8,8,8,990,0,37,1,1,0,1,1,2,2,51,4374,20,10,2017,6,20,30,0,2,7,98,6,N BRAGG BLVD,NA,0,35.17689722,-78.97975278,0,8,0,0,1,1,0,1,2,1,0,1,0,0,99,99,99,99,99,99,0,0,0,1,0
37,371163,0,1,5,48,1,9,9,0,760,0,3,7,3,7,8,7,8,8,8,8,750,0,37,1,1,0,1,1,1,1,51,1670,18,11,2017,7,23,12,0,2,7,98,6,RAMSEY ST,NA,0,35.06418611,-78.87828611,0,8,0,0,1,1,0,1,2,1,0,1,0,0,23,15,23,17,23,38,0,0,0,1,0
37,371170,0,1,5,22,1,0,0,0,213,0,3,7,3,7,8,7,8,8,8,8,200,0,37,1,1,0,1,1,1,1,81,1940,20,11,2017,2,5,10,0,2,7,98,6,SEMINOLE DR,NA,0,36.08336667,-79.80733333,0,8,0,0,1,1,0,1,3,1,0,1,0,0,5,34,5,38,88,88,0,0,0,1,1
37,371173,0,1,5,74,2,1,9,0,791,0,1,7,2,7,2,7,3,2,1,5b,790,0,37,1,1,0,1,1,1,1,85,2650,22,11,2017,4,11,23,0,2,7,98,6,S MAIN ST,W HARNETT ST,0,35.39985,-78.81576111,0,8,0,0,3,2,0,1,1,1,0,1,0,0,11,24,11,26,88,88,0,0,0,1,0
37,371175,0,1,5,20,1,0,0,0,430,0,3,7,6,7,8,7,8,8,8,8,400,0,37,1,1,0,1,1,1,1,93,0,23,11,2017,5,4,10,0,1,3,98,3,SR-1305,NA,0,35.03566389,-79.09893333,0,8,0,0,1,1,0,2,2,1,0,1,0,0,99,99,99,99,99,99,0,0,0,1,1
37,371183,0,1,5,49,1,9,9,0,410,0,3,7,3,7,8,7,8,8,8,8,400,0,37,1,1,0,1,1,1,1,119,870,22,11,2017,4,21,34,0,2,7,98,6,SHOPTON RD WEST,NA,0,35.15278333,-80.98854722,0,8,0,0,1,1,0,1,2,1,0,1,0,0,21,32,21,49,88,88,0,0,0,1,1
37,371196,0,1,5,56,1,9,9,0,610,0,3,7,3,7,8,7,8,8,8,8,600,0,37,1,1,0,1,1,2,2,157,3800,28,11,2017,3,0,57,0,2,7,98,6,FREEWAY DR,NA,0,36.36275,-79.68395833,0,8,0,0,1,1,0,1,2,1,0,1,0,0,0,57,1,3,88,88,0,0,0,1,0
37,371212,0,1,5,63,1,0,0,0,781,0,2,7,3,7,3,7,1,1,2,12b,790,0,37,1,1,0,1,1,1,1,191,0,29,11,2017,4,17,13,0,2,4,98,6,COUNTRY DAY ROAD,WAYNE MEMORIAL DRIVE,99999,35.39944722,-77.95785278,0,8,0,0,3,3,0,1,5,1,0,1,0,0,17,18,17,18,17,29,0,0,0,1,0
37,371219,0,1,5,23,2,0,0,0,440,0,3,7,3,7,8,7,8,8,8,8,400,0,37,1,1,0,1,1,1,1,19,0,10,12,2017,1,21,9,0,1,7,98,3,SR-130,NA,99999,33.933375,-78.29468611,0,8,0,0,1,1,0,1,2,1,0,1,0,0,21,7,21,18,88,88,0,0,0,1,0
37,371225,0,1,5,61,1,0,0,0,741,0,2,7,3,7,9,7,1,3,2,4c,740,0,37,1,1,0,1,1,1,1,25,1040,27,12,2017,4,18,6,0,2,3,98,3,SR-49,GLENWOOD DR SW,99999,35.36129167,-80.59009167,0,8,0,0,3,2,0,1,3,1,0,1,0,0,18,6,18,16,88,88,0,0,0,1,0
37,371227,0,1,5,44,1,0,0,0,610,0,3,7,3,7,8,7,8,8,8,8,600,0,37,1,1,0,1,1,1,1,35,2150,10,12,2017,1,23,5,0,2,7,98,6,14TH AVE NE,NA,99999,35.75192778,-81.32820833,0,8,0,0,1,1,0,1,2,1,0,1,0,0,23,6,23,8,23,27,0,0,0,1,0
37,371236,0,1,5,41,1,0,0,0,770,0,3,7,3,7,8,7,8,8,8,8,750,0,37,1,1,0,2,2,1,1,49,0,6,12,2017,4,19,2,0,1,3,3,7,SR-1646,NA,99998,35.337725,-77.15666389,0,8,0,0,1,1,0,1,2,2,0,2,0,0,99,99,99,99,99,99,0,0,0,1,0
37,371236,0,2,5,57,1,0,0,0,770,0,3,7,3,7,8,7,8,8,8,8,750,0,37,1,1,0,2,2,1,1,49,0,6,12,2017,4,19,2,0,1,3,3,7,SR-1646,NA,99998,35.337725,-77.15666389,0,8,0,0,1,1,0,1,2,2,0,2,0,0,99,99,99,99,99,99,0,0,0,1,0
37,371239,0,1,5,32,1,0,0,0,741,0,3,7,3,7,8,7,8,8,8,8,740,0,37,1,1,0,1,1,1,1,51,4374,16,12,2017,7,20,50,0,2,3,4,7,N BRAGG BLVD,NA,99998,35.17533611,-78.97821944,0,8,0,0,1,1,0,1,3,1,0,1,0,0,99,99,99,99,88,88,0,0,0,1,0
37,371243,0,1,5,58,1,0,0,0,760,0,3,7,3,7,8,7,8,8,8,8,750,0,37,1,1,0,1,1,2,2,57,0,16,12,2017,7,18,52,0,2,3,2,7,SR 3010,NA,99998,35.92826944,-80.24105,0,8,0,0,1,1,0,1,2,1,0,1,0,0,99,99,99,99,99,99,0,0,0,1,0
37,371247,0,1,5,40,1,0,0,0,770,0,3,7,3,7,8,7,8,8,8,8,750,0,37,3,3,0,1,1,3,3,63,1360,22,12,2017,6,0,25,0,2,3,4,6,NC-54 BUS,NA,99998,35.90534722,-78.91638333,0,8,0,0,1,1,0,1,2,1,0,1,0,0,0,28,0,31,88,88,0,0,0,1,0
37,371251,0,1,5,62,1,9,9,0,680,0,3,7,3,7,8,7,8,8,8,8,990,0,37,1,1,0,1,1,1,1,67,5120,16,12,2017,7,16,3,0,2,7,98,6,N GLENN AVE,NA,0,36.121375,-80.2408,0,8,0,0,1,1,0,1,1,1,0,1,0,0,16,3,16,9,16,33,19,0,0,1,0
37,371257,0,1,5,44,2,9,9,0,230,0,3,7,4,7,8,7,8,8,8,8,100,0,37,1,1,0,2,2,1,1,77,0,8,12,2017,6,16,56,0,1,3,98,3,SR-1127,NA,0,36.06854722,-78.694375,0,8,0,0,1,1,0,2,5,4,0,4,0,0,16,45,17,0,17,45,19,0,0,1,0
37,371257,0,2,5,20,1,9,9,0,230,0,3,7,4,7,8,7,8,8,8,8,100,0,37,1,1,0,2,2,1,1,77,0,8,12,2017,6,16,56,0,1,3,98,3,SR-1127,NA,0,36.06854722,-78.694375,0,8,0,0,1,1,0,2,5,4,0,4,0,0,16,45,17,0,17,45,19,0,0,1,0
37,371258,0,1,5,62,2,9,9,0,459,0,3,7,3,7,8,7,8,8,8,8,400,0,37,1,1,0,1,1,1,1,81,1940,5,12,2017,3,18,18,0,2,7,98,6,S ENGLISH ST,NA,0,36.05613889,-79.75803056,0,8,0,0,1,1,0,1,3,2,0,2,0,0,18,19,18,24,18,37,0,0,0,1,0
37,371262,0,1,5,62,1,9,9,0,680,0,3,7,3,7,8,7,8,8,8,8,990,0,37,1,1,0,1,1,2,2,89,9997,14,12,2017,5,19,51,0,1,3,98,3,SR-280,NA,0,35.37358333,-82.58482778,0,8,0,0,1,1,0,1,2,1,0,1,0,0,99,99,99,99,88,88,0,0,0,1,0
37,371266,0,1,5,72,2,9,9,0,212,0,3,7,3,7,8,7,8,8,8,8,200,0,37,1,1,0,1,1,1,1,97,0,15,12,2017,6,19,2,0,1,3,98,3,SR-2510,NA,0,35.74202778,-80.88785833,0,8,0,0,4,1,0,1,2,1,0,1,0,0,18,56,19,3,88,88,0,0,0,1,0
37,371274,0,1,5,50,1,1,9,0,760,0,2,7,3,7,9,7,1,3,9,99,750,0,37,1,1,0,1,1,2,2,119,870,5,12,2017,3,17,45,0,2,7,98,6,SARDIS ROAD NORTH,KREFELD DR,0,35.14458056,-80.72881111,0,8,0,0,3,2,0,1,5,1,0,1,0,0,17,47,17,56,88,88,0,0,0,1,0
37,371276,0,1,5,90,1,0,0,0,781,0,3,7,3,7,8,7,8,8,8,8,790,0,37,1,1,0,1,1,1,1,119,870,11,12,2017,2,12,50,0,2,7,98,6,MT HOLLY HUNTERSVILLE,NA,0,35.33546389,-80.91696667,0,8,0,0,4,1,0,1,1,1,0,1,0,0,12,48,12,56,13,21,0,0,0,1,0
37,371286,0,1,5,62,1,9,9,0,680,0,3,7,3,7,8,7,8,8,8,8,990,0,37,5,5,0,1,1,9,9,129,5060,2,12,2017,7,17,25,0,2,7,98,6,CAROLINA BEACH RD,NA,0,34.20153889,-77.940275,0,8,0,0,1,1,0,1,5,1,0,1,0,0,17,26,17,27,88,88,0,0,0,1,0
37,371288,0,1,5,59,1,9,9,0,620,0,3,7,3,7,8,7,8,8,8,8,600,0,37,1,1,0,1,1,1,1,145,0,4,12,2017,2,11,53,0,1,3,98,3,SR-1512,NA,0,36.48137222,-78.83398333,0,8,0,0,1,1,0,1,1,1,0,1,0,0,11,30,11,44,99,99,0,0,0,1,0
37,371291,0,1,5,45,1,9,9,0,680,0,3,7,3,7,8,7,8,8,8,8,990,0,37,1,1,0,1,1,1,1,147,0,21,12,2017,5,18,20,1,1,3,1,2,US-13,NA,0,35.59623889,-77.40087778,0,8,0,0,1,1,0,1,2,1,0,1,0,0,18,18,18,23,88,88,0,0,0,1,0
37,371294,0,1,5,49,2,9,9,0,680,0,3,7,3,7,8,7,8,8,8,8,990,0,37,1,1,0,1,1,2,2,155,4050,8,12,2017,6,17,33,0,2,3,98,3,SR-20,NA,0,34.79901111,-78.94285,0,8,0,0,1,1,0,1,3,2,0,2,0,0,17,34,18,0,18,34,0,0,0,1,0
37,371306,0,1,5,59,1,1,1,0,313,0,3,7,3,7,8,7,8,8,8,8,600,0,37,1,1,0,1,1,1,1,183,3750,3,12,2017,1,21,16,0,2,7,98,6,ROCK QUARRY RD,NA,0,35.75630278,-78.61240833,0,8,0,0,1,1,0,1,3,1,0,1,0,0,21,17,21,27,99,99,0,0,0,1,0
37,371308,0,1,5,24,1,0,0,0,610,0,3,7,3,7,8,7,8,8,8,8,600,0,37,2,2,0,1,1,2,2,183,0,19,12,2017,3,5,24,0,1,3,98,3,SR-50,NA,0,36.06929722,-78.6907,0,8,0,0,1,1,0,1,2,10,5,5,0,0,5,14,5,27,5,56,19,0,0,1,0
37,371313,0,1,5,23,1,0,0,0,741,0,3,7,3,7,8,7,8,8,8,8,740,0,37,1,1,0,1,1,1,1,183,3750,27,12,2017,4,19,54,0,2,3,4,7,LOUISBURG RD,NA,99999,35.87473333,-78.54152222,0,8,0,0,1,1,0,1,2,1,0,1,0,0,19,24,19,33,19,50,0,0,0,1,0
38,380001,0,1,5,22,1,0,0,0,690,0,1,7,1,7,9,7,1,3,2,4d,990,0,38,1,1,0,1,1,1,1,89,800,1,1,2017,1,2,45,1,1,3,1,7,I-94B,8TH ST W,9041,46.88496944,-102.8259306,0,8,0,0,2,3,0,1,2,1,0,1,0,0,2,48,2,54,88,88,0,0,0,1,1
38,380027,0,1,5,30,2,0,0,0,410,0,3,7,4,7,8,7,8,8,8,8,400,0,38,1,1,0,1,1,1,1,79,0,16,4,2017,1,0,20,1,1,3,1,2,US-281,NA,2113,48.8056,-99.85665278,3,8,0,0,1,1,0,2,6,99,0,99,0,0,0,31,99,99,88,88,0,0,0,1,0
38,380037,0,1,5,26,1,0,0,0,680,0,3,7,3,7,8,7,8,8,8,8,990,0,38,1,1,0,2,2,1,1,79,0,9,5,2017,3,1,13,1,1,3,1,2,US-281,NA,2430,48.81098611,-99.82946389,3,8,0,0,1,1,0,1,2,99,0,99,0,0,1,13,1,21,99,99,0,0,0,1,0
38,380037,0,2,5,33,1,0,0,0,680,0,3,7,3,7,8,7,8,8,8,8,990,0,38,1,1,0,2,2,1,1,79,0,9,5,2017,3,1,13,1,1,3,1,2,US-281,NA,2430,48.81098611,-99.82946389,3,8,0,0,1,1,0,1,2,99,0,99,0,0,1,13,1,21,99,99,0,0,0,1,0
38,380052,0,1,5,34,1,9,9,9,900,0,9,7,9,7,8,7,8,8,8,8,990,0,38,1,1,0,1,1,1,1,79,0,16,7,2017,1,2,45,0,9,98,62,9,UNKNOWN,NA,99999,99.9999,999.9999,3,8,0,8,98,98,0,98,8,98,0,98,0,0,99,98,99,98,99,98,99,99,99,1,0
38,380085,0,1,5,52,1,0,0,0,610,0,3,7,3,7,8,7,8,8,8,8,600,0,38,1,1,0,1,1,2,2,79,265,22,9,2017,6,22,37,1,1,3,1,2,US-281,NA,99998,48.830825,-99.76670278,0,8,0,0,1,1,0,1,3,1,0,1,0,0,22,40,22,44,88,88,0,0,0,1,0
39,390011,0,1,5,47,2,0,0,0,410,0,3,7,3,7,8,7,8,8,8,8,400,0,39,1,1,0,1,1,1,1,99,9230,6,1,2017,6,18,4,0,2,5,4,6,SHADY RUN RD,NA,0,41.06356944,-80.63401111,0,8,0,0,1,1,0,1,3,10,0,10,0,0,18,8,18,8,18,32,0,0,0,1,0
39,390013,0,1,5,26,2,0,1,0,690,0,1,7,2,7,9,7,2,3,2,3c,990,0,39,1,1,0,1,1,2,2,49,1800,9,1,2017,2,18,33,0,2,4,2,4,CR-14 REFUGEE RD,CITIZENS PL,0,39.91527222,-82.87627222,0,8,0,0,3,3,0,1,2,10,0,10,0,0,18,35,18,43,19,10,0,0,0,1,0
39,390022,0,1,5,20,1,0,9,0,230,0,3,7,3,7,8,7,8,8,8,8,100,0,39,2,2,0,2,2,2,2,49,0,20,1,2017,6,22,46,1,2,4,1,3,SR-3 WESTERVILLE RD,NA,208,40.03123889,-82.95705,0,8,0,0,1,1,0,1,2,10,0,10,0,0,22,56,22,58,23,25,23,0,0,1,0
39,390022,0,2,5,24,1,0,9,0,230,0,3,7,3,7,8,7,8,8,8,8,100,0,39,2,2,0,2,2,2,2,49,0,20,1,2017,6,22,46,1,2,4,1,3,SR-3 WESTERVILLE RD,NA,208,40.03123889,-82.95705,0,8,0,0,1,1,0,1,2,10,0,10,0,0,22,56,22,58,23,25,23,0,0,1,0
39,390023,0,1,5,52,1,0,9,0,760,0,3,7,3,7,8,7,8,8,8,8,750,0,39,1,1,0,1,1,2,2,113,2090,15,1,2017,1,20,14,0,2,4,2,4,CR-53 GETTYSBURG AVE,NA,0,39.72863611,-84.25265833,0,8,0,0,1,1,0,1,3,1,0,1,0,0,20,15,20,21,20,41,0,0,0,1,0
39,390027,0,1,5,33,1,0,0,0,440,0,3,7,3,7,8,7,8,8,8,8,400,0,39,1,1,0,1,1,1,1,171,1090,11,1,2017,4,23,19,0,1,7,1,6,N MAIN ST,NA,0,41.49128611,-84.55204167,0,8,0,0,1,1,0,1,2,2,0,2,0,0,23,20,23,23,88,88,0,0,0,1,0
39,390031,0,1,8,75,1,0,0,0,690,0,1,7,1,7,9,7,1,3,9,99,990,0,39,1,1,0,2,2,1,1,75,8514,17,1,2017,3,11,10,0,1,4,1,3,SR-39,CR-114,289,40.53204167,-81.72061389,0,15,0,0,2,2,0,1,1,10,0,10,0,0,11,16,11,38,12,17,0,0,0,1,0
39,390031,0,2,8,67,2,0,0,0,690,0,1,7,1,7,9,7,1,3,9,99,990,0,39,1,1,0,2,2,1,1,75,8514,17,1,2017,3,11,10,0,1,4,1,3,SR-39,CR-114,289,40.53204167,-81.72061389,0,15,0,0,2,2,0,1,1,10,0,10,0,0,11,16,11,38,12,17,0,0,0,1,0
39,390034,0,1,5,53,2,0,0,0,410,0,3,7,3,7,8,7,8,8,8,8,400,0,39,1,1,0,1,1,1,1,71,0,19,1,2017,5,18,14,0,1,5,1,3,SR-247,NA,109,39.17638889,-83.60694444,0,8,0,0,1,1,0,1,2,1,0,1,0,0,18,13,18,15,88,88,0,0,0,1,0
39,390044,0,1,5,59,2,0,0,0,760,0,3,7,3,7,8,7,8,8,8,8,750,0,39,1,1,0,1,1,1,1,7,1850,26,1,2017,5,21,32,0,2,4,1,3,SR-7,NA,308,41.94269444,-80.56031944,0,8,0,0,1,1,0,1,3,4,0,4,0,0,21,33,21,35,21,44,0,0,0,1,0
39,390056,0,1,5,46,1,0,0,0,760,0,3,7,3,7,8,7,8,8,8,8,750,0,39,1,1,0,1,1,1,1,35,1680,20,1,2017,6,6,55,0,2,4,1,6,MILES AVE,NA,0,41.44541944,-81.58836944,0,8,0,0,1,1,0,1,3,2,0,2,0,0,7,0,7,7,7,25,0,0,0,1,0
39,390058,0,1,5,69,1,0,1,0,741,0,3,7,3,7,8,7,8,8,8,8,740,0,39,1,1,0,1,1,1,1,35,1680,24,1,2017,3,21,0,0,2,4,1,3,SR-17 BROOKPARK RD,28TH ST,112,41.419125,-81.70221667,0,8,0,0,3,3,0,1,3,10,0,10,0,0,20,59,21,2,21,25,0,0,0,1,0
39,390061,0,1,5,25,1,0,0,0,680,0,3,7,3,7,8,7,8,8,8,8,990,0,39,1,1,0,1,1,1,1,153,0,8,1,2017,1,3,15,0,2,5,2,6,S MAIN ST,NA,0,41.02178889,-81.52644444,0,8,0,0,1,1,0,1,2,4,0,4,0,0,3,38,3,41,4,4,0,0,0,1,0
39,390077,0,1,5,76,1,0,0,0,410,0,3,7,4,7,8,7,8,8,8,8,400,0,39,1,1,0,1,1,1,1,155,3620,11,2,2017,7,6,25,0,2,4,1,2,US-62,NA,18,41.14857222,-80.59767222,0,8,0,0,1,1,0,4,2,10,0,10,0,0,6,34,6,37,6,45,0,0,0,1,0
39,390085,0,1,5,36,1,0,0,0,680,0,3,7,3,7,8,7,8,8,8,8,990,0,39,1,1,0,1,1,1,1,113,0,13,2,2017,2,23,41,0,2,7,4,6,WEST END AVE,NA,0,39.74495278,-84.23229167,0,8,0,0,1,1,0,1,2,1,0,1,0,0,23,43,23,47,88,88,0,0,0,1,0
39,390092,0,1,5,85,1,1,1,0,781,0,1,7,2,7,2,7,2,1,2,11a,790,0,39,1,1,0,1,1,1,1,35,6360,3,1,2017,3,14,23,1,2,3,1,3,SR-03 RIDGE RD,RENWOOD DR,85,41.39790556,-81.73455,0,8,0,0,2,2,0,1,1,2,0,2,0,0,14,27,14,29,14,50,0,0,0,1,0
39,390110,0,1,5,39,1,0,0,0,140,0,3,7,3,7,8,7,8,8,8,8,100,0,39,1,1,0,1,1,1,1,35,1680,24,1,2017,3,6,3,1,2,1,1,1,I-90,NA,86,41.46951111,-81.80570278,0,8,0,1,18,1,0,1,3,2,0,2,0,0,6,9,6,10,6,24,19,0,0,1,0
39,390131,0,1,5,40,1,0,0,0,741,0,3,7,3,7,8,7,8,8,8,8,740,0,39,1,1,0,1,1,1,1,49,1800,3,3,2017,6,4,52,1,2,1,1,1,I-70,NA,234,39.93268056,-82.83086944,0,8,0,0,1,1,0,1,3,1,0,1,0,0,4,57,5,11,5,28,19,0,0,1,0
39,390142,0,1,5,65,1,0,1,0,313,0,2,7,3,7,9,7,1,9,8,99,600,0,39,1,1,0,1,1,1,1,95,8120,2,3,2017,5,5,40,0,2,7,4,6,PARKWOOD AVE,STRATFORD PLACE,0,41.66849444,-83.55731944,0,8,0,0,3,3,0,1,6,1,0,1,0,0,5,43,5,49,88,88,0,0,0,1,0
39,390146,0,1,5,21,1,0,0,0,230,0,3,7,3,7,8,7,8,8,8,8,100,0,39,1,1,0,1,1,1,1,95,8120,28,2,2017,3,2,15,1,2,1,1,1,I-75,NA,90,41.69514722,-83.50195833,0,8,0,0,1,1,0,1,3,1,0,1,0,0,2,19,2,28,88,88,23,0,0,1,0
39,390148,0,1,5,73,2,0,0,0,890,0,4,7,8,7,8,7,8,8,8,8,800,0,39,4,2,2,1,1,2,2,61,1610,3,3,2017,6,11,5,1,2,3,1,2,US-22 8TH ST,CR-665 SYCAMORE ST,3,39.10516944,-84.50897778,0,12,6,0,2,2,4,1,1,1,0,1,0,0,11,6,11,10,11,30,14,0,0,1,0
39,390149,0,1,5,35,2,0,0,0,320,0,3,7,3,7,8,7,8,8,8,8,350,0,39,1,1,0,1,1,1,1,141,0,4,3,2017,7,22,20,0,1,4,1,2,US-50,NA,287,39.29963889,-82.91402778,0,8,0,0,1,1,0,1,2,10,0,10,0,0,22,15,22,24,88,88,0,0,0,1,0
39,390154,0,1,5,54,1,0,1,0,742,0,2,7,3,7,9,7,3,3,9,99,740,0,39,1,1,0,1,1,1,1,49,1800,9,3,2017,5,18,54,1,2,3,1,2,US-23 HIGH ST,MARILLA RD,61,39.89021389,-82.99725278,0,8,0,0,3,3,0,1,2,10,0,10,0,0,18,54,19,1,19,15,0,0,0,1,0
39,390161,0,1,5,57,1,1,0,0,620,0,1,7,2,7,9,7,3,9,8,99,600,0,39,1,1,0,1,1,1,1,95,8120,24,2,2017,6,3,40,0,2,4,4,6,COLLINGWOOD AVE,JEFFERSON AVE,0,41.65905556,-83.55497778,0,8,0,0,2,2,0,1,3,10,0,10,0,0,3,46,3,51,4,5,0,0,0,1,0
39,390166,0,1,5,51,2,0,0,0,760,0,3,7,3,7,8,7,8,8,8,8,750,0,39,1,1,0,1,1,1,1,49,1800,5,3,2017,1,20,54,0,2,5,4,6,REFUGEE RD,NA,0,39.91612222,-82.890875,0,8,0,0,1,1,0,1,3,10,0,10,0,0,20,55,20,59,88,88,0,0,0,1,0
39,390172,0,1,5,49,1,1,0,0,760,0,1,7,2,7,1,7,4,3,1,1a,750,0,39,2,2,0,1,1,4,4,95,0,12,3,2017,1,20,20,1,2,3,1,3,SR-2,HOLLOWAY RD,91,41.61026944,-83.71318056,0,8,0,0,2,2,0,1,3,1,0,1,0,0,20,15,20,19,88,88,0,0,0,1,0
39,390191,0,1,5,35,1,0,0,0,760,0,3,7,3,7,8,7,8,8,8,8,750,0,39,1,1,0,1,1,1,1,35,2520,3,2,2017,6,18,15,1,2,3,1,2,US-20,NA,273,41.56350556,-81.54129167,0,8,0,0,1,1,0,1,3,10,0,10,0,0,88,88,88,88,88,88,0,0,0,1,0
39,390210,0,1,5,24,1,0,0,0,459,0,3,7,3,7,8,7,8,8,8,8,400,0,39,1,1,0,1,1,1,1,49,1800,13,4,2017,5,2,9,1,2,1,1,1,I-71 S,NA,101,40.11003889,-82.9781,0,8,0,1,20,1,0,1,3,1,0,1,0,0,2,15,2,27,2,47,19,0,0,1,0
39,390224,0,1,5,52,1,0,0,0,910,0,3,7,3,7,8,7,8,8,8,8,910,0,39,1,1,0,1,1,1,1,113,2090,2,4,2017,1,6,38,1,2,2,1,2,US-35,NA,192,39.74902778,-84.13508889,0,8,0,1,18,1,0,1,3,1,0,1,0,0,6,38,6,43,88,88,0,0,0,1,0
39,390229,0,1,5,43,1,9,0,0,910,0,3,7,3,7,8,7,8,8,8,8,910,0,39,1,1,0,1,1,1,1,117,0,24,4,2017,2,3,16,1,1,1,1,1,I-71,NA,118,40.48626667,-82.73358889,0,8,0,0,1,1,0,1,2,1,0,1,0,0,3,12,3,30,88,88,0,0,0,1,0
39,390238,0,1,5,58,1,1,0,0,150,0,3,7,2,7,8,7,8,8,8,8,100,0,39,1,1,0,1,1,1,1,95,8120,3,4,2017,2,20,38,0,1,7,4,6,CANAL AVE,NA,0,41.63459167,-83.56036667,0,8,0,0,1,1,0,1,3,2,0,2,0,0,20,41,20,45,88,88,0,0,0,1,0
39,390260,0,1,5,83,1,0,0,0,680,0,3,7,3,7,8,7,8,8,8,8,990,0,39,1,1,0,1,1,1,1,7,382,27,4,2017,5,20,52,0,1,5,1,3,SR-307,NA,102,41.76317778,-80.817025,0,8,0,0,1,1,0,1,2,1,0,1,0,0,20,59,21,2,21,58,0,0,0,1,0
39,390269,0,1,5,49,2,0,1,0,741,0,3,7,3,7,8,7,8,8,8,8,740,0,39,1,1,0,1,1,1,1,113,0,15,4,2017,7,22,57,0,2,4,2,4,CR-78 ALEX BELL RD,NA,0,39.67289167,-84.21869444,0,8,0,0,1,1,0,1,2,1,0,1,0,0,23,1,23,5,23,27,0,0,0,1,0
39,390271,0,1,5,56,1,1,0,0,770,0,1,7,2,7,1,7,3,1,2,11b,750,0,39,1,1,0,1,1,1,1,49,6890,22,4,2017,7,14,51,1,2,3,1,2,US-40,AIDA DR,237,39.95512222,-82.80827778,0,8,0,0,2,3,0,1,1,10,0,10,0,0,14,52,14,54,15,17,0,0,0,1,0
39,390274,0,1,5,31,1,0,0,0,680,0,3,7,3,7,8,7,8,8,8,8,990,0,39,1,1,0,1,1,1,1,49,1800,2,4,2017,1,2,30,0,2,4,2,4,CR-27 TRABUE RD,NA,0,39.98625556,-83.11132222,0,8,0,0,1,1,0,1,2,1,0,1,0,0,2,33,2,37,88,88,0,0,0,1,0
39,390283,0,1,5,76,1,0,0,0,741,0,3,7,3,7,8,7,8,8,8,8,740,0,39,1,1,0,1,1,1,1,151,0,27,4,2017,5,21,16,0,2,3,2,4,CR-219 WHIPPLE AVE,NA,0,40.8136,-81.42536111,0,8,0,0,1,1,0,1,2,1,0,1,0,0,21,20,21,24,21,38,0,0,0,1,0
39,390288,0,1,5,52,1,1,1,0,690,0,1,7,9,7,9,7,9,8,8,99,990,0,39,1,1,0,1,1,1,1,49,1800,10,5,2017,4,20,55,0,2,3,4,6,MORSE RD,SANDY LANE RD,0,40.06131944,-82.99251111,0,8,0,0,2,2,0,1,5,1,0,1,0,0,20,57,20,59,88,88,0,0,0,1,0
39,390292,0,1,5,37,1,0,0,0,741,0,3,7,3,7,8,7,8,8,8,8,740,0,39,1,1,0,1,1,1,1,89,0,27,4,2017,5,1,30,0,1,5,1,2,US-40 NATIONAL RD,NA,71,39.95793333,-82.64631389,0,8,0,0,1,1,0,1,2,10,0,10,0,0,1,31,1,38,88,88,0,0,0,1,0
39,390305,0,1,5,65,1,0,0,0,313,0,3,7,3,7,8,7,8,8,8,8,600,0,39,1,1,0,1,1,1,1,91,610,13,5,2017,7,2,48,0,2,7,4,6,JAY AVE,NA,0,40.36873333,-83.76745833,0,8,0,0,1,1,0,1,2,99,0,99,0,0,2,50,2,54,3,17,0,0,0,1,0
39,390306,0,1,5,52,2,0,1,0,741,0,2,7,3,7,1,7,2,3,2,4b,740,0,39,1,1,0,1,1,1,1,35,1680,16,4,2017,1,21,45,0,2,4,2,4,CR-9 ST CLAIR AVE,102ND ST,0,41.53756667,-81.618225,0,8,0,0,3,2,0,1,3,10,0,10,0,0,21,46,21,53,22,10,0,0,0,1,0