STATE.x,ST_CASE,VEH_NO,PER_NO,PBPTYPE,PBAGE,PBSEX,PBCWALK,PBSWALK,PBSZONE,PEDCTYPE,BIKECTYPE,PEDLOC,BIKELOC,PEDPOS,BIKEPOS,PEDDIR,BIKEDIR,MOTDIR,MOTMAN,PEDLEG,PEDSNR,PEDCGP,BIKECGP,STATE.y,VE_TOTAL,VE_FORMS,PVH_INVL,PEDS,PERNOTMVIT,PERMVIT,PERSONS,COUNTY,CITY,DAY,MONTH,YEAR,DAY_WEEK,HOUR,MINUTE,NHS,RUR_URB,FUNC_SYS,RD_OWNER,ROUTE,TWAY_ID,TWAY_ID2,MILEPT,LATITUDE,LONGITUD,SP_JUR,HARM_EV,MAN_COLL,RELJCT1,RELJCT2,TYP_INT,WRK_ZONE,REL_ROAD,LGT_COND,WEATHER1,WEATHER2,WEATHER,SCH_BUS,RAIL,NOT_HOUR,NOT_MIN,ARR_HOUR,ARR_MIN,HOSP_HR,HOSP_MN,CF1,CF2,CF3,FATALS,DRUNK_DR
39,390316,0,1,5,57,1,0,1,0,760,0,3,7,3,7,8,7,8,8,8,8,750,0,39,1,1,0,1,1,1,1,35,2520,5,5,2017,6,21,41,0,2,4,1,3,SR-283,NA,107,41.61599167,-81.51471111,0,8,0,0,1,1,0,1,3,2,0,2,0,0,21,43,21,47,22,17,0,0,0,1,0
39,390317,0,1,5,51,2,1,1,0,770,0,1,7,2,7,4,7,2,1,2,11b,750,0,39,1,1,0,1,1,1,1,61,0,15,5,2017,2,13,18,0,2,4,2,6,WINTON RD,CLOVERVIEW AVE,0,39.22070278,-84.51776667,0,8,0,0,2,2,0,1,1,1,0,1,0,0,13,17,13,20,88,88,0,0,0,1,0
39,390321,0,1,5,49,1,0,0,0,760,0,3,7,3,7,8,7,8,8,8,8,750,0,39,1,1,0,1,1,4,4,67,0,1,3,2017,4,20,45,0,1,4,1,3,SR-151,NA,145,40.36923056,-81.03209444,0,8,0,0,1,1,0,1,2,1,0,1,0,0,20,51,21,10,88,88,0,0,0,1,0
39,390341,0,1,5,61,2,1,1,0,760,0,3,7,3,7,8,7,8,8,8,8,750,0,39,1,1,0,1,1,1,1,109,6550,28,5,2017,1,22,31,0,2,5,1,3,SR-66 RIVERSIDE DR,NA,2,40.153425,-84.24013333,0,8,0,0,1,1,0,1,3,2,0,2,0,0,88,88,88,88,88,88,0,0,0,1,1
39,390345,0,1,5,37,1,0,1,0,459,0,3,7,3,7,8,7,8,8,8,8,400,0,39,1,1,0,1,1,1,1,35,2840,9,4,2017,1,1,31,1,2,3,2,4,CR-121 ALEXANDER RD,NA,0,41.42441111,-81.61917778,0,8,0,0,1,1,0,1,3,1,0,1,0,0,1,32,1,38,2,5,0,0,0,1,0
39,390355,0,1,5,29,2,0,0,0,410,0,3,7,3,7,8,7,8,8,8,8,400,0,39,1,1,0,1,1,1,1,101,0,26,5,2017,6,23,50,0,1,5,1,3,SR-47 WALDO DELAWARE RD,NA,84,40.43676111,-83.07493611,0,8,0,0,1,1,0,1,2,2,0,2,0,0,23,55,0,8,88,88,18,19,0,1,0
39,390395,0,1,5,54,1,0,1,0,741,0,2,7,3,7,3,7,4,3,2,4b,740,0,39,1,1,0,1,1,1,1,151,1320,25,3,2017,7,21,53,1,2,3,1,3,SR-172 TUSCARAWAS ST,AULTMAN AVE,122,40.79719722,-81.41932222,0,8,0,0,3,3,0,1,3,10,0,10,0,0,21,53,22,0,88,88,0,0,0,1,1
39,390420,0,1,5,83,1,0,0,0,680,0,3,7,3,7,8,7,8,8,8,8,990,0,39,1,1,0,1,1,1,1,17,0,19,6,2017,2,5,16,1,2,3,1,3,SR-4 HAMILTON MIDDLETOWN RD,NA,97,39.40599167,-84.51926111,0,8,0,0,1,1,0,1,4,2,0,2,0,0,5,18,5,23,88,88,0,0,0,1,0
39,390428,0,1,5,18,1,0,1,0,610,0,2,7,3,7,4,7,1,3,2,4b,600,0,39,1,1,0,1,1,1,1,113,2090,1,7,2017,7,0,48,1,2,3,1,3,SR-48 MAIN ST,SHADYSIDE DR,152,39.7883,-84.2127,0,8,0,0,3,2,0,1,3,2,0,2,0,0,0,49,0,53,88,88,0,0,0,1,0
39,390449,0,1,5,51,1,0,0,0,140,0,3,7,3,7,8,7,8,8,8,8,100,0,39,3,2,1,1,1,3,3,97,0,1,7,2017,7,11,57,0,1,5,1,3,SR-56,NA,4,39.96086111,-83.508925,0,14,0,0,1,1,0,1,1,10,0,10,0,0,11,55,12,7,12,37,0,0,0,1,0
39,390479,0,1,5,63,1,0,1,0,741,0,2,7,3,7,2,7,3,3,1,2b,740,0,39,1,1,0,2,2,1,1,35,1680,29,5,2017,2,1,0,0,2,4,2,4,CR-398 93RD ST,BENHAM AVE,0,41.46188333,-81.62148333,0,8,0,0,3,3,0,1,3,2,0,2,0,0,1,0,1,0,88,88,0,0,0,2,0
39,390479,0,2,5,55,2,0,1,0,741,0,2,7,3,7,2,7,3,3,1,2b,740,0,39,1,1,0,2,2,1,1,35,1680,29,5,2017,2,1,0,0,2,4,2,4,CR-398 93RD ST,BENHAM AVE,0,41.46188333,-81.62148333,0,8,0,0,3,3,0,1,3,2,0,2,0,0,1,0,1,0,88,88,0,0,0,2,0
39,390481,0,1,5,3,2,0,1,0,742,0,3,7,3,7,8,7,8,8,8,8,740,0,39,1,1,0,1,1,2,2,35,1680,17,6,2017,7,21,35,0,6,96,96,9,LOOP DR,NA,0,41.49364444,-81.71139722,0,8,0,0,1,1,0,1,3,1,0,1,0,0,21,38,21,44,21,54,0,0,0,1,0
39,390485,0,1,8,2,1,0,1,0,250,0,3,7,5,7,8,7,8,8,8,8,100,0,39,1,1,0,1,1,1,1,35,530,30,6,2017,6,12,3,1,2,3,2,4,CR-23 CEDAR RD,NA,0,41.50130556,-81.50993056,0,15,0,0,8,1,0,1,1,1,0,1,0,0,12,4,12,7,12,24,0,0,0,1,0
39,390503,0,1,5,61,2,0,0,0,890,0,4,7,8,7,8,7,8,8,8,8,800,0,39,3,2,1,1,1,2,2,117,0,12,7,2017,4,18,1,0,1,4,1,2,US-42,SR-19,0,40.57954167,-82.73021944,0,12,6,0,2,2,0,1,1,1,0,1,0,0,18,5,18,13,19,3,15,0,0,1,0
39,390504,0,1,5,27,1,1,1,0,770,0,3,7,2,7,8,7,8,8,8,8,750,0,39,1,1,0,1,1,1,1,49,3500,14,7,2017,6,16,34,1,2,3,2,4,CR-3 MAIN ST,NA,0,40.02437222,-83.16052778,0,8,0,0,1,1,0,1,1,1,0,1,0,0,16,34,16,38,16,57,0,0,0,1,0
39,390508,0,1,5,37,1,0,0,0,760,0,2,7,3,7,3,7,2,3,1,2a,750,0,39,1,1,0,1,1,1,1,153,70,10,5,2017,4,4,52,1,2,3,1,3,SR-241 TRIPLETT BLVD,LANSING RD,96,41.043325,-81.45503056,0,8,0,0,3,3,0,1,2,1,0,1,0,0,4,46,4,53,5,14,0,0,0,1,0
39,390520,0,1,5,63,1,0,0,0,230,0,3,7,4,7,8,7,8,8,8,8,100,0,39,2,1,1,1,1,1,1,7,0,22,7,2017,7,7,0,0,1,4,1,3,SR-7 CENTER RD,NA,0,41.80373611,-80.57216944,0,14,0,0,1,1,0,2,1,10,0,10,0,0,7,6,7,16,8,2,23,0,0,1,0
39,390541,0,1,5,68,2,0,0,0,520,0,3,7,9,7,8,7,8,8,8,8,500,0,39,1,1,0,1,1,1,1,49,8730,31,7,2017,2,8,40,0,2,7,4,6,PARK MEADOW RD,NA,0,40.10673333,-82.93699444,0,33,0,0,1,1,0,4,1,1,0,1,0,0,88,88,88,88,88,88,0,0,0,1,0
39,390544,0,1,5,53,1,0,1,0,680,0,3,7,3,7,8,7,8,8,8,8,990,0,39,1,1,0,1,1,1,1,61,1610,26,5,2017,6,22,24,1,2,3,1,2,US-42 READING RD,NA,53,39.15296944,-84.48396389,0,8,0,0,1,1,0,1,3,10,0,10,0,0,22,25,22,25,88,88,0,0,0,1,0
39,390550,0,1,5,49,2,0,1,0,741,0,3,7,3,7,8,7,8,8,8,8,740,0,39,1,1,0,1,1,1,1,49,1800,15,7,2017,7,22,38,1,2,3,1,2,US-40 BROAD ST,SYLVAN AVE,79,39.95433333,-83.08713056,0,8,0,0,1,1,0,1,3,1,0,1,0,0,22,40,22,45,88,88,0,0,0,1,0
39,390562,0,1,5,55,2,0,0,0,220,0,3,7,3,7,8,7,8,8,8,8,100,0,39,1,1,0,1,1,0,0,49,0,2,7,2017,1,21,51,0,2,7,3,5,TR-375 DELLEN ST,NA,0,39.82826667,-82.85972778,0,8,0,0,1,1,0,1,2,10,0,10,0,0,21,54,22,0,88,88,0,0,0,1,0
39,390564,0,1,5,60,1,0,1,0,220,0,3,7,9,7,8,7,8,8,8,8,100,0,39,1,1,0,1,1,0,0,95,8120,23,7,2017,1,16,50,0,1,7,4,6,OAK GROVE PL,NA,0,41.70077778,-83.60270278,0,8,0,0,1,1,0,4,1,2,0,2,0,0,16,54,17,6,17,19,0,0,0,1,0
39,390568,0,1,8,75,1,1,1,0,770,0,1,7,2,7,1,7,2,3,2,3b,750,0,39,1,1,0,1,1,1,1,49,1800,28,4,2017,6,11,0,1,2,3,1,2,US-40 W BROAD ST,STEVENS AVE,104,39.95733056,-83.04103889,0,15,0,0,2,2,0,1,1,1,0,1,0,0,11,2,11,6,11,25,0,0,0,1,0
39,390572,0,1,5,68,2,1,1,0,760,0,1,7,2,7,2,7,4,1,2,11b,750,0,39,1,1,0,1,1,1,1,113,3622,10,7,2017,2,21,32,0,2,4,1,3,SR-201,NEBRASKA AVE,53,39.83051944,-84.12191111,0,8,0,0,2,2,0,1,3,1,0,1,0,0,21,30,21,36,21,55,0,0,0,1,1
39,390583,0,1,5,27,2,0,0,0,459,0,3,7,3,7,8,7,8,8,8,8,400,0,39,1,1,0,1,1,1,1,95,0,7,8,2017,2,22,49,1,1,3,1,3,SR-2,NA,330,41.63153056,-83.259775,0,8,0,0,1,1,0,1,2,1,0,1,0,0,22,46,22,58,88,88,0,0,0,1,0
39,390589,0,1,5,20,1,0,0,0,690,0,1,7,1,7,9,7,2,3,1,2d,990,0,39,1,1,0,1,1,1,1,101,0,10,8,2017,5,4,40,0,1,5,1,3,SR-95,SR-203,98,40.58608333,-83.21741667,0,8,0,0,2,2,0,1,2,5,0,5,0,0,5,30,5,30,88,88,0,0,0,1,0
39,390590,0,1,5,43,1,0,0,0,440,0,3,7,3,7,8,7,8,8,8,8,400,0,39,1,1,0,1,1,2,2,91,0,14,8,2017,2,0,24,0,2,5,1,3,SR-235,NA,209,40.51859444,-83.90561944,0,8,0,0,1,1,0,1,2,1,0,1,0,0,0,23,0,29,88,88,0,0,0,1,0
39,390598,0,1,5,41,2,0,0,0,230,0,3,7,3,7,8,7,8,8,8,8,100,0,39,2,1,1,1,1,1,1,23,7800,16,8,2017,4,20,15,0,1,7,1,6,E NATIONAL RD,NA,0,39.92333889,-83.71210278,0,14,0,0,1,1,0,2,5,1,0,1,0,0,20,15,20,25,88,88,23,0,0,1,0
39,390617,0,1,5,65,1,0,0,0,230,0,3,7,4,7,8,7,8,8,8,8,100,0,39,2,1,1,1,1,1,1,99,0,20,8,2017,1,16,37,0,1,5,2,4,CR-18 MAHONING AVE,NA,0,41.09734167,-80.81188611,0,8,0,0,1,1,0,4,1,10,0,10,0,0,16,39,16,44,88,88,23,0,0,1,0
39,390621,0,1,5,65,1,0,0,0,230,0,3,7,3,7,8,7,8,8,8,8,100,0,39,1,1,0,1,1,1,1,59,0,17,8,2017,5,12,43,1,1,1,1,1,I-70,NA,157,40.02108889,-81.47449444,0,8,0,0,1,1,0,1,1,10,0,10,0,0,12,45,12,54,88,88,19,0,0,1,0
39,390626,0,1,5,28,1,0,0,0,230,0,3,7,4,7,8,7,8,8,8,8,100,0,39,2,1,1,2,2,1,1,5,0,22,8,2017,3,16,25,1,1,1,1,1,I-71,NA,10,40.81665556,-82.35058611,0,14,0,0,1,1,0,4,1,1,0,1,0,0,16,25,16,32,88,88,23,0,0,2,0
39,390626,0,2,5,44,1,0,0,0,230,0,3,7,4,7,8,7,8,8,8,8,100,0,39,2,1,1,2,2,1,1,5,0,22,8,2017,3,16,25,1,1,1,1,1,I-71,NA,10,40.81665556,-82.35058611,0,14,0,0,1,1,0,4,1,1,0,1,0,0,16,25,16,32,88,88,23,0,0,2,0
39,390633,0,1,5,14,2,0,0,0,410,0,3,7,4,7,8,7,8,8,8,8,400,0,39,1,1,0,3,3,2,2,153,0,28,5,2017,1,16,43,0,2,4,2,4,CR-50 MAIN ST,NA,0,41.00408333,-81.52378889,0,8,0,0,1,1,0,4,1,10,0,10,0,0,16,44,16,47,17,2,0,0,0,2,0
39,390633,0,2,5,14,2,0,0,0,410,0,3,7,4,7,8,7,8,8,8,8,400,0,39,1,1,0,3,3,2,2,153,0,28,5,2017,1,16,43,0,2,4,2,4,CR-50 MAIN ST,NA,0,41.00408333,-81.52378889,0,8,0,0,1,1,0,4,1,10,0,10,0,0,16,44,16,47,17,2,0,0,0,2,0
39,390633,0,3,5,15,1,0,0,0,410,0,3,7,4,7,8,7,8,8,8,8,400,0,39,1,1,0,3,3,2,2,153,0,28,5,2017,1,16,43,0,2,4,2,4,CR-50 MAIN ST,NA,0,41.00408333,-81.52378889,0,8,0,0,1,1,0,4,1,10,0,10,0,0,16,44,16,47,17,2,0,0,0,2,0
39,390658,0,1,5,3,2,0,1,0,742,0,2,7,3,7,4,7,3,3,2,4a,740,0,39,1,1,0,1,1,1,1,95,8120,5,8,2017,7,16,18,9,6,96,96,5,HAVRE ST,BADEN ST,0,41.63379167,-83.56061389,9,8,0,0,3,3,0,1,1,10,0,10,0,0,16,20,16,25,16,43,0,0,0,1,0
39,390659,0,1,5,15,2,0,0,0,760,0,3,7,3,7,8,7,8,8,8,8,750,0,39,1,1,0,1,1,2,2,35,1690,17,8,2017,5,22,49,0,2,5,2,4,CR-345 EUCLID HTS BLVD,OVERLOOK RD,0,41.50643889,-81.58747778,0,8,0,0,3,2,0,1,3,1,0,1,0,0,22,52,22,55,23,32,0,0,0,1,0
39,390670,0,1,5,32,2,0,0,0,230,0,3,7,4,7,8,7,8,8,8,8,100,0,39,2,1,1,1,1,1,1,89,0,11,8,2017,6,12,55,0,1,5,1,3,SR-661 NORTH ST,NA,72,40.15720833,-82.52003333,0,14,0,0,1,1,2,4,1,10,0,10,0,0,12,59,13,7,14,28,14,19,0,1,0
39,390676,0,1,5,1,2,0,0,0,760,0,3,7,3,7,8,7,8,8,8,8,750,0,39,1,1,0,1,1,1,1,133,6830,14,6,2017,4,11,4,0,2,5,4,6,S DIAMOND ST,NA,0,41.14121667,-81.25695833,0,8,0,0,1,1,0,1,1,1,0,1,0,0,11,5,11,9,11,26,0,0,0,1,0
39,390684,0,1,5,24,1,0,0,0,760,0,3,7,3,7,8,7,8,8,8,8,750,0,39,1,1,0,1,1,2,2,59,0,5,9,2017,3,17,43,0,1,5,1,3,SR-821,NA,2,39.90055556,-81.55166667,0,8,0,0,1,1,0,1,1,10,0,10,0,0,17,46,17,59,88,88,0,0,0,1,0
39,390701,0,1,5,43,1,0,1,0,741,0,3,7,3,7,8,7,8,8,8,8,740,0,39,1,1,0,1,1,1,1,49,0,11,9,2017,2,20,44,0,2,3,2,4,CR-75 CLEVELAND AVE,NA,0,40.03531389,-82.96338889,0,8,0,0,1,1,0,1,3,10,0,10,0,0,20,47,20,50,21,5,0,0,0,1,0
39,390705,0,1,5,38,2,0,0,0,760,0,3,7,3,7,8,7,8,8,8,8,750,0,39,1,1,0,1,1,1,1,25,0,3,9,2017,1,22,44,0,2,4,2,4,CR-75 WARDS CORNER RD,NA,0,39.22733056,-84.27784722,0,8,0,0,1,1,0,1,2,1,0,1,0,0,22,51,23,6,23,31,0,0,0,1,0
39,390712,0,1,5,38,2,0,1,0,140,0,2,7,5,7,9,7,2,3,2,4d,100,0,39,2,2,0,1,1,2,2,35,1680,22,8,2017,3,23,2,0,2,5,4,6,FLEET AVE,E 71ST ST,0,41.45623056,-81.63939722,0,12,7,0,3,2,0,1,3,10,0,10,0,0,23,7,23,9,23,24,0,0,0,1,0
39,390716,0,1,5,57,2,0,0,0,760,0,2,7,3,7,2,7,3,3,1,2b,750,0,39,1,1,0,1,1,2,2,49,1800,18,9,2017,2,22,46,0,2,3,1,6,CLEVELAND AVE,E MAYNARD AVE,0,40.00888889,-82.97033056,0,8,0,0,3,3,0,1,3,1,0,1,0,0,22,49,22,53,88,88,0,0,0,1,0
39,390718,0,1,5,23,1,0,0,0,410,0,3,7,3,7,8,7,8,8,8,8,400,0,39,1,1,0,1,1,1,1,61,2652,13,9,2017,4,20,52,1,2,3,1,2,US-127 HAMILTON AVE,NA,150,39.29118056,-84.564175,0,8,0,0,1,1,0,1,2,2,0,2,0,0,20,52,20,55,21,10,0,0,0,1,0
39,390722,0,1,5,61,1,0,1,0,741,0,3,7,3,7,8,7,8,8,8,8,740,0,39,1,1,0,1,1,1,1,113,2090,15,9,2017,6,23,43,0,2,5,3,5,TR-1246 RIDGE AVE,NA,0,39.78048611,-84.206541669999993,0,8,0,0,1,1,0,1,3,1,0,1,0,0,23,49,23,50,0,59,0,0,0,1,0
39,390723,0,1,5,58,2,1,1,0,781,0,1,7,2,7,1,7,1,1,2,11a,790,0,39,1,1,0,1,1,1,1,103,4890,12,7,2017,4,14,40,0,2,4,1,3,SR-42 LAFAYETTE RD,SR-3 COURT ST,167,41.1343,-81.864,0,8,0,0,3,2,0,1,1,1,0,1,0,0,14,43,14,47,15,10,0,0,0,1,0
39,390750,0,1,5,25,1,0,0,0,410,0,3,7,3,7,8,7,8,8,8,8,400,0,39,1,1,0,1,1,5,5,79,0,23,9,2017,7,22,16,1,1,3,1,2,US-35,NA,246,38.92825833,-82.46672778,0,8,0,0,1,1,0,1,2,1,0,1,0,0,22,18,22,30,23,20,0,0,0,1,0
39,390764,0,1,5,29,1,0,1,0,760,0,2,7,3,7,4,7,1,3,1,2b,750,0,39,1,1,0,1,1,2,2,113,8180,25,9,2017,2,0,11,0,2,4,2,4,CR-26 SHILOH SPRINGS RD,BIDDISON AVE,0,39.81943889,-84.265575,0,8,0,0,3,3,0,1,2,1,0,1,0,0,0,11,0,16,0,39,0,0,0,1,0
39,390770,0,1,5,59,1,0,0,0,311,0,3,7,3,7,8,7,8,8,8,8,310,0,39,1,1,0,1,1,1,1,49,1800,30,9,2017,7,1,36,1,2,1,1,1,I-70,NA,59,39.9768,-83.13598056,0,18,0,0,1,1,4,1,3,1,0,1,0,0,1,46,1,53,2,11,3,0,0,1,1
39,390773,0,1,5,25,2,0,0,0,795,0,1,7,2,7,4,7,3,2,1,5a,790,0,39,1,1,0,4,4,1,1,35,1020,14,8,2017,2,17,7,0,2,5,2,4,CR-26 TAYLOR AVE,SR-82 E ROYALTON RD,0,41.31391111,-81.65956111,0,8,0,0,3,2,0,1,1,10,0,10,0,0,17,8,17,11,17,16,0,0,0,1,0
39,390773,0,2,5,3,2,0,0,0,795,0,1,7,2,7,4,7,3,2,1,5a,790,0,39,1,1,0,4,4,1,1,35,1020,14,8,2017,2,17,7,0,2,5,2,4,CR-26 TAYLOR AVE,SR-82 E ROYALTON RD,0,41.31391111,-81.65956111,0,8,0,0,3,2,0,1,1,10,0,10,0,0,17,8,17,11,17,16,0,0,0,1,0
39,390773,0,3,5,1,2,0,0,0,795,0,1,7,2,7,4,7,3,2,1,5a,790,0,39,1,1,0,4,4,1,1,35,1020,14,8,2017,2,17,7,0,2,5,2,4,CR-26 TAYLOR AVE,SR-82 E ROYALTON RD,0,41.31391111,-81.65956111,0,8,0,0,3,2,0,1,1,10,0,10,0,0,17,8,17,11,17,16,0,0,0,1,0
39,390773,0,4,5,4,2,0,0,0,795,0,1,7,2,7,4,7,3,2,1,5a,790,0,39,1,1,0,4,4,1,1,35,1020,14,8,2017,2,17,7,0,2,5,2,4,CR-26 TAYLOR AVE,SR-82 E ROYALTON RD,0,41.31391111,-81.65956111,0,8,0,0,3,2,0,1,1,10,0,10,0,0,17,8,17,11,17,16,0,0,0,1,0
39,390786,0,1,5,57,1,0,1,0,741,0,3,7,3,7,8,7,8,8,8,8,740,0,39,1,1,0,1,1,1,1,153,70,16,5,2017,3,15,52,0,2,7,2,4,CR-55 EASTER AVE,NA,0,41.07493611,-81.55063611,0,8,0,0,1,1,0,1,1,1,0,1,0,0,16,2,16,10,16,24,16,0,0,1,1
39,390807,0,1,5,29,1,0,1,0,760,0,2,7,3,7,2,7,3,3,2,4b,750,0,39,1,1,0,1,1,2,2,113,2090,13,10,2017,6,6,0,0,2,3,4,6,N KEOWEE ST,E FIRST ST,0,39.76445278,-84.17728333,0,8,0,0,3,2,0,1,3,1,0,1,0,0,6,0,6,5,6,27,0,0,0,1,0
39,390808,0,1,5,66,1,0,0,0,710,0,3,7,3,7,8,7,8,8,8,8,720,0,39,2,2,0,1,1,3,3,113,1670,27,9,2017,4,20,39,1,2,3,1,3,SR-48,NA,204,39.84950833,-84.26867778,0,8,0,0,1,1,0,1,2,1,0,1,0,0,20,35,20,41,20,54,0,0,0,1,0
39,390809,0,1,5,37,2,0,0,0,741,0,3,7,3,7,8,7,8,8,8,8,740,0,39,1,1,0,1,1,1,1,31,1920,1,10,2017,1,20,14,1,2,3,1,3,SR-16,WHITEWOMAN ST,91,40.27014167,-81.87639444,0,8,0,0,1,1,0,1,2,1,0,1,0,0,20,18,20,18,88,88,0,0,0,1,0
39,390810,0,1,5,83,1,0,0,0,741,0,1,7,1,7,2,7,3,3,2,4b,740,0,39,1,1,0,1,1,1,1,13,0,3,10,2017,3,16,0,0,1,5,2,4,CR-26 TWENTY SIX RD,TR-192 EVERETT TURNER DORY MIL,0,39.96955,-81.08358611,0,8,0,0,2,2,0,1,1,1,0,1,0,0,16,4,16,9,88,88,0,0,0,1,0
39,390811,0,1,5,28,2,0,9,0,610,0,2,7,3,7,9,7,1,3,1,2c,600,0,39,1,1,0,1,1,1,1,49,1800,7,10,2017,7,4,14,0,2,4,2,4,CR-177 JAMES RD,DALE AVE,0,39.96393889,-82.91415,0,8,0,0,3,2,0,1,3,1,0,1,0,0,4,16,4,19,4,33,0,0,0,1,0
39,390841,0,1,5,1,1,0,0,0,890,0,4,7,7,7,8,7,8,8,8,8,800,0,39,1,1,0,2,2,1,1,35,1680,25,9,2017,2,12,6,0,2,4,4,6,GREEN RD,NA,0,41.55504444,-81.54645,0,8,0,0,1,1,0,5,1,1,0,1,0,0,12,16,12,21,12,43,0,0,0,1,0
39,390841,0,2,5,19,2,0,0,0,890,0,4,7,7,7,8,7,8,8,8,8,800,0,39,1,1,0,2,2,1,1,35,1680,25,9,2017,2,12,6,0,2,4,4,6,GREEN RD,NA,0,41.55504444,-81.54645,0,8,0,0,1,1,0,5,1,1,0,1,0,0,12,16,12,21,12,43,0,0,0,1,0
39,390862,0,1,5,48,1,1,1,0,741,0,3,7,2,7,8,7,8,8,8,8,740,0,39,1,1,0,2,2,1,1,93,2480,6,10,2017,6,20,16,0,2,5,2,4,CR-35 RIVER ST,NA,0,41.36624444,-82.09837222,0,8,0,0,1,1,0,1,3,1,0,1,0,0,20,16,20,16,20,16,0,0,0,1,0
39,390862,0,2,5,44,2,1,1,0,741,0,3,7,2,7,8,7,8,8,8,8,740,0,39,1,1,0,2,2,1,1,93,2480,6,10,2017,6,20,16,0,2,5,2,4,CR-35 RIVER ST,NA,0,41.36624444,-82.09837222,0,8,0,0,1,1,0,1,3,1,0,1,0,0,20,16,20,16,20,16,0,0,0,1,0
39,390877,0,1,5,51,1,0,1,0,741,0,3,7,3,7,8,7,8,8,8,8,740,0,39,1,1,0,1,1,1,1,151,1320,10,10,2017,3,13,38,0,2,3,2,4,CR-240 13TH ST,NA,0,40.81194444,-81.40844167,0,8,0,0,1,1,0,1,1,10,0,10,0,0,13,38,13,46,13,55,0,0,0,1,0
39,390880,0,1,5,31,1,0,0,0,741,0,3,7,3,7,8,7,8,8,8,8,740,0,39,1,1,0,1,1,1,1,61,0,23,10,2017,2,19,53,1,2,3,2,4,CR-457 HARRISON AVE,NA,0,39.19693889,-84.66688611,0,8,0,0,1,1,0,1,2,2,0,2,0,0,19,53,19,56,20,19,0,0,0,1,0
39,390884,0,1,5,52,1,0,0,0,459,0,3,7,3,7,8,7,8,8,8,8,400,0,39,2,2,0,1,1,3,3,85,6320,25,10,2017,4,20,40,1,2,3,1,2,US-20,NA,209,41.75925278,-81.19140278,0,8,0,0,1,1,0,1,3,2,0,2,0,0,20,41,20,48,88,88,0,0,0,1,0
39,390892,0,1,5,42,1,0,0,0,741,0,3,7,3,7,8,7,8,8,8,8,740,0,39,1,1,0,1,1,1,1,29,0,26,10,2017,5,4,20,0,1,4,1,3,SR-45,NA,211,40.85298056,-80.82527222,0,8,0,0,1,1,0,1,2,5,0,5,0,0,4,20,4,30,88,88,0,0,0,1,0
39,390900,0,1,5,80,2,0,0,0,741,0,3,7,3,7,8,7,8,8,8,8,740,0,39,1,1,0,1,1,2,2,153,3630,28,10,2017,7,6,55,0,2,4,3,5,TR-120 NORTON RD,NA,0,41.20295833,-81.43786667,0,8,0,0,1,1,0,1,2,2,0,2,0,0,6,57,7,2,7,28,0,0,0,1,0
39,390906,0,1,5,48,1,0,0,0,760,0,3,7,3,7,8,7,8,8,8,8,750,0,39,2,2,0,1,1,3,3,17,0,3,11,2017,6,23,12,0,2,5,1,6,OXFORD STATE RD,NA,0,39.48149722,-84.42719167,0,8,0,0,1,1,0,1,2,1,0,1,0,0,88,88,88,88,88,88,0,0,0,1,0
39,390911,0,1,5,59,1,0,0,0,760,0,3,7,3,7,8,7,8,8,8,8,750,0,39,1,1,0,1,1,2,2,7,0,4,11,2017,7,19,19,0,1,5,1,3,SR-166,NA,12,41.66174444,-80.97978611,0,8,0,0,1,1,0,1,2,10,0,10,0,0,19,18,19,31,20,10,0,0,0,1,0
39,390916,0,1,5,78,1,0,0,0,680,0,3,7,3,7,8,7,8,8,8,8,990,0,39,1,1,0,1,1,1,1,53,1538,6,11,2017,2,6,36,1,2,3,1,3,SR-7,NA,341,38.94230833,-82.11213056,0,8,0,0,1,1,0,1,3,10,0,10,0,0,88,88,88,88,88,88,0,0,0,1,0
39,390922,0,1,5,15,2,1,0,0,690,0,1,7,2,7,9,7,4,3,2,3c,990,0,39,1,1,0,2,2,1,1,165,2710,3,7,2017,2,23,58,1,2,3,1,3,SR-73,DEARDOFF RD,32,39.56386667,-84.28162222,0,8,0,0,2,3,0,1,3,1,0,1,0,0,0,2,0,9,0,25,0,0,0,1,0
39,390922,0,2,5,15,2,1,0,0,690,0,1,7,2,7,9,7,4,3,2,3c,990,0,39,1,1,0,2,2,1,1,165,2710,3,7,2017,2,23,58,1,2,3,1,3,SR-73,DEARDOFF RD,32,39.56386667,-84.28162222,0,8,0,0,2,3,0,1,3,1,0,1,0,0,0,2,0,9,0,25,0,0,0,1,0
39,390923,0,1,5,18,1,0,1,0,680,0,3,7,3,7,8,7,8,8,8,8,990,0,39,2,2,0,1,1,2,2,85,6320,6,11,2017,2,23,23,0,2,4,1,2,US-20 E ERIE ST,NA,160,41.72604722,-81.24565833,0,8,0,0,1,1,0,1,3,10,0,10,0,0,23,23,23,25,23,41,0,0,0,1,0
39,390925,0,1,5,18,2,0,1,0,760,0,3,7,3,7,8,7,8,8,8,8,750,0,39,1,1,0,2,2,1,1,17,3260,9,11,2017,5,19,48,1,2,3,1,2,US-127,NA,60,39.39438056,-84.55946667,0,8,0,0,1,1,0,1,3,1,0,1,0,0,19,48,20,1,20,15,0,0,0,1,0
39,390925,0,2,5,15,2,0,1,0,760,0,3,7,3,7,8,7,8,8,8,8,750,0,39,1,1,0,2,2,1,1,17,3260,9,11,2017,5,19,48,1,2,3,1,2,US-127,NA,60,39.39438056,-84.55946667,0,8,0,0,1,1,0,1,3,1,0,1,0,0,19,48,20,1,20,15,0,0,0,1,0