STATE.x,ST_CASE,VEH_NO,PER_NO,PBPTYPE,PBAGE,PBSEX,PBCWALK,PBSWALK,PBSZONE,PEDCTYPE,BIKECTYPE,PEDLOC,BIKELOC,PEDPOS,BIKEPOS,PEDDIR,BIKEDIR,MOTDIR,MOTMAN,PEDLEG,PEDSNR,PEDCGP,BIKECGP,STATE.y,VE_TOTAL,VE_FORMS,PVH_INVL,PEDS,PERNOTMVIT,PERMVIT,PERSONS,COUNTY,CITY,DAY,MONTH,YEAR,DAY_WEEK,HOUR,MINUTE,NHS,RUR_URB,FUNC_SYS,RD_OWNER,ROUTE,TWAY_ID,TWAY_ID2,MILEPT,LATITUDE,LONGITUD,SP_JUR,HARM_EV,MAN_COLL,RELJCT1,RELJCT2,TYP_INT,WRK_ZONE,REL_ROAD,LGT_COND,WEATHER1,WEATHER2,WEATHER,SCH_BUS,RAIL,NOT_HOUR,NOT_MIN,ARR_HOUR,ARR_MIN,HOSP_HR,HOSP_MN,CF1,CF2,CF3,FATALS,DRUNK_DR
39,390933,0,1,5,67,1,0,0,0,230,0,3,7,3,7,8,7,8,8,8,8,100,0,39,2,1,1,1,2,3,4,13,0,4,11,2017,7,18,34,1,1,1,1,1,I-70,NA,5,40.05658056,-81.22061667,0,14,0,0,1,1,0,1,5,1,0,1,0,0,18,35,18,54,19,48,19,0,0,1,0
39,390934,0,1,5,74,2,0,1,0,760,0,3,7,3,7,8,7,8,8,8,8,750,0,39,1,1,0,1,1,1,1,153,8205,14,11,2017,3,17,32,0,2,5,4,6,RAVENNA RD,NA,0,41.33185278,-81.46668056,0,8,0,0,1,1,0,1,3,1,0,1,0,0,17,35,17,36,88,88,0,0,0,1,0
39,390935,0,1,5,61,1,0,0,0,190,0,3,7,3,7,8,7,8,8,8,8,100,0,39,2,2,0,1,1,2,2,15,0,25,10,2017,4,19,12,0,1,6,1,3,SR-286,NA,69,39.10758056,-83.89876667,0,18,0,0,1,1,0,1,2,10,0,10,0,0,19,27,19,27,20,41,19,0,0,1,0
39,390940,0,1,5,56,1,0,1,0,760,0,3,7,3,7,8,7,8,8,8,8,750,0,39,1,1,0,1,1,2,2,35,6000,20,11,2017,2,19,8,0,2,4,1,3,SR-17 BROOKPARK RD,NA,4,41.41899722,-81.907075,0,8,0,0,1,1,0,1,2,1,0,1,0,0,19,10,19,14,19,35,0,0,0,1,0
39,390945,0,1,5,47,1,0,0,0,760,0,3,7,3,7,8,7,8,8,8,8,750,0,39,1,1,0,1,1,1,1,49,1800,11,11,2017,7,23,5,0,2,5,4,6,LOCKBOURNE RD,NA,0,39.92614722,-82.96514167,0,8,0,0,1,1,0,1,3,1,0,1,0,0,23,6,23,10,23,33,0,0,0,1,1
39,390959,0,1,5,55,1,1,0,0,742,0,1,7,2,7,4,7,1,2,1,5b,740,0,39,1,1,0,1,1,1,1,165,2710,29,11,2017,4,6,40,0,2,5,4,6,OXFORD RD,PARK AVE,0,39.56335,-84.30559722,0,8,0,0,2,2,0,1,4,1,0,1,0,0,6,40,6,44,7,13,0,0,0,1,0
39,390963,0,1,5,9,2,0,1,0,760,0,3,7,3,7,8,7,8,8,8,8,750,0,39,1,1,0,1,1,1,1,35,2520,9,11,2017,5,6,55,0,2,5,4,6,BABBITT RD,NA,0,41.59802222,-81.51653056,0,8,0,0,1,1,0,1,4,1,0,1,0,0,6,56,7,2,7,19,0,0,0,1,0
39,390965,0,1,5,84,2,0,0,0,440,0,3,7,3,7,8,7,8,8,8,8,400,0,39,1,1,0,1,1,1,1,99,865,27,11,2017,2,7,0,1,2,3,1,3,SR-7,NA,72,41.00333333,-80.66277778,0,8,0,0,1,1,0,1,2,1,0,1,0,0,88,88,88,88,88,88,0,0,0,1,0
39,390967,0,1,5,29,1,0,0,0,160,0,3,7,3,7,8,7,8,8,8,8,100,0,39,1,1,0,1,1,2,2,31,0,17,11,2017,6,15,17,0,1,5,1,3,SR-79,NA,106,40.32,-82.07966111,0,8,0,0,1,1,0,1,1,1,0,1,0,0,15,29,15,36,16,14,16,0,0,1,0
39,390971,0,1,5,67,2,0,0,0,230,0,3,7,3,7,8,7,8,8,8,8,100,0,39,2,2,0,1,1,1,1,25,0,17,11,2017,6,20,44,1,2,1,1,1,I-275,NA,68,39.14478611,-84.26565,0,12,1,0,1,1,0,1,2,1,0,1,0,0,21,4,21,11,21,43,16,23,0,1,0
39,390983,0,1,5,18,1,0,0,0,410,0,3,7,3,7,8,7,8,8,8,8,400,0,39,1,1,0,1,1,1,1,165,0,23,11,2017,5,22,40,0,2,5,2,4,CR-46 LYTLE 5 POINTS RD,NA,0,39.56924722,-84.19448889,0,8,0,0,1,1,0,1,2,1,0,1,0,0,22,40,22,44,88,88,0,0,0,1,1
39,391000,0,1,5,54,1,0,1,0,760,0,3,7,3,7,8,7,8,8,8,8,750,0,39,1,1,0,1,1,1,1,35,1680,1,11,2017,4,23,8,0,2,4,2,4,CR-13 WOODLAND AVE,WOODHILL RD,0,41.48831944,-81.614675,0,8,0,0,3,2,0,1,3,2,0,2,0,0,23,13,23,22,23,33,0,0,0,1,0
39,391001,0,1,5,27,1,0,1,0,760,0,3,7,3,7,8,7,8,8,8,8,750,0,39,1,1,0,1,1,2,2,17,0,29,11,2017,4,18,34,0,2,5,1,3,SR-128,FLAMINGO DR,76,39.38262778,-84.57598889,0,8,0,0,1,1,0,1,3,1,0,1,0,0,18,34,18,39,88,88,0,0,0,1,0
39,391005,0,1,5,3,2,0,0,0,741,0,3,7,3,7,8,7,8,8,8,8,740,0,39,1,1,0,1,1,1,1,169,0,28,11,2017,3,17,33,0,1,7,3,5,TR-179 KANSAS RD,NA,0,40.77329722,-81.77515833,0,8,0,0,1,1,0,1,2,1,0,1,0,0,17,38,17,55,18,21,0,0,0,1,0
39,391007,0,1,5,26,1,0,0,0,680,0,3,7,3,7,8,7,8,8,8,8,990,0,39,3,3,0,1,1,4,4,77,3190,29,11,2017,4,19,31,1,1,3,1,2,US-224,NA,189,41.02943889,-82.49460833,0,8,0,0,1,1,0,1,2,1,0,1,0,0,88,88,88,88,88,88,0,0,0,1,0
39,391012,0,1,5,39,2,0,0,0,890,0,4,7,8,7,8,7,8,8,8,8,800,0,39,1,1,0,2,2,1,1,113,2090,29,11,2017,4,22,47,0,2,7,4,6,LILAC AVE,KAMMER AVE,0,39.75957222,-84.26816667,0,19,0,0,3,3,0,5,3,1,0,1,0,0,22,54,23,4,23,27,0,0,0,2,0
39,391012,0,2,5,7,1,0,0,0,890,0,4,7,8,7,8,7,8,8,8,8,800,0,39,1,1,0,2,2,1,1,113,2090,29,11,2017,4,22,47,0,2,7,4,6,LILAC AVE,KAMMER AVE,0,39.75957222,-84.26816667,0,19,0,0,3,3,0,5,3,1,0,1,0,0,22,54,23,4,23,27,0,0,0,2,0
39,391016,0,1,5,44,2,0,0,0,410,0,3,7,3,7,8,7,8,8,8,8,400,0,39,1,1,0,1,1,1,1,151,6565,8,12,2017,6,21,49,0,2,7,3,5,TR-50 DIAMOND ST NE,NA,0,40.8968,-81.3499,0,8,0,0,1,1,0,1,2,1,0,1,0,0,14,38,15,3,88,88,0,0,0,1,0
39,391020,0,1,5,80,2,0,1,0,620,0,3,7,3,7,8,7,8,8,8,8,600,0,39,1,1,0,1,1,1,1,61,1610,24,9,2017,1,12,4,0,2,4,2,4,CR-612 MADISON RD,NA,0,39.13946389,-84.45211944,0,8,0,0,1,1,0,1,1,1,0,1,0,0,12,6,12,10,13,3,0,0,0,1,0
39,391022,0,1,5,23,2,0,0,0,760,0,3,7,3,7,8,7,8,8,8,8,750,0,39,1,1,0,1,1,1,1,153,70,18,12,2017,2,17,33,1,2,3,1,3,SR-91,NA,35,41.07974722,-81.44163611,0,8,0,0,1,1,0,1,3,10,0,10,0,0,88,88,88,88,88,88,0,0,0,1,0
39,391030,0,1,5,76,1,0,1,0,311,0,3,7,3,7,8,7,8,8,8,8,310,0,39,1,1,0,1,1,1,1,151,4820,30,10,2017,2,8,25,0,2,7,4,6,1ST ST,NA,0,40.79658056,-81.52183611,0,8,0,0,1,1,1,1,1,1,0,1,0,0,8,25,8,28,8,37,0,0,0,1,0
39,391038,0,1,5,38,1,1,1,0,781,0,1,7,2,7,4,7,2,1,2,11b,790,0,39,1,1,0,1,1,1,1,35,1680,16,11,2017,5,6,30,0,2,4,2,4,CR-444 WEST BLVD,CR-61 MADISON AVE,0,41.47708056,-81.75410278,0,8,0,0,2,2,0,1,2,10,0,10,0,0,6,37,6,47,7,5,0,0,0,1,0
39,391039,0,1,5,20,1,0,0,0,620,0,3,7,3,7,8,7,8,8,8,8,600,0,39,2,2,0,1,1,2,2,91,610,4,12,2017,2,22,56,0,2,4,1,3,SR-47 SANDUSKY AVE,NA,119,40.36252778,-83.78774444,0,8,0,0,1,1,0,1,2,10,0,10,0,0,22,56,23,1,88,88,14,0,0,1,0
39,391044,0,1,5,17,1,0,1,0,741,0,1,7,1,7,2,7,1,3,2,4a,740,0,39,1,1,0,1,1,1,1,49,1800,18,12,2017,2,20,45,0,2,4,1,2,US-62 NELSON RD,AVALON PL,186,39.98166944,-82.94311389,0,8,0,0,2,3,0,1,3,2,0,2,0,0,20,46,20,50,88,88,0,0,0,1,0
39,391047,0,1,5,74,1,0,1,0,320,0,3,7,4,7,8,7,8,8,8,8,350,0,39,2,1,1,1,1,1,1,61,1610,9,12,2017,7,11,21,0,2,5,2,4,CR-716 WARSAW AVE,NA,0,39.10950833,-84.55660833,0,8,0,0,1,1,0,2,1,10,0,10,0,0,11,24,11,32,12,0,0,0,0,1,0
39,391055,0,1,5,56,2,0,1,0,760,0,2,7,3,7,1,7,2,3,2,4b,750,0,39,1,1,0,1,1,2,2,17,5010,13,12,2017,4,18,31,0,2,5,4,6,N UNIVERSITY BLVD,WOODLAWN AVE,0,39.51288611,-84.392925,0,8,0,0,3,2,0,1,3,1,0,1,0,0,18,28,18,31,88,88,0,0,0,1,0
39,391057,0,1,5,48,1,0,0,0,459,0,3,7,3,7,8,7,8,8,8,8,400,0,39,1,1,0,1,1,1,1,87,0,19,12,2017,3,17,51,1,2,2,1,2,US-52,NA,219,38.42159167,-82.49625278,0,8,0,1,20,1,0,1,2,1,0,1,0,0,17,46,17,56,18,21,0,0,0,1,0
39,391058,0,1,5,71,1,1,1,0,760,0,3,7,3,7,8,7,8,8,8,8,750,0,39,1,1,0,1,1,1,1,49,0,5,12,2017,3,0,45,0,2,3,1,2,US-40 BROAD ST,NA,59,39.952475,-83.1239,0,8,0,0,1,1,0,1,3,2,0,2,0,0,0,53,0,54,1,12,0,0,0,1,0
39,391069,0,1,5,60,2,0,1,0,410,0,3,7,3,7,8,7,8,8,8,8,400,0,39,1,1,0,1,1,1,1,35,2520,17,12,2017,1,17,20,1,2,3,1,2,US-20 EUCLID AVE,NA,249,41.56391944,-81.54094167,0,8,0,0,1,1,0,1,3,10,0,10,0,0,17,22,17,25,17,56,0,0,0,1,0
39,391074,0,1,5,47,1,0,1,0,690,0,1,7,1,7,9,7,4,3,2,4c,990,0,39,1,1,0,1,1,1,1,95,8120,10,11,2017,6,18,7,0,2,5,2,4,CR-2233 SOUTH AVE,HAVEN RD,0,41.6312,-83.65983889,0,8,0,0,2,2,0,1,2,10,0,10,0,0,18,9,18,17,18,37,0,0,0,1,0
39,391089,0,1,5,88,1,0,1,0,760,0,3,7,3,7,8,7,8,8,8,8,750,0,39,1,1,0,1,1,1,1,109,0,18,12,2017,2,20,20,0,2,4,2,4,CR-78 ALEX-BELL RD,NA,0,39.67241389,-84.21433889,0,8,0,0,1,1,0,1,2,1,0,1,0,0,20,19,20,21,20,31,0,0,0,1,0
39,391100,0,1,5,60,2,0,1,0,690,0,1,7,2,7,4,7,1,3,2,3b,990,0,39,1,1,0,2,2,1,1,35,1680,2,12,2017,7,0,30,0,2,5,4,6,E 115TH ST,SELLERS AVE,0,41.54502222,-81.60487222,0,8,0,0,2,2,0,1,3,1,0,1,0,0,0,30,0,35,0,55,0,0,0,1,0
39,391100,0,2,5,54,1,0,1,0,690,0,1,7,2,7,4,7,1,3,2,3b,990,0,39,1,1,0,2,2,1,1,35,1680,2,12,2017,7,0,30,0,2,5,4,6,E 115TH ST,SELLERS AVE,0,41.54502222,-81.60487222,0,8,0,0,2,2,0,1,3,1,0,1,0,0,0,30,0,35,0,55,0,0,0,1,0
39,391107,0,1,5,13,1,0,0,0,410,0,1,7,2,7,2,7,3,3,1,1b,400,0,39,1,1,0,1,1,1,1,25,0,4,11,2017,7,19,9,0,2,7,2,4,CR-154 SUMMERSIDE RD,TR-2622 PARKLAND DR,0,39.11636111,-84.28875,0,8,0,0,2,3,0,1,2,10,0,10,0,0,19,10,19,14,19,36,0,0,0,1,0
39,391109,0,1,5,41,1,0,1,0,760,0,3,7,3,7,8,7,8,8,8,8,750,0,39,3,3,0,1,1,4,4,49,1800,2,12,2017,7,6,6,0,2,5,4,6,REFUGEE RD,NA,0,39.91516111,-82.87393889,0,8,0,0,1,1,0,1,2,10,0,10,0,0,88,88,88,88,88,88,0,0,0,1,0
39,391114,0,1,5,45,1,0,1,0,680,0,3,7,3,7,8,7,8,8,8,8,990,0,39,1,1,0,1,1,1,1,61,1610,7,11,2017,3,6,49,0,2,5,4,6,WARSAW AVE,NA,0,39.10911667,-84.56320833,0,8,0,0,1,1,0,1,3,2,0,2,0,0,6,51,6,53,7,10,0,0,0,1,0
39,391118,0,1,5,55,1,1,1,0,791,0,1,7,2,7,1,7,3,2,2,7b,790,0,39,1,1,0,1,1,1,1,61,1610,22,12,2017,6,6,51,0,2,5,1,6,READING RD,WHITTIER ST,0,39.13724722,-84.49615833,0,8,0,0,2,2,0,1,3,10,0,10,0,0,6,53,6,57,7,34,0,0,0,1,0
39,391124,0,1,5,47,1,1,1,0,760,0,1,7,1,7,9,7,2,3,1,2d,750,0,39,1,1,0,1,1,1,1,49,1800,1,11,2017,4,18,24,0,2,3,4,6,E LONG ST,TAYLOR AVE,0,39.96881944,-82.9616,0,8,0,0,2,2,0,1,3,2,0,2,0,0,18,25,18,30,18,41,0,0,0,1,0
40,400003,0,1,5,49,1,0,1,0,760,0,3,7,3,7,8,7,8,8,8,8,750,0,40,1,1,0,1,1,1,1,143,4780,3,1,2017,3,5,45,0,2,4,4,6,S SHERIDAN RD,NA,0,36.0257,-95.9042,0,8,0,0,1,1,0,1,3,10,0,10,0,0,5,48,5,56,88,88,0,0,0,1,0
40,400008,0,1,5,60,1,0,0,0,410,0,3,7,3,7,8,7,8,8,8,8,400,0,40,1,1,0,1,1,2,2,109,3550,10,1,2017,3,3,30,0,2,3,4,6,S MACARTHUR BLVD,NA,0,35.46575556,-97.61899444,0,8,0,0,1,1,0,1,2,1,0,1,0,0,3,31,3,33,4,1,0,0,0,1,1
40,400011,0,1,5,67,2,0,1,0,760,0,3,7,3,7,8,7,8,8,8,8,750,0,40,1,1,0,1,1,1,1,143,4780,11,1,2017,4,18,5,0,2,4,4,6,N SHERIDAN RD,NA,0,36.16761944,-95.90459167,0,8,0,0,1,1,0,1,3,1,0,1,0,0,18,4,18,11,88,88,0,0,0,1,0
40,400012,0,1,5,85,1,0,1,0,760,0,3,7,3,7,8,7,8,8,8,8,750,0,40,1,1,0,1,1,1,1,143,4780,22,1,2017,1,7,9,0,2,3,4,6,E 71ST ST,NA,0,36.06083889,-95.86978611,0,8,0,0,1,1,0,1,1,2,0,2,0,0,7,10,7,17,88,88,0,0,0,1,0
40,400020,0,1,5,71,1,0,0,0,910,0,3,7,3,7,8,7,8,8,8,8,910,0,40,1,1,0,1,1,4,4,143,4780,2,1,2017,2,18,10,1,2,1,1,1,I-44,NA,0,36.0912,-95.9312,0,8,0,0,1,1,0,1,1,1,0,1,0,0,18,10,18,18,88,88,0,0,0,1,0
40,400035,0,1,5,64,2,0,0,0,760,0,3,7,3,7,8,7,8,8,8,8,750,0,40,1,1,0,1,1,1,1,9,1510,4,2,2017,7,1,14,0,2,3,1,3,SR-6,NA,0,35.39205278,-99.39932222,0,8,0,0,1,1,0,1,2,1,0,1,0,0,1,11,1,14,88,88,0,0,0,1,0
40,400039,0,1,5,17,1,0,0,0,760,0,1,7,2,7,3,7,4,3,2,3b,750,0,40,1,1,0,1,1,1,1,139,0,19,1,2017,5,7,0,1,1,3,1,2,US-54,CR-K,187,36.8486,-101.226,0,8,0,0,2,2,0,1,2,5,0,5,0,0,8,47,9,4,11,10,0,0,0,1,0
40,400053,0,1,5,57,1,0,0,0,680,0,3,7,3,7,8,7,8,8,8,8,990,0,40,1,1,0,1,1,1,1,109,3550,17,2,2017,6,19,0,1,2,3,1,3,SR-3,NA,0,35.53146667,-97.57755,0,8,0,0,1,1,0,1,2,1,0,1,0,0,19,0,19,5,19,22,0,0,0,1,0
40,400072,0,1,5,2,1,0,0,0,741,0,3,7,3,7,8,7,8,8,8,8,740,0,40,1,1,0,1,1,1,1,17,5290,23,2,2017,5,18,47,0,2,4,4,6,S CORNWELL DR,NA,0,35.49793333,-97.74253056,0,8,0,0,1,1,0,1,2,1,0,1,0,0,18,48,19,3,19,25,0,0,0,1,0
40,400078,0,1,5,70,2,0,1,0,781,0,1,7,2,7,4,7,2,1,2,11b,790,0,40,1,1,0,1,1,1,1,109,3550,11,3,2017,7,12,42,0,2,3,4,6,S MAY AVE,SW 48TH ST,0,35.41537778,-97.56551667,0,8,0,0,3,3,0,1,1,10,0,10,0,0,12,42,12,49,13,18,0,0,0,1,0
40,400094,0,1,5,26,2,0,0,0,313,0,3,7,3,7,8,7,8,8,8,8,600,0,40,1,1,0,1,1,1,1,109,3550,19,3,2017,1,5,34,0,2,7,4,6,NW 39TH ST,NA,0,35.5114,-97.5432,0,8,0,0,1,1,0,1,3,1,0,1,0,0,5,34,5,40,88,88,0,0,0,1,0
40,400097,0,1,5,61,2,0,1,0,760,0,3,7,3,7,8,7,8,8,8,8,750,0,40,1,1,0,2,2,1,1,143,4780,4,3,2017,7,20,13,0,2,4,4,6,S GARNETT RD,NA,0,36.147,-95.851,0,8,0,0,1,1,0,1,2,1,0,1,0,0,20,16,20,20,20,37,0,0,0,1,0
40,400097,0,2,8,47,1,0,1,0,760,0,3,7,3,7,8,7,8,8,8,8,750,0,40,1,1,0,2,2,1,1,143,4780,4,3,2017,7,20,13,0,2,4,4,6,S GARNETT RD,NA,0,36.147,-95.851,0,8,0,0,1,1,0,1,2,1,0,1,0,0,20,16,20,20,20,37,0,0,0,1,0
40,400102,0,1,5,62,1,0,1,0,710,0,3,7,3,7,8,7,8,8,8,8,720,0,40,1,1,0,1,1,1,1,109,3550,31,3,2017,6,19,29,0,2,7,4,6,NW 13TH ST,NA,0,35.4824,-97.5272,0,8,0,0,1,1,0,1,1,1,0,1,0,0,19,29,19,34,19,44,0,0,0,1,0
40,400112,0,1,5,55,1,0,0,0,440,0,3,7,3,7,8,7,8,8,8,8,400,0,40,1,1,0,1,1,1,1,109,3550,6,4,2017,5,6,33,0,2,4,4,6,NW 10TH ST,NA,0,35.478775,-97.65685,0,8,0,0,1,1,0,1,6,1,0,1,0,0,88,88,88,88,88,88,0,0,0,1,0
40,400114,0,1,5,63,1,0,0,0,760,0,3,7,3,7,8,7,8,8,8,8,750,0,40,1,1,0,1,1,2,2,97,0,1,4,2017,7,12,53,0,1,5,1,3,SR-28,NA,15,36.4813,-95.0831,0,8,0,0,1,1,0,1,1,1,0,1,0,0,12,51,12,57,14,12,0,0,0,1,0
40,400121,0,1,5,82,1,0,0,0,742,0,3,7,3,7,8,7,8,8,8,8,740,0,40,1,1,0,1,1,2,2,109,3550,31,3,2017,6,8,52,0,2,5,4,6,N MAY AVE,NA,0,35.5341,-97.5657,0,8,0,0,1,1,0,1,1,1,0,1,0,0,8,52,8,56,9,16,0,0,0,1,0
40,400128,0,1,5,40,1,0,1,0,230,0,3,7,3,7,8,7,8,8,8,8,100,0,40,2,2,0,2,2,1,1,143,4780,9,4,2017,1,8,40,0,2,3,4,6,W 71ST ST,NA,0,36.0611,-96.0001,0,12,7,0,1,1,0,1,1,10,0,10,0,0,8,42,8,53,9,8,23,0,0,1,0
40,400128,0,2,5,35,1,0,1,0,230,0,3,7,3,7,8,7,8,8,8,8,100,0,40,2,2,0,2,2,1,1,143,4780,9,4,2017,1,8,40,0,2,3,4,6,W 71ST ST,NA,0,36.0611,-96.0001,0,12,7,0,1,1,0,1,1,10,0,10,0,0,8,42,8,53,9,8,23,0,0,1,0
40,400135,0,1,5,63,1,0,1,0,760,0,3,7,3,7,8,7,8,8,8,8,750,0,40,1,1,0,1,1,1,1,97,3855,24,3,2017,6,21,1,0,2,3,1,3,SR-20,VANN ST,0,36.3075,-95.316025,0,8,0,0,3,2,0,1,3,1,0,1,0,0,21,0,21,5,21,28,0,0,0,1,0
40,400151,0,1,5,48,2,0,0,0,760,0,1,7,1,7,1,7,4,3,2,4a,750,0,40,1,1,0,1,1,1,1,109,3550,27,4,2017,5,21,34,0,2,4,4,6,SE 44TH ST,I-35 SERVICE RD,0,35.4209,-97.4875,0,8,0,0,2,2,0,1,2,10,0,10,0,0,21,34,21,37,21,48,0,0,0,1,1
40,400153,0,1,5,65,1,0,0,0,760,0,3,7,3,7,8,7,8,8,8,8,750,0,40,1,1,0,1,1,1,1,27,3430,23,2,2017,5,19,32,0,2,5,4,6,24TH AVE SW,NA,0,35.19773889,-97.47673611,0,8,0,0,1,1,0,1,2,1,0,1,0,0,19,33,19,39,20,8,0,0,0,1,0
40,400159,0,1,5,31,1,0,0,0,313,0,3,7,3,7,8,7,8,8,8,8,600,0,40,1,1,0,1,1,2,2,143,4780,3,5,2017,4,5,10,0,1,4,4,6,S GARNETT RD,NA,0,36.0863,-95.8511,0,8,0,0,1,1,0,1,2,2,0,2,0,0,5,12,5,18,5,42,0,0,0,1,0
40,400169,0,1,5,35,1,0,0,0,150,0,3,7,4,7,8,7,8,8,8,8,100,0,40,1,1,0,1,1,1,1,109,3550,10,2,2017,6,13,49,1,2,1,1,1,I-44,NA,0,35.4938,-97.5788,0,30,0,0,1,1,0,4,1,1,0,1,0,0,13,50,13,57,88,88,0,0,0,1,1
40,400171,0,1,5,46,2,0,1,0,760,0,3,7,3,7,8,7,8,8,8,8,750,0,40,1,1,0,1,1,2,2,109,1480,27,4,2017,5,20,41,0,2,4,4,6,S BRYANT AVE,NA,0,35.65354722,-97.46045278,0,8,0,0,1,1,0,1,3,2,0,2,0,0,20,42,20,48,21,25,0,0,0,1,0
40,400175,0,1,8,73,1,0,0,0,760,0,1,7,2,7,4,7,3,3,1,1a,750,0,40,1,1,0,1,1,1,1,51,960,24,4,2017,2,12,1,1,2,3,1,2,US-81,FLORIDA AVE,0,35.04009722,-97.93689167,0,15,0,0,2,2,0,1,1,1,0,1,0,0,12,11,12,32,13,0,0,0,0,1,0
40,400195,0,1,5,33,1,0,0,0,410,0,3,7,3,7,8,7,8,8,8,8,400,0,40,1,1,0,1,1,1,1,17,0,14,5,2017,1,23,24,1,1,3,1,2,US-81,NA,46,35.5988,-97.9592,0,8,0,0,1,1,0,1,2,1,0,1,0,0,99,99,99,99,88,88,0,0,0,1,0
40,400202,0,1,5,48,1,0,0,0,680,0,3,7,3,7,8,7,8,8,8,8,990,0,40,1,1,0,1,1,1,1,95,0,11,5,2017,5,2,54,0,1,5,1,3,SR-32,NA,104,33.9982,-96.7649,0,8,0,0,1,1,0,1,2,1,0,1,0,0,2,55,3,6,88,88,0,0,0,1,0
40,400221,0,1,5,56,1,0,0,0,910,0,3,7,3,7,8,7,8,8,8,8,910,0,40,1,1,0,1,1,2,2,13,710,4,6,2017,1,1,27,1,1,2,1,2,US-69,NA,0,33.94676667,-96.41711111,0,8,0,0,1,1,0,1,2,1,0,1,0,0,1,27,1,39,88,88,0,0,0,1,0
40,400226,0,1,5,68,2,0,0,0,230,0,3,7,3,7,8,7,8,8,8,8,100,0,40,1,1,0,1,1,1,1,17,3550,6,6,2017,3,13,25,1,1,1,1,1,I-40,NA,0,35.4957,-97.7792,0,8,0,0,1,1,0,1,1,1,0,1,0,0,99,99,99,99,88,88,23,0,0,1,0
40,400232,0,1,5,30,1,0,0,0,440,0,3,7,3,7,8,7,8,8,8,8,400,0,40,1,1,0,1,1,5,5,133,0,13,6,2017,3,5,12,1,1,3,1,2,US-377,NA,82,35.3663,-96.6718,0,8,0,0,1,1,0,1,2,10,0,10,0,0,5,9,5,24,88,88,0,0,0,1,0
40,400254,0,1,5,47,2,0,1,0,760,0,3,7,3,7,8,7,8,8,8,8,750,0,40,1,1,0,1,1,1,1,143,4780,5,6,2017,2,21,53,0,2,4,4,6,S HARVARD AVE,NA,0,36.0931,-95.9401,0,8,0,0,1,1,0,1,2,1,0,1,0,0,99,99,99,99,88,88,0,0,0,1,0
40,400255,0,1,5,41,1,0,1,0,410,0,3,7,3,7,8,7,8,8,8,8,400,0,40,1,1,0,1,1,1,1,143,4780,23,6,2017,6,23,31,0,2,4,4,6,N YALE AVE,NA,0,36.1622,-95.9224,0,8,0,0,1,1,0,1,2,10,0,10,0,0,23,32,23,40,1,28,0,0,0,1,0
40,400256,0,1,5,27,1,0,0,0,680,0,3,7,3,7,8,7,8,8,8,8,990,0,40,1,1,0,1,1,1,1,23,2340,3,7,2017,2,99,99,0,1,7,4,6,N H ST,NA,0,34.01823333,-95.520025,0,8,0,0,1,1,0,1,3,2,0,2,0,0,88,88,88,88,88,88,0,0,0,1,0
40,400279,0,1,5,64,1,0,0,0,230,0,3,7,3,7,8,7,8,8,8,8,100,0,40,1,1,0,1,1,1,1,103,0,9,7,2017,1,4,3,0,1,4,1,2,US-177,NA,30,36.50638056,-97.07511667,0,8,0,0,1,1,0,1,2,1,0,1,0,0,4,6,4,21,88,88,23,0,0,1,0
40,400288,0,1,5,47,1,0,0,0,230,0,3,7,3,7,8,7,8,8,8,8,100,0,40,3,3,0,3,3,1,1,99,0,11,7,2017,3,13,50,1,1,1,1,1,I-35,NA,0,34.4535,-97.1378,0,8,0,0,1,1,0,1,1,1,0,1,0,0,13,47,13,56,14,44,23,0,0,2,0
40,400288,0,2,5,17,1,0,0,0,230,0,3,7,3,7,8,7,8,8,8,8,100,0,40,3,3,0,3,3,1,1,99,0,11,7,2017,3,13,50,1,1,1,1,1,I-35,NA,0,34.4535,-97.1378,0,8,0,0,1,1,0,1,1,1,0,1,0,0,13,47,13,56,14,44,23,0,0,2,0
40,400288,0,3,5,15,1,0,0,0,230,0,3,7,3,7,8,7,8,8,8,8,100,0,40,3,3,0,3,3,1,1,99,0,11,7,2017,3,13,50,1,1,1,1,1,I-35,NA,0,34.4535,-97.1378,0,8,0,0,1,1,0,1,1,1,0,1,0,0,13,47,13,56,14,44,23,0,0,2,0
40,400324,0,1,5,28,2,0,0,0,410,0,3,7,3,7,8,7,8,8,8,8,400,0,40,1,1,0,1,1,1,1,31,2750,4,7,2017,3,5,17,0,2,7,4,6,SW 52ND ST,NA,0,34.60062222,-98.45725833,0,8,0,0,1,1,0,1,2,2,0,2,0,0,5,21,99,97,99,97,0,0,0,1,0
40,400325,0,1,5,26,1,0,0,0,459,0,3,7,3,7,8,7,8,8,8,8,400,0,40,1,1,0,1,1,1,1,133,0,29,7,2017,7,4,24,0,2,4,1,3,SR-9,NA,33,35.2465,-96.7181,0,8,0,0,1,1,0,1,2,1,0,1,0,0,88,88,88,88,88,88,0,0,0,1,0
40,400335,0,1,5,39,2,0,0,0,410,0,3,7,3,7,8,7,8,8,8,8,400,0,40,1,1,0,1,1,1,1,109,3550,6,8,2017,1,21,3,0,2,7,1,6,BROADWAY EXTENSION SERVICE RD,NA,0,35.59077778,-97.50981111,0,8,0,0,1,1,0,1,3,10,0,10,0,0,21,4,21,12,21,29,0,0,0,1,0
40,400338,0,1,5,43,1,0,0,0,140,0,3,7,4,7,8,7,8,8,8,8,100,0,40,2,2,0,1,1,2,2,27,3220,14,7,2017,6,22,28,1,2,1,1,1,I-35,NA,0,35.367,-97.4948,0,12,7,0,1,1,0,1,3,1,0,1,0,0,22,31,22,39,22,59,20,0,0,1,0