STATE.x,ST_CASE,VEH_NO,PER_NO,PBPTYPE,PBAGE,PBSEX,PBCWALK,PBSWALK,PBSZONE,PEDCTYPE,BIKECTYPE,PEDLOC,BIKELOC,PEDPOS,BIKEPOS,PEDDIR,BIKEDIR,MOTDIR,MOTMAN,PEDLEG,PEDSNR,PEDCGP,BIKECGP,STATE.y,VE_TOTAL,VE_FORMS,PVH_INVL,PEDS,PERNOTMVIT,PERMVIT,PERSONS,COUNTY,CITY,DAY,MONTH,YEAR,DAY_WEEK,HOUR,MINUTE,NHS,RUR_URB,FUNC_SYS,RD_OWNER,ROUTE,TWAY_ID,TWAY_ID2,MILEPT,LATITUDE,LONGITUD,SP_JUR,HARM_EV,MAN_COLL,RELJCT1,RELJCT2,TYP_INT,WRK_ZONE,REL_ROAD,LGT_COND,WEATHER1,WEATHER2,WEATHER,SCH_BUS,RAIL,NOT_HOUR,NOT_MIN,ARR_HOUR,ARR_MIN,HOSP_HR,HOSP_MN,CF1,CF2,CF3,FATALS,DRUNK_DR
47,470572,0,1,5,58,1,0,1,0,680,0,3,7,3,7,8,7,8,8,8,8,990,0,47,3,1,2,1,1,1,1,37,1760,2,8,2017,4,23,41,0,2,7,4,6,22ND AVE N,NA,4,36.17381111,-86.81181944,0,8,0,0,1,1,0,1,3,1,0,1,0,0,23,41,23,45,99,99,0,0,0,1,1
47,470577,0,1,5,62,1,1,1,0,690,0,1,7,2,7,9,7,3,2,2,7c,990,0,47,1,1,0,1,1,1,1,157,1620,9,8,2017,4,23,50,0,2,7,4,6,BREEDLOVE ST,VOLLINTINE AVE,22,35.16590833,-90.02184722,0,8,0,0,2,2,0,1,3,1,0,1,0,0,23,33,23,38,23,52,0,0,0,1,1
47,470588,0,1,5,34,1,0,0,0,440,0,3,7,9,7,8,7,8,8,8,8,400,0,47,2,2,0,1,1,4,4,37,1760,19,8,2017,7,6,39,1,1,1,1,1,I-65,NA,110,36.19558889,-86.77615,0,12,1,0,1,1,0,1,4,1,0,1,0,0,6,41,6,51,7,6,0,0,0,1,0
47,470599,0,1,5,63,1,0,0,0,160,0,3,7,3,7,8,7,8,8,8,8,100,0,47,1,1,0,1,1,2,2,107,0,23,8,2017,4,21,30,1,1,1,1,1,I-75,NA,106,35.42998889,-84.68546944,0,8,0,0,1,1,0,1,2,1,0,1,0,0,21,37,21,43,22,37,0,0,0,1,0
47,470600,0,1,5,52,1,0,0,0,760,0,3,7,3,7,8,7,8,8,8,8,750,0,47,1,1,0,1,1,1,1,139,0,5,8,2017,7,22,40,1,1,3,1,2,US-64-74 SR-40,NA,3,35.12728056,-84.71856944,0,8,0,1,18,1,0,1,2,10,0,10,0,0,22,42,22,45,88,88,0,0,0,1,0
47,470611,0,1,5,45,2,0,1,0,760,0,3,7,3,7,8,7,8,8,8,8,750,0,47,1,1,0,1,1,1,1,37,1760,13,8,2017,1,0,0,1,2,3,1,2,US-31A 41A SR-11 NOLENSVILLE P,NA,102,36.12146111,-86.75045,0,8,0,0,1,1,0,1,3,1,0,1,0,0,0,0,0,4,88,88,0,0,0,1,0
47,470612,0,1,5,22,1,0,1,0,680,0,3,7,3,7,8,7,8,8,8,8,990,0,47,2,2,0,1,1,1,1,163,1280,24,8,2017,5,21,57,0,2,7,4,6,FAIRVIEW AVE,NA,5,36.56015556,-82.57768611,0,12,1,0,1,1,0,1,1,1,0,1,0,0,22,0,22,4,22,24,0,0,0,1,0
47,470614,0,1,5,56,1,1,0,0,440,0,3,7,4,7,8,7,8,8,8,8,400,0,47,1,1,0,1,1,1,1,37,1760,8,8,2017,3,99,99,1,2,3,1,2,US-41 70S SR-1 MURFREESBORO RD,NA,216,36.13253889,-86.71948889,0,8,0,0,1,1,0,2,1,1,0,1,0,0,11,53,11,57,12,21,0,0,0,1,0
47,470623,0,1,5,23,1,1,1,0,741,0,1,7,2,7,2,7,1,3,1,1a,740,0,47,1,1,0,1,1,1,1,157,1620,29,8,2017,3,23,32,1,2,3,4,6,MENDENHALL RD,KNIGHT ARNOLD RD,12,35.06168333,-89.88581111,0,8,0,0,3,2,0,1,3,1,0,1,0,0,23,39,23,40,88,88,0,0,0,1,0
47,470635,0,1,5,29,2,0,1,0,313,0,3,7,3,7,8,7,8,8,8,8,600,0,47,1,1,0,1,1,1,1,37,1760,15,7,2017,7,3,32,1,2,3,1,2,US-70 SR-24 CHARLOTTE AVE,NA,111,36.15678889,-86.80511111,0,8,0,0,1,1,0,1,3,1,0,1,0,0,3,35,3,37,3,54,0,0,0,1,0
47,470637,0,1,5,58,2,0,1,0,760,0,3,7,3,7,8,7,8,8,8,8,750,0,47,1,1,0,1,1,1,1,37,1760,12,8,2017,7,4,39,1,2,3,1,2,US-43 SR-65 TRINITY LN,NA,6,36.2067,-86.77926111,0,8,0,0,1,1,0,1,3,1,0,1,0,0,4,39,4,46,5,21,0,0,0,1,0
47,470642,0,1,5,16,1,0,1,0,680,0,3,7,5,7,8,7,8,8,8,8,990,0,47,1,1,0,1,1,2,2,157,1620,4,9,2017,2,0,33,0,2,7,4,6,RAYMOND ST,NA,2,35.16141111,-89.98170278,0,33,0,0,1,1,0,4,3,1,0,1,0,0,0,35,0,43,1,2,0,0,0,1,0
47,470658,0,1,5,24,2,0,1,0,680,0,3,7,4,7,8,7,8,8,8,8,990,0,47,1,1,0,2,2,1,1,93,1300,17,9,2017,1,2,52,0,2,4,4,6,S GAY ST,NA,4,35.95827778,-83.91460278,0,8,0,0,1,1,0,4,3,1,0,1,0,0,2,52,2,59,3,12,0,0,0,1,0
47,470658,0,2,5,29,1,0,1,0,680,0,3,7,4,7,8,7,8,8,8,8,990,0,47,1,1,0,2,2,1,1,93,1300,17,9,2017,1,2,52,0,2,4,4,6,S GAY ST,NA,4,35.95827778,-83.91460278,0,8,0,0,1,1,0,4,3,1,0,1,0,0,2,52,2,59,3,12,0,0,0,1,0
47,470667,0,1,5,1,2,0,0,0,742,0,3,7,3,7,8,7,8,8,8,8,740,0,47,1,1,0,1,1,1,1,155,0,20,9,2017,4,10,0,0,1,4,1,2,US-411-441 SR-35-71 CHAPMAN HW,NA,56,35.84888889,-83.69873889,0,8,0,0,1,1,0,1,1,1,0,1,0,0,10,6,10,15,10,44,0,0,0,1,0
47,470670,0,1,5,56,1,0,0,0,410,0,3,7,3,7,8,7,8,8,8,8,400,0,47,1,1,0,1,1,1,1,185,0,21,9,2017,5,19,54,0,2,5,1,3,SR-135 ROBERTS-MATTHEWS HWY,NA,9,35.97631944,-85.49006111,0,8,0,0,1,1,0,1,2,5,0,5,0,0,19,53,19,56,20,15,0,0,0,1,0
47,470671,0,1,5,33,1,0,0,0,410,0,3,7,3,7,8,7,8,8,8,8,400,0,47,1,1,0,1,1,1,1,37,1760,22,9,2017,6,23,44,1,2,3,1,2,US-70 SR-24 LEBANON PK,NA,154,36.15318889,-86.73156944,0,8,0,0,1,1,0,1,3,1,0,1,0,0,23,42,23,51,0,10,0,0,0,1,0
47,470672,0,1,5,22,1,1,1,0,741,0,1,7,1,7,2,7,1,3,1,2a,740,0,47,1,1,0,1,1,2,2,157,1620,22,8,2017,3,19,24,1,2,3,1,2,US-78 SR-4 LAMARE AVE,SR-175 SHELBY DR,21,35.02046667,-89.89806111,0,8,0,0,2,2,0,1,3,1,0,1,0,0,19,25,19,42,19,59,0,0,0,1,0
47,470678,0,1,5,48,1,0,0,0,230,0,3,7,3,7,8,7,8,8,8,8,100,0,47,2,2,0,1,1,1,1,157,1620,12,6,2017,2,15,10,1,2,1,1,1,I-40,NA,2,35.15305,-90.06281944,0,12,7,0,1,1,0,1,1,1,0,1,0,0,15,17,15,31,88,88,23,0,0,1,0
47,470680,0,1,5,55,2,0,1,0,760,0,3,7,3,7,8,7,8,8,8,8,750,0,47,1,1,0,1,1,1,1,157,1620,14,9,2017,5,7,13,1,2,3,1,3,SR-14 JACKSON AVE,NA,161,35.15791667,-89.97343611,0,8,0,0,1,1,0,1,1,1,0,1,0,0,7,15,7,21,88,88,0,0,0,1,0
47,470682,0,1,5,27,2,0,0,0,410,0,3,7,9,7,8,7,8,8,8,8,400,0,47,1,1,0,1,1,1,1,113,1200,8,4,2017,7,0,33,0,2,4,4,6,OLD HICKORY BLVD,NA,11,35.65733056,-88.85073056,0,8,0,0,1,1,0,4,3,1,0,1,0,0,0,33,0,39,0,56,0,0,0,1,0
47,470690,0,1,5,65,1,0,0,0,680,0,3,7,3,7,8,7,8,8,8,8,990,0,47,1,1,0,1,1,1,1,39,2150,15,9,2017,6,19,40,0,1,5,1,3,SR-114,NA,117,35.51021944,-88.23578889,0,8,0,0,1,1,0,1,2,1,0,1,0,0,19,27,19,47,21,10,0,0,0,1,0
47,470691,0,1,5,30,1,0,0,0,741,0,3,7,3,7,8,7,8,8,8,8,740,0,47,1,1,0,1,1,4,4,21,0,15,9,2017,6,23,10,1,1,1,1,1,I-40,NA,62,36.08736111,-87.05356111,0,8,0,0,1,1,0,1,2,1,0,1,0,0,23,8,23,13,88,88,0,0,0,1,0
47,470692,0,1,5,68,1,0,0,0,610,0,3,7,3,7,8,7,8,8,8,8,600,0,47,1,1,0,1,1,1,1,149,0,28,9,2017,5,1,9,1,1,3,1,2,US-231 SR-10,NA,4,35.65548889,-86.42378056,0,8,0,0,1,1,0,1,2,1,0,1,0,0,0,52,1,1,1,35,0,0,0,1,0
47,470703,0,1,5,33,1,0,1,0,680,0,3,7,3,7,8,7,8,8,8,8,990,0,47,1,1,0,2,2,1,1,157,1620,29,9,2017,6,22,56,1,2,3,1,2,US-61 SR-14 S THIRD ST,NA,89,35.10011667,-90.05559722,0,8,0,0,1,1,0,1,3,1,0,1,0,0,23,5,23,14,23,23,0,0,0,1,0
47,470703,0,2,5,30,2,0,1,0,680,0,3,7,3,7,8,7,8,8,8,8,990,0,47,1,1,0,2,2,1,1,157,1620,29,9,2017,6,22,56,1,2,3,1,2,US-61 SR-14 S THIRD ST,NA,89,35.10011667,-90.05559722,0,8,0,0,1,1,0,1,3,1,0,1,0,0,23,5,23,14,23,23,0,0,0,1,0
47,470704,0,1,5,53,2,0,1,0,760,0,3,7,3,7,8,7,8,8,8,8,750,0,47,1,1,0,1,1,1,1,113,1200,2,10,2017,2,19,33,1,2,3,1,2,US-412 SR-20 HOLLYWOOD DR,NA,83,35.65055,-88.86671944,0,8,0,0,1,1,0,1,3,1,0,1,0,0,19,36,19,43,88,88,0,0,0,1,0
47,470706,0,1,5,62,1,0,1,0,620,0,3,7,3,7,8,7,8,8,8,8,600,0,47,1,1,0,1,1,1,1,157,1620,1,10,2017,1,1,1,0,2,4,4,6,WEAVER RD,NA,29,35.05212222,-90.09664722,0,8,0,0,1,1,0,1,3,1,0,1,0,0,0,23,0,32,88,88,0,0,0,1,0
47,470707,0,1,5,51,1,0,1,0,680,0,3,7,3,7,8,7,8,8,8,8,990,0,47,1,1,0,1,1,1,1,157,1620,2,10,2017,2,2,5,1,2,3,1,2,US-78 SR-4 LAMAR AVE,NA,99,35.10558889,-89.98602222,0,8,0,0,1,1,0,1,3,1,0,1,0,0,2,11,2,25,88,88,0,0,0,1,0
47,470713,0,1,5,35,1,0,0,0,741,0,3,7,3,7,8,7,8,8,8,8,740,0,47,1,1,0,1,1,1,1,157,1620,6,10,2017,6,23,51,1,2,3,4,6,AIRWAYS BLVD,NA,96999,35.07741389,-89.98525278,0,8,0,0,1,1,0,1,3,1,0,1,0,0,23,54,0,1,0,38,0,0,0,1,0
47,470716,0,1,5,59,2,0,1,0,620,0,3,7,3,7,8,7,8,8,8,8,600,0,47,1,1,0,1,1,1,1,37,1760,3,10,2017,3,22,42,1,2,3,1,3,SR-254 OLD HICKORY BLVD,NA,115,36.04523889,-86.71678056,0,8,0,0,1,1,0,1,3,1,0,1,0,0,22,42,22,50,23,16,0,0,0,1,0
47,470760,0,1,5,18,2,0,0,0,440,0,1,7,1,7,9,7,4,3,9,99,400,0,47,1,1,0,1,1,1,1,155,0,14,10,2017,7,0,53,0,1,5,1,3,SR-139 DOUGLAS DAM RD,CR-UNDERWOOD CEMETARY RD,83,35.96798889,-83.56491111,0,8,0,0,2,3,0,1,2,10,0,10,0,0,1,10,1,17,1,55,0,0,0,1,0
47,470765,0,1,5,6,2,0,1,0,741,0,3,7,3,7,8,7,8,8,8,8,740,0,47,1,1,0,1,1,1,1,157,1620,19,10,2017,5,16,0,0,2,5,4,6,JOSEPHINE ST,SPOTTSWOOD AVE,31,35.11363889,-89.96915833,0,8,0,0,3,2,0,1,1,1,0,1,0,0,16,0,16,13,16,33,0,0,0,1,0
47,470771,0,1,5,29,1,0,0,0,440,0,3,7,3,7,8,7,8,8,8,8,400,0,47,1,1,0,1,1,5,5,11,0,14,10,2017,7,23,56,0,2,4,1,2,US-11 SR-2 N LEE HWY,NA,180,35.25863889,-84.78646111,0,8,0,0,1,1,0,1,2,1,0,1,0,0,23,57,0,5,88,88,0,0,0,1,0
47,470775,0,1,5,66,1,0,0,0,760,0,3,7,3,7,8,7,8,8,8,8,750,0,47,1,1,0,1,1,1,1,57,173,21,10,2017,7,23,18,1,1,3,1,2,US-11W-25E SR-1-32,NA,280,36.34611944,-83.31726944,0,8,0,0,1,1,0,1,2,1,0,1,0,0,23,11,23,13,88,88,0,0,0,1,0
47,470788,0,1,5,42,2,0,0,0,760,0,3,7,3,7,8,7,8,8,8,8,750,0,47,1,1,0,1,1,1,1,63,1700,25,10,2017,4,21,27,1,2,3,1,3,SR-160 GOV DEWITT CLINTON SENT,NA,119,36.17781111,-83.34458889,0,8,0,1,18,1,1,1,2,1,0,1,0,0,21,30,21,33,88,88,0,0,0,1,0
47,470790,0,1,5,37,1,0,0,0,910,0,3,7,3,7,8,7,8,8,8,8,910,0,47,3,3,0,1,1,4,4,93,1300,27,10,2017,6,22,33,1,1,1,1,1,I-40,NA,309,36.00394167,-83.74220833,0,8,0,0,1,1,0,1,2,1,0,1,0,0,22,34,22,44,88,88,14,16,0,1,0
47,470803,0,1,5,51,2,0,0,0,680,0,3,7,3,7,8,7,8,8,8,8,990,0,47,1,1,0,1,1,2,2,103,0,25,10,2017,4,19,15,1,2,3,1,2,US-231 431 SR-10 HUNTSVILLE HW,NA,35,35.04041111,-86.57456111,0,8,0,0,1,1,0,1,2,1,0,1,0,0,19,11,19,16,88,88,0,0,0,1,0
47,470808,0,1,5,44,1,0,1,0,741,0,3,7,3,7,8,7,8,8,8,8,740,0,47,1,1,0,1,1,2,2,179,1250,3,11,2017,6,19,20,1,2,3,1,2,US-321 SR-381 UNIVERSITY PKWY,NA,99999,36.30808056,-82.36503889,0,8,0,0,1,1,0,1,3,1,0,1,0,0,19,24,19,32,19,46,0,0,0,1,0
47,470815,0,1,5,37,1,0,0,0,160,0,3,7,3,7,8,7,8,8,8,8,100,0,47,2,2,0,1,1,2,2,157,1620,11,11,2017,7,20,45,1,2,3,1,3,SR-175 WEAVER RD,NA,6,35.00295,-90.09704722,0,8,0,0,1,1,0,1,2,1,0,1,0,0,20,52,21,0,88,88,0,0,0,1,0
47,470822,0,1,5,48,1,0,1,0,760,0,3,7,3,7,8,7,8,8,8,8,750,0,47,1,1,0,1,1,1,1,31,2470,6,11,2017,2,17,36,1,2,3,1,2,US-41A SR-16 N JACKSON ST,NA,29,35.37306111,-86.22163056,0,8,0,0,8,1,0,1,3,1,0,1,0,0,17,37,17,42,17,53,0,0,0,1,0
47,470828,0,1,5,33,1,0,0,0,910,0,3,7,3,7,8,7,8,8,8,8,910,0,47,1,1,0,1,1,1,1,123,0,31,10,2017,3,99,99,1,2,1,1,1,I-75,NA,14,35.60748889,-84.50761111,0,8,0,0,1,1,0,1,2,10,0,10,0,0,21,48,22,17,88,88,0,0,0,1,0
47,470835,0,1,8,62,1,0,0,0,760,0,3,7,3,7,8,7,8,8,8,8,750,0,47,2,2,0,1,1,4,4,47,2270,14,11,2017,3,17,50,0,1,4,1,3,SR-76,NA,114,35.22116944,-89.34971111,0,15,0,0,1,1,0,1,2,1,0,1,0,0,17,45,17,55,88,88,14,0,0,1,0
47,470846,0,1,5,85,1,0,0,0,760,0,1,7,1,7,9,7,2,3,9,99,750,0,47,1,1,0,1,1,1,1,35,540,20,11,2017,2,10,50,1,2,3,1,2,US-127 SR-28 N MAIN ST,4TH ST,139,35.94858889,-85.02661111,0,8,0,0,2,2,0,1,1,1,0,1,0,0,10,51,10,54,13,6,0,0,0,1,0
47,470854,0,1,5,67,1,0,0,0,680,0,3,7,3,7,8,7,8,8,8,8,990,0,47,1,1,0,1,1,1,1,61,0,19,11,2017,1,99,99,0,1,4,1,3,SR-56,NA,165,35.38863056,-85.70333889,0,8,0,0,1,1,0,1,2,1,0,1,0,0,18,1,18,7,99,99,0,0,0,1,0
47,470856,0,1,5,51,1,0,1,0,760,0,3,7,3,7,8,7,8,8,8,8,750,0,47,1,1,0,1,1,4,4,37,1760,20,11,2017,2,19,10,1,2,3,1,2,US-431 SR-65 W TRINITY LN,NA,3,36.20626944,-86.77348056,0,8,0,1,18,1,0,1,2,1,0,1,0,0,18,37,18,45,18,58,0,0,0,1,0
47,470861,0,1,5,49,1,0,0,0,760,0,3,7,3,7,8,7,8,8,8,8,750,0,47,1,1,0,1,1,1,1,37,1760,6,11,2017,2,18,36,0,2,5,4,6,HART LN,NA,1,36.22138056,-86.75953056,0,8,0,0,1,1,0,1,3,2,0,2,0,0,18,36,18,43,18,54,0,0,0,1,0
47,470888,0,1,5,58,1,0,1,0,760,0,3,7,3,7,8,7,8,8,8,8,750,0,47,1,1,0,1,1,1,1,157,1620,6,12,2017,4,7,0,1,2,3,1,3,SR-14 AUSTIN PEAY HWY,NA,220,35.22035556,-89.90978333,0,8,0,0,1,1,0,1,4,1,0,1,0,0,7,11,7,20,88,88,0,0,0,1,0
47,470889,0,1,5,64,1,0,1,0,760,0,3,7,3,7,8,7,8,8,8,8,750,0,47,1,1,0,1,1,1,1,37,1760,12,11,2017,1,21,45,1,2,3,1,2,US-31A 41A SR-11 NOLENSVILLE P,NA,72,36.08201111,-86.72706944,0,8,0,0,1,1,0,1,3,1,0,1,0,0,21,48,21,51,22,10,0,0,0,1,0
47,470897,0,1,5,47,1,0,1,0,760,0,3,7,3,7,8,7,8,8,8,8,750,0,47,1,1,0,1,1,1,1,65,750,14,12,2017,5,21,40,1,2,3,1,2,US-41 76 SR-8 RINGGOLD RD,NA,25,34.99345,-85.22996944,0,8,0,0,1,1,0,1,3,1,0,1,0,0,21,43,21,53,22,15,0,0,0,1,0
47,470902,0,1,5,49,1,0,0,0,760,0,3,7,3,7,8,7,8,8,8,8,750,0,47,1,1,0,1,1,1,1,81,0,22,12,2017,6,10,52,0,1,4,1,3,SR-100,NA,208,35.86735,-87.34476944,0,8,0,0,1,1,0,1,1,2,0,2,0,0,10,59,11,8,88,88,0,0,0,1,0
47,470911,0,1,5,68,1,0,0,0,230,0,3,7,3,7,8,7,8,8,8,8,100,0,47,2,2,0,2,2,4,4,149,1345,20,12,2017,4,6,23,0,2,7,4,6,INDUSTRIAL BLVD,NA,7,35.99023889,-86.58796111,0,8,0,0,1,1,0,1,2,2,0,2,0,0,6,24,6,36,6,47,15,19,0,1,0
47,470911,0,2,5,63,1,0,0,0,230,0,3,7,3,7,8,7,8,8,8,8,100,0,47,2,2,0,2,2,4,4,149,1345,20,12,2017,4,6,23,0,2,7,4,6,INDUSTRIAL BLVD,NA,7,35.99023889,-86.58796111,0,8,0,0,1,1,0,1,2,2,0,2,0,0,6,24,6,36,6,47,15,19,0,1,0
47,470927,0,1,5,48,1,0,0,0,760,0,3,7,3,7,8,7,8,8,8,8,750,0,47,1,1,0,1,1,1,1,157,1620,13,12,2017,4,17,46,1,2,3,1,2,US-51 SR-3 ELVIS PRESLEY BLVD,NA,30,35.03850833,-90.02516389,0,8,0,0,1,1,0,1,3,1,0,1,0,0,17,50,18,11,18,37,0,0,0,1,0
47,470928,0,1,5,48,1,0,0,0,410,0,3,7,3,7,8,7,8,8,8,8,400,0,47,1,1,0,1,1,1,1,93,0,13,12,2017,4,23,29,1,2,3,1,2,US-25W SR-9 CLINTON PK,NA,27,36.00956111,-84.03253056,0,8,0,0,1,1,0,1,2,1,0,1,0,0,23,29,23,37,88,88,0,0,0,1,0
47,470933,0,1,5,43,1,0,0,0,680,0,3,7,3,7,8,7,8,8,8,8,990,0,47,1,1,0,1,1,1,1,37,1760,18,12,2017,2,1,55,1,2,1,1,1,I-40,NA,186,36.14863889,-86.775538890000007,0,8,0,0,1,1,0,1,3,10,0,10,0,0,1,46,1,58,2,44,0,0,0,1,0
47,470935,0,1,5,69,1,0,0,0,760,0,3,7,3,7,8,7,8,8,8,8,750,0,47,1,1,0,1,1,2,2,125,410,18,12,2017,2,17,44,1,2,3,1,2,US-41ABP SR-12 ASHLAND CITY RD,NA,90,36.51329722,-87.31220833,0,8,0,0,1,1,0,1,2,1,0,1,0,0,17,48,17,52,18,15,0,0,0,1,0
47,470938,0,1,5,47,1,0,0,0,690,0,1,7,1,7,9,7,1,3,1,2d,990,0,47,1,1,0,1,1,1,1,157,1620,16,12,2017,7,6,50,1,2,3,4,6,PLEASANT HILL RD,IMAGINATION DR,13,35.01317222,-89.90160278,0,8,0,0,2,3,0,1,1,1,0,1,0,0,7,35,7,37,8,20,19,0,0,1,0
47,470941,0,1,5,66,2,0,0,0,680,0,3,7,4,7,8,7,8,8,8,8,990,0,47,2,1,1,1,2,2,3,17,1180,7,12,2017,5,14,36,0,1,4,1,2,US-70 SR-1,NA,231,36.02068056,-88.37263889,0,45,0,0,1,1,2,1,1,10,0,10,0,0,14,35,14,44,16,30,0,0,0,1,0
47,470942,0,1,5,31,1,0,0,0,910,0,3,7,3,7,8,7,8,8,8,8,910,0,47,1,1,0,1,1,4,4,43,640,29,12,2017,6,18,41,1,2,1,1,1,I-40,NA,92,36.01976944,-87.33595,0,8,0,0,1,1,0,1,3,1,0,1,0,0,18,38,18,50,99,99,0,0,0,1,0
47,470951,0,1,5,22,1,0,0,0,680,0,3,7,3,7,8,7,8,8,8,8,990,0,47,2,2,0,1,1,3,3,37,1760,21,12,2017,5,20,17,1,2,3,1,2,US-40 SR-24 LEBANON PK,NA,217,36.18563056,-86.63561111,0,8,0,0,1,1,0,1,3,1,0,1,0,0,20,16,20,22,88,88,14,0,0,1,0
47,470953,0,1,5,46,2,0,0,0,459,0,3,7,3,7,8,7,8,8,8,8,400,0,47,1,1,0,1,1,1,1,119,0,28,12,2017,5,17,26,0,1,5,1,3,SR-166 ENTERPRISE RD,NA,65,35.51136944,-87.20616111,0,8,0,0,1,1,0,1,2,10,0,10,0,0,17,24,17,33,18,45,0,0,0,1,0
47,470954,0,1,5,23,2,0,0,0,680,0,3,7,3,7,8,7,8,8,8,8,990,0,47,1,1,0,1,1,2,2,93,1300,29,12,2017,6,0,36,1,2,1,1,1,I-40,NA,157,35.95235556,-83.979575,0,8,0,0,1,1,0,1,3,1,0,1,0,0,0,37,0,44,99,99,0,0,0,1,0
47,470957,0,1,5,50,1,0,0,0,760,0,3,7,3,7,8,7,8,8,8,8,750,0,47,1,1,0,1,1,2,2,37,1760,2,12,2017,7,23,15,1,2,3,1,2,US-31A-41 SR-1 LAFAYETTE ST,NA,184,36.15223889,-86.77256111,0,8,0,0,1,1,0,1,3,2,0,2,0,0,23,16,23,19,23,40,0,0,0,1,0
48,480013,0,1,5,75,1,0,1,0,760,0,3,7,3,7,8,7,8,8,8,8,750,0,48,1,1,0,1,1,1,1,29,6090,2,1,2017,2,18,50,0,2,4,98,6,GUADALUPE ST,NA,0,29.41971944,-98.52908333,0,8,0,0,1,1,0,1,3,1,0,1,0,0,99,99,99,99,99,99,0,0,0,1,0
48,480017,0,1,5,56,1,0,1,0,760,0,1,7,1,7,2,7,3,3,2,4b,750,0,48,1,1,0,1,1,1,1,167,2570,2,1,2017,2,21,35,1,2,3,98,3,SR-3005 SEAWALL BLVD,22ND ST,99999,29.29064722,-94.78742222,0,8,0,0,2,3,0,1,3,5,0,5,0,0,21,37,21,40,21,50,0,0,0,1,0
48,480019,0,1,5,50,1,0,1,0,620,0,3,7,3,7,8,7,8,8,8,8,600,0,48,1,1,0,1,1,1,1,439,2450,2,1,2017,2,20,18,0,2,5,98,6,25TH ST,NA,0,32.78996667,-97.36433611,0,8,0,0,1,1,0,1,3,1,0,1,0,0,20,2,20,15,20,45,0,0,0,1,0
48,480021,0,1,5,35,1,0,0,0,910,0,3,7,3,7,8,7,8,8,8,8,910,0,48,1,1,0,1,1,1,1,91,4870,3,1,2017,3,10,54,1,2,1,1,1,I-35,NA,104,29.69024444,-98.11369444,0,8,0,0,1,1,0,1,1,10,0,10,0,0,10,54,10,57,11,14,0,0,0,1,0
48,480025,0,1,5,30,1,0,0,0,680,0,3,7,4,7,8,7,8,8,8,8,990,0,48,1,1,0,1,1,1,1,201,3280,4,1,2017,4,4,50,1,2,1,1,1,I-45 GULF FWY,NA,99999,29.73418611,-95.34517778,0,8,0,0,1,1,0,2,6,10,0,10,0,0,99,98,99,98,88,88,0,0,0,1,0
48,480037,0,1,5,43,1,0,0,0,910,0,3,7,3,7,8,7,8,8,8,8,910,0,48,2,2,0,1,1,3,3,135,5030,6,1,2017,6,18,52,1,2,3,98,8,BI-20 E BI-80,NA,140,31.87973889,-102.2991194,0,8,0,0,1,1,0,1,3,1,0,1,0,0,99,98,99,98,88,88,0,0,0,1,0
48,480041,0,1,5,22,1,0,0,0,760,0,3,7,3,7,8,7,8,8,8,8,750,0,48,1,1,0,1,1,1,1,423,0,7,1,2017,7,20,56,1,1,3,98,3,SR-155,NA,248,32.15973056,-95.45598056,0,8,0,0,1,1,0,1,2,1,0,1,0,0,99,98,99,98,88,88,0,0,0,1,0
48,480044,0,1,5,31,1,0,0,0,910,0,3,7,3,7,8,7,8,8,8,8,910,0,48,1,1,0,1,1,1,1,201,3280,8,1,2017,1,2,25,1,2,1,1,1,I-10 EAST FWY,NA,311,29.774375,-95.31079722,0,8,0,0,1,1,0,1,3,1,0,1,0,0,99,98,99,98,88,88,0,0,0,1,0
48,480053,0,1,5,39,1,0,0,0,313,0,3,7,3,7,8,7,8,8,8,8,600,0,48,1,1,0,1,1,1,1,259,0,9,1,2017,2,10,15,1,1,1,1,1,I-10,NA,119,29.87726944,-98.7992,0,8,0,0,1,1,0,1,1,1,0,1,0,0,99,98,99,98,88,88,0,0,0,1,0
48,480056,0,1,5,67,2,0,1,0,760,0,3,7,3,7,8,7,8,8,8,8,750,0,48,1,1,0,1,1,1,1,29,390,10,1,2017,3,6,38,1,2,3,98,8,SL 345 FREDERICKSBURG RD,NA,265,29.48675,-98.54807778,0,8,0,0,1,1,0,1,3,1,0,1,0,0,99,99,99,99,99,99,0,0,0,1,0
48,480057,0,1,5,36,1,1,1,0,781,0,1,7,2,7,9,7,4,1,2,11c,790,0,48,1,1,0,1,1,1,1,201,3280,10,1,2017,3,18,3,0,2,5,98,6,CONGRESS,MILAM,0,29.76324722,-95.36244444,0,8,0,0,3,2,0,1,3,1,0,1,0,0,99,98,99,98,88,88,0,0,0,1,0
48,480058,0,1,5,100,2,0,0,0,459,0,3,7,3,7,8,7,8,8,8,8,400,0,48,1,1,0,1,1,1,1,215,7330,10,1,2017,3,4,16,1,2,1,1,1,I-2,NA,396,26.17280556,-97.99464722,0,8,0,0,1,1,0,1,2,1,0,1,0,0,99,98,99,98,88,88,0,0,0,1,0
48,480061,0,1,5,59,1,0,0,0,760,0,3,7,3,7,8,7,8,8,8,8,750,0,48,2,2,0,1,1,2,2,183,4080,11,1,2017,4,6,54,1,2,3,98,2,US-80 MARSHALL AVE,NA,97,32.50735556,-94.79934167,0,8,0,0,1,1,0,1,3,10,0,10,0,0,99,98,99,98,88,88,0,0,0,1,0