STATE.x,ST_CASE,VEH_NO,PER_NO,PBPTYPE,PBAGE,PBSEX,PBCWALK,PBSWALK,PBSZONE,PEDCTYPE,BIKECTYPE,PEDLOC,BIKELOC,PEDPOS,BIKEPOS,PEDDIR,BIKEDIR,MOTDIR,MOTMAN,PEDLEG,PEDSNR,PEDCGP,BIKECGP,STATE.y,VE_TOTAL,VE_FORMS,PVH_INVL,PEDS,PERNOTMVIT,PERMVIT,PERSONS,COUNTY,CITY,DAY,MONTH,YEAR,DAY_WEEK,HOUR,MINUTE,NHS,RUR_URB,FUNC_SYS,RD_OWNER,ROUTE,TWAY_ID,TWAY_ID2,MILEPT,LATITUDE,LONGITUD,SP_JUR,HARM_EV,MAN_COLL,RELJCT1,RELJCT2,TYP_INT,WRK_ZONE,REL_ROAD,LGT_COND,WEATHER1,WEATHER2,WEATHER,SCH_BUS,RAIL,NOT_HOUR,NOT_MIN,ARR_HOUR,ARR_MIN,HOSP_HR,HOSP_MN,CF1,CF2,CF3,FATALS,DRUNK_DR
48,481418,0,1,5,67,1,1,0,0,440,0,3,7,3,7,8,7,8,8,8,8,400,0,48,1,1,0,1,1,1,1,39,130,14,6,2017,4,12,20,0,2,5,98,6,ADOUE ST,NA,0,29.42151667,-95.23767778,0,8,0,0,1,1,0,1,1,1,0,1,0,0,99,99,99,99,99,99,0,0,0,1,0
48,481422,0,1,5,63,1,0,0,0,140,0,4,7,8,7,8,7,8,8,8,8,100,0,48,4,3,1,1,2,5,6,355,1550,14,6,2017,4,13,38,0,2,7,98,6,HIGHLAND DR,NA,0,27.778775,-97.42661111,0,43,0,0,1,1,0,4,1,1,0,1,0,0,99,99,99,99,99,99,15,0,0,1,0
48,481435,0,1,5,68,1,0,1,0,770,0,1,7,2,7,4,7,1,3,2,3b,750,0,48,1,1,0,1,1,1,1,141,2190,17,6,2017,7,19,44,0,2,4,98,6,CLEVELAND AVE,CLARK DR,1,31.77681111,-106.4109639,0,8,0,0,2,2,0,1,1,1,0,1,0,0,19,45,19,46,20,0,0,0,0,1,0
48,481449,0,1,5,43,1,0,1,0,760,0,3,7,3,7,8,7,8,8,8,8,750,0,48,1,1,0,1,1,2,2,183,4080,22,6,2017,5,21,38,0,2,5,98,6,GREEN ST,NA,0,32.48087222,-94.734625,0,8,0,0,1,1,0,1,2,10,0,10,0,0,21,38,21,42,21,53,0,0,0,1,0
48,481450,0,3,5,17,1,0,0,0,410,0,3,7,3,7,8,7,8,8,8,8,400,0,48,1,1,0,3,3,1,1,201,0,22,6,2017,5,20,52,0,2,5,98,4,CR-HIRSCHFIELD RD,NA,0,30.0431,-95.37097222,0,8,0,0,1,1,0,1,2,10,0,10,0,0,20,55,21,2,21,46,0,0,0,1,0
48,481450,0,1,5,15,1,0,0,0,410,0,3,7,3,7,8,7,8,8,8,8,400,0,48,1,1,0,3,3,1,1,201,0,22,6,2017,5,20,52,0,2,5,98,4,CR-HIRSCHFIELD RD,NA,0,30.0431,-95.37097222,0,8,0,0,1,1,0,1,2,10,0,10,0,0,20,55,21,2,21,46,0,0,0,1,0
48,481450,0,2,5,16,1,0,0,0,410,0,3,7,3,7,8,7,8,8,8,8,400,0,48,1,1,0,3,3,1,1,201,0,22,6,2017,5,20,52,0,2,5,98,4,CR-HIRSCHFIELD RD,NA,0,30.0431,-95.37097222,0,8,0,0,1,1,0,1,2,10,0,10,0,0,20,55,21,2,21,46,0,0,0,1,0
48,481451,0,1,5,57,1,0,0,0,680,0,3,7,3,7,8,7,8,8,8,8,990,0,48,1,1,0,1,1,1,1,375,150,22,6,2017,5,6,36,1,2,3,98,1,I-40 BUSINESS AMARILLO BLVD,NA,201,35.19518889,-101.856075,0,8,0,0,1,1,0,1,3,10,0,10,0,0,99,98,99,98,88,88,0,0,0,1,0
48,481471,0,1,5,43,1,0,0,0,910,0,3,7,3,7,8,7,8,8,8,8,910,0,48,1,1,0,1,1,1,1,325,0,14,6,2017,4,21,0,1,1,1,1,1,I-35,NA,7,29.09675556,-98.947225,0,8,0,0,1,1,0,1,5,1,0,1,0,0,99,98,99,98,88,88,0,0,0,1,0
48,481472,0,1,8,5,1,0,0,0,250,0,3,7,3,7,8,7,8,8,8,8,100,0,48,1,1,0,1,1,3,3,201,3280,16,6,2017,6,15,21,0,2,7,98,6,BYWOOD ST,NA,0,29.83758889,-95.29048333,0,15,0,0,1,1,0,1,1,1,0,1,0,0,15,20,15,32,15,41,0,0,0,1,0
48,481473,0,1,5,18,1,1,1,0,760,0,3,7,3,7,8,7,8,8,8,8,750,0,48,1,1,0,1,1,1,1,215,5330,16,6,2017,6,15,10,1,2,3,98,2,US-281 CAGE BLVD,NA,459,26.13053611,-98.19482222,0,8,0,0,1,1,0,1,1,1,0,1,0,0,99,99,99,99,99,99,0,0,0,1,0
48,481492,0,1,5,71,1,0,0,0,910,0,3,7,3,7,8,7,8,8,8,8,910,0,48,1,1,0,1,1,2,2,223,6670,24,6,2017,7,21,49,1,2,1,1,1,I-30,NA,185,33.14493333,-95.55999444,0,8,0,0,1,1,0,1,2,10,0,10,0,0,99,98,99,98,88,88,0,0,0,1,0
48,481503,0,1,5,998,2,0,1,0,760,0,1,7,2,7,4,7,1,3,2,3b,750,0,48,1,1,0,1,1,10,10,141,2190,29,6,2017,5,14,9,1,2,3,98,6,DYER ST,TITANIC AVE,99,31.85338056,-106.4389444,0,8,0,0,1,1,0,1,1,1,0,1,0,0,14,9,14,14,14,35,0,0,0,1,0
48,481509,0,1,8,56,1,0,0,0,410,0,3,7,3,7,8,7,8,8,8,8,400,0,48,1,1,0,1,1,1,1,201,0,30,1,2017,2,19,50,0,2,5,98,4,CR-SWEETWATER LN,NA,0,29.88639444,-95.40856111,0,15,0,0,1,1,0,1,2,1,0,1,0,0,99,99,99,99,99,99,0,0,0,1,0
48,481530,0,1,5,63,2,0,0,0,760,0,3,7,3,7,8,7,8,8,8,8,750,0,48,1,1,0,1,1,1,1,215,0,24,6,2017,7,23,2,0,2,4,98,8,FM 1015 MILE 3 RD,NA,47,26.2262,-97.95971111,0,8,0,0,1,1,0,1,2,1,0,1,0,0,99,98,99,98,88,88,0,0,0,1,0
48,481535,0,1,5,35,2,0,1,0,680,0,3,7,3,7,8,7,8,8,8,8,990,0,48,1,1,0,1,1,1,1,439,2450,27,6,2017,3,22,37,1,2,3,98,3,SR-180 LANCASTER AVE,NA,180,32.74087778,-97.24986667,0,8,0,0,1,1,0,1,3,1,0,1,0,0,22,39,22,45,23,1,0,0,0,1,0
48,481537,0,1,5,22,2,0,0,0,760,0,3,7,3,7,8,7,8,8,8,8,750,0,48,1,1,0,1,1,1,1,439,2990,28,6,2017,4,0,44,1,2,3,98,2,US-377 DENTON HWY,NA,303,32.84268889,-97.26420556,0,8,0,0,1,1,0,1,2,1,0,1,0,0,99,98,99,98,88,88,0,0,0,1,0
48,481538,0,1,5,37,1,0,0,0,410,0,2,7,3,7,9,7,2,3,9,99,400,0,48,1,1,0,1,1,1,1,37,0,29,6,2017,5,22,27,1,2,3,98,2,US-67,ROOSEVELT ST,57,33.41295556,-94.13798056,0,8,0,0,3,3,0,1,2,1,0,1,0,0,99,99,99,99,99,99,0,0,0,1,0
48,481541,0,1,5,19,1,0,1,0,680,0,3,7,3,7,8,7,8,8,8,8,990,0,48,2,2,0,1,1,2,2,441,30,29,6,2017,5,9,10,0,2,3,98,8,FM 89 BUFFALO GAP RD,NA,191,32.37012778,-99.77699444,0,8,0,0,1,1,0,1,1,1,0,1,0,0,99,98,99,98,88,88,0,0,0,1,0
48,481544,0,1,5,2,2,0,0,0,742,0,3,7,3,7,8,7,8,8,8,8,740,0,48,1,1,0,1,1,1,1,89,2020,20,5,2017,7,20,50,0,1,7,98,6,STATE ST,NA,0,29.59202778,-96.33259444,0,8,0,0,1,1,0,1,3,10,0,10,0,0,99,98,99,98,88,88,0,0,0,1,0
48,481545,0,2,5,70,2,0,0,0,890,0,4,7,8,7,8,7,8,8,8,8,800,0,48,1,1,0,2,2,2,2,113,4530,1,6,2017,5,22,5,0,2,5,98,6,SEMINARY RIDGE,NA,0,32.76280833,-96.57775,0,59,0,0,1,1,0,4,3,1,0,1,0,0,22,5,22,28,23,12,0,0,0,1,1
48,481545,0,1,5,42,1,0,0,0,890,0,4,7,8,7,8,7,8,8,8,8,800,0,48,1,1,0,2,2,2,2,113,4530,1,6,2017,5,22,5,0,2,5,98,6,SEMINARY RIDGE,NA,0,32.76280833,-96.57775,0,59,0,0,1,1,0,4,3,1,0,1,0,0,22,5,22,28,23,12,0,0,0,1,1
48,481548,0,1,5,75,1,0,1,0,781,0,1,7,1,7,4,7,2,1,2,12b,790,0,48,1,1,0,1,1,1,1,453,330,11,6,2017,1,21,19,0,2,4,98,6,BANDERA RD,SPRINGDALE RD,0,30.28413889,-97.68378333,0,8,0,0,3,2,0,1,3,1,0,1,0,0,21,19,21,22,21,36,0,0,0,1,0
48,481552,0,1,5,34,2,0,0,0,313,0,3,7,3,7,8,7,8,8,8,8,600,0,48,2,2,0,1,1,7,7,113,2590,20,6,2017,3,23,33,1,2,1,1,1,I-30,NA,280,32.84928056,-96.57243889,0,8,0,1,18,1,0,1,3,1,0,1,0,0,99,99,99,99,88,88,0,0,0,1,0
48,481562,0,1,5,20,1,0,0,0,410,0,3,7,3,7,8,7,8,8,8,8,400,0,48,1,1,0,1,1,1,1,291,3980,29,6,2017,5,4,29,0,2,5,98,8,FM 1008 KENEFICK HWY,NA,104,30.10362222,-94.85826389,0,8,0,0,1,1,0,1,2,5,0,5,0,0,99,98,99,98,88,88,0,0,0,1,0
48,481565,0,1,5,32,1,0,0,0,760,0,3,7,3,7,8,7,8,8,8,8,750,0,48,2,2,0,1,1,3,3,99,0,1,7,2017,7,23,1,0,1,4,98,2,US-84,NA,31,31.47370556,-98.09781111,0,8,0,0,1,1,0,1,2,1,0,1,0,0,99,98,99,98,88,88,0,0,0,1,0
48,481567,0,1,5,57,1,1,1,1,150,0,4,7,8,7,8,7,8,8,8,8,100,0,48,1,1,0,1,1,3,3,141,2190,1,7,2017,7,20,57,0,2,4,98,6,WESTWIND DR,REDD RD,0,31.86224444,-106.5497333,0,38,0,0,8,1,0,5,3,1,0,1,0,0,20,57,21,5,21,45,0,0,0,1,1
48,481570,0,1,8,85,1,0,1,0,760,0,1,7,1,7,1,7,4,3,1,2a,750,0,48,1,1,0,1,1,2,2,303,4140,1,7,2017,7,17,35,0,2,3,98,8,FM 2528 FRANKFORD AVE,6TH ST,162,33.59029444,-101.9397444,0,15,0,0,3,2,0,1,1,1,0,1,0,0,17,35,17,42,17,59,0,0,0,1,0
48,481574,0,1,5,38,1,0,1,0,760,0,3,7,3,7,8,7,8,8,8,8,750,0,48,1,1,0,1,1,1,1,29,6090,2,7,2017,1,21,30,1,2,3,98,8,SS-421 BANDERA RD,NA,125,29.46476667,-98.56495,0,8,0,0,1,1,0,1,2,1,0,1,0,0,21,32,21,37,21,55,0,0,0,1,0
48,481576,0,1,5,54,1,0,1,0,410,0,3,7,3,7,8,7,8,8,8,8,400,0,48,1,1,0,1,1,1,1,113,1730,2,7,2017,1,0,1,1,2,3,98,6,CAMP WISDOM RD,NA,0,32.66230556,-96.82593056,0,8,0,0,1,1,1,1,2,10,0,10,0,0,7,0,7,2,88,88,0,0,0,1,0
48,481577,0,1,5,32,1,0,0,0,680,0,3,7,3,7,8,7,8,8,8,8,990,0,48,1,1,0,1,1,1,1,163,4674,2,7,2017,1,21,5,0,1,5,1,7,I-35,NA,315,29.05573056,-99.01010278,0,8,0,0,1,1,0,1,3,1,0,1,0,0,99,98,99,98,88,88,0,0,0,1,0
48,481590,0,1,5,58,1,0,0,0,230,0,3,7,4,7,8,7,8,8,8,8,100,0,48,2,1,1,2,2,1,1,167,2570,3,7,2017,2,0,55,1,2,1,1,1,I-45 J AVENUE,NA,120,29.2858,-94.86595278,0,14,0,0,1,1,0,2,3,1,0,1,0,0,99,98,99,98,88,88,23,0,0,2,0
48,481590,0,2,5,32,1,0,0,0,230,0,3,7,4,7,8,7,8,8,8,8,100,0,48,2,1,1,2,2,1,1,167,2570,3,7,2017,2,0,55,1,2,1,1,1,I-45 J AVENUE,NA,120,29.2858,-94.86595278,0,14,0,0,1,1,0,2,3,1,0,1,0,0,99,98,99,98,88,88,23,0,0,2,0
48,481591,0,1,5,45,1,1,1,0,313,0,3,7,3,7,8,7,8,8,8,8,600,0,48,1,1,0,1,1,2,2,201,3280,3,7,2017,2,21,31,1,2,3,98,2,US-90 ALT OLD SPANISH TRL,NA,128,29.70241667,-95.35818611,0,8,0,0,1,1,0,1,3,1,0,1,0,0,21,34,21,43,21,49,0,0,0,1,0
48,481593,0,1,5,19,1,0,0,0,230,0,3,7,3,7,8,7,8,8,8,8,100,0,48,2,2,0,1,1,2,2,229,0,3,7,2017,2,1,43,1,1,1,1,1,I-10,NA,36,31.37793889,-105.9207444,0,8,0,0,1,1,0,1,2,1,0,1,0,0,1,44,2,19,3,14,23,0,0,1,0
48,481595,0,1,5,36,2,0,0,0,610,0,2,7,3,7,9,7,3,3,2,4c,600,0,48,1,1,0,1,1,1,1,309,545,3,7,2017,2,21,14,0,2,4,98,2,US-77L BUSINESS NEW DALLAS HWY,MONTROSE ST,83,31.592825,-97.11396111,0,8,0,0,3,2,0,1,2,1,0,1,0,0,99,99,99,99,99,99,0,0,0,1,0
48,481599,0,1,5,75,1,1,1,0,140,0,1,7,2,7,1,7,2,3,1,1b,100,0,48,2,2,0,1,1,4,4,113,1730,4,7,2017,3,20,22,0,2,3,98,6,LAKE JUNE RD,NA,0,32.73404444,-96.64580278,0,12,6,0,8,1,0,1,1,1,0,1,0,0,20,25,20,29,20,50,0,0,0,1,0
48,481603,0,1,5,32,1,0,0,0,741,0,3,7,3,7,8,7,8,8,8,8,740,0,48,1,1,0,1,1,1,1,91,4870,5,7,2017,4,0,5,1,2,3,98,3,SR-46,NA,194,29.69131667,-98.0773,0,8,0,0,1,1,0,1,2,1,0,1,0,0,0,5,0,9,0,56,0,0,0,1,0
48,481609,0,1,5,42,2,0,0,0,910,0,3,7,3,7,8,7,8,8,8,8,910,0,48,1,1,0,1,1,1,1,325,0,5,7,2017,4,22,5,1,1,1,1,1,I-35,NA,109,29.19811389,-98.82555278,0,8,0,0,1,1,0,1,2,1,0,1,0,0,99,98,99,98,88,88,0,0,0,1,0
48,481610,0,1,5,54,2,0,0,0,890,0,4,7,8,7,8,7,8,8,8,8,800,0,48,1,1,0,3,3,1,1,329,4560,5,7,2017,4,22,18,0,2,7,98,6,MARK LN,NA,0,32.01134167,-102.1435722,0,41,0,0,1,1,0,4,3,1,0,1,0,0,22,19,22,22,22,48,15,0,0,1,1
48,481610,0,2,5,53,2,0,0,0,890,0,4,7,8,7,8,7,8,8,8,8,800,0,48,1,1,0,3,3,1,1,329,4560,5,7,2017,4,22,18,0,2,7,98,6,MARK LN,NA,0,32.01134167,-102.1435722,0,41,0,0,1,1,0,4,3,1,0,1,0,0,22,19,22,22,22,48,15,0,0,1,1
48,481610,0,3,5,89,2,0,0,0,890,0,4,7,8,7,8,7,8,8,8,8,800,0,48,1,1,0,3,3,1,1,329,4560,5,7,2017,4,22,18,0,2,7,98,6,MARK LN,NA,0,32.01134167,-102.1435722,0,41,0,0,1,1,0,4,3,1,0,1,0,0,22,19,22,22,22,48,15,0,0,1,1
48,481616,0,1,5,23,1,0,0,0,313,0,3,7,3,7,8,7,8,8,8,8,600,0,48,1,1,0,1,1,1,1,121,3157,8,7,2017,7,0,2,0,2,7,98,6,HARBOR LN,NA,0,33.11564167,-97.05248611,0,8,0,0,1,1,0,1,6,1,0,1,0,0,99,98,99,98,88,88,0,0,0,1,0
48,481619,0,1,5,1,1,0,0,0,760,0,3,7,3,7,8,7,8,8,8,8,750,0,48,1,1,0,1,1,1,1,213,0,9,7,2017,1,21,8,1,1,3,98,2,US-175,NA,149,32.22586944,-95.88448056,0,8,0,0,1,1,0,1,2,1,0,1,0,0,99,98,99,98,88,88,0,0,0,1,0
48,481626,0,1,5,23,2,0,0,0,230,0,3,7,3,7,8,7,8,8,8,8,100,0,48,3,3,0,2,2,1,1,139,2240,11,7,2017,3,3,1,1,2,1,1,1,I-45,NA,69,32.32011111,-96.60536944,0,12,1,0,1,1,0,1,2,10,0,10,0,0,3,13,3,24,4,30,19,0,0,1,0
48,481626,0,2,5,37,1,0,0,0,230,0,3,7,3,7,8,7,8,8,8,8,100,0,48,3,3,0,2,2,1,1,139,2240,11,7,2017,3,3,1,1,2,1,1,1,I-45,NA,69,32.32011111,-96.60536944,0,12,1,0,1,1,0,1,2,10,0,10,0,0,3,13,3,24,4,30,19,0,0,1,0
48,481627,0,1,5,39,2,0,0,0,680,0,3,7,9,7,8,7,8,8,8,8,990,0,48,1,1,0,1,1,1,1,201,480,11,7,2017,3,20,40,0,2,4,98,6,MAIN ST,NA,0,29.76926667,-94.96404444,0,33,0,0,1,1,0,4,3,1,0,1,0,0,99,98,99,98,88,88,0,0,0,1,0
48,481628,0,1,5,88,2,0,0,0,710,0,2,7,3,7,2,7,1,3,2,4a,720,0,48,1,1,0,1,1,1,1,309,7210,12,7,2017,4,15,30,1,2,3,98,3,SR-396 LOOP,FORT AVE,24,31.52944167,-97.177025,0,8,0,0,3,3,0,1,1,1,0,1,0,0,15,32,15,34,15,59,0,0,0,1,0
48,481632,0,1,5,58,1,0,0,0,760,0,2,7,3,7,3,7,2,3,2,4a,750,0,48,1,1,0,1,1,1,1,375,150,15,7,2017,7,21,10,1,2,3,98,2,US-60 AMARILLO BLVD,GRANT ST,0,35.22196944,-101.8249778,0,8,0,0,3,2,0,1,3,10,0,10,0,0,99,99,99,99,99,99,0,0,0,1,0
48,481633,0,1,5,48,1,0,1,0,760,0,3,7,3,7,8,7,8,8,8,8,750,0,48,2,2,0,1,1,2,2,439,2450,15,7,2017,7,22,50,1,2,3,98,8,SP 580 CAMP BOWIE WEST BLVD,NA,55,32.723825,-97.45508056,0,8,0,0,1,1,0,1,2,10,0,10,0,0,99,98,99,98,88,88,0,0,0,1,0
48,481637,0,1,5,44,1,0,0,0,910,0,3,7,3,7,8,7,8,8,8,8,910,0,48,1,1,0,1,1,1,1,113,1730,19,2,2017,1,2,25,1,2,2,98,2,US-175 SM WRIGHT FWY,NA,30,32.76495833,-96.77431944,0,8,0,0,1,1,0,1,3,1,0,1,0,0,99,98,99,98,88,88,0,0,0,1,0
48,481651,0,1,5,63,2,0,0,0,782,0,3,7,3,7,8,7,8,8,8,8,790,0,48,1,1,0,1,1,1,1,29,6090,4,7,2017,3,22,14,0,2,7,98,6,CRAINWOOD,NA,0,29.57308611,-98.37190278,0,8,0,0,1,1,0,1,3,1,0,1,0,0,22,15,22,26,88,88,0,0,0,1,0
48,481652,0,1,5,60,2,1,1,0,770,0,1,7,2,7,1,7,2,3,1,1b,750,0,48,1,1,0,1,1,1,1,53,4310,4,7,2017,3,22,43,0,2,7,98,6,YETT ST,MAIN ST,0,30.56923611,-98.27910278,0,8,0,0,3,2,0,1,3,1,0,1,0,0,22,47,99,99,23,47,0,0,0,1,1
48,481668,0,1,5,61,2,0,0,0,760,0,3,7,3,7,8,7,8,8,8,8,750,0,48,1,1,0,1,1,2,2,201,0,8,7,2017,7,22,7,0,2,7,98,4,CR-ELLA BLVD,NA,0,30.00284167,-95.44225833,0,8,0,0,1,1,0,1,2,10,0,10,0,0,22,11,22,16,22,27,0,0,0,1,0
48,481685,0,1,5,29,2,0,0,0,410,0,3,7,4,7,8,7,8,8,8,8,400,0,48,1,1,0,2,2,1,1,61,940,13,7,2017,5,12,55,1,2,3,98,3,SR-58 PADRE ISLAND HWY,NA,38,25.92756944,-97.454725,0,8,0,0,1,1,0,2,1,10,0,10,0,0,12,30,12,39,12,59,0,0,0,2,0
48,481685,0,2,5,2,1,0,0,0,410,0,3,7,4,7,8,7,8,8,8,8,400,0,48,1,1,0,2,2,1,1,61,940,13,7,2017,5,12,55,1,2,3,98,3,SR-58 PADRE ISLAND HWY,NA,38,25.92756944,-97.454725,0,8,0,0,1,1,0,2,1,10,0,10,0,0,12,30,12,39,12,59,0,0,0,2,0
48,481688,0,1,5,39,2,0,0,0,680,0,3,7,3,7,8,7,8,8,8,8,990,0,48,1,1,0,1,1,2,2,339,0,13,7,2017,5,21,50,0,1,5,98,4,CR-CROCKETT MARTIN RD,NA,0,30.31463611,-95.31951389,0,8,0,0,1,1,0,1,2,1,0,1,0,0,99,99,99,99,99,99,0,0,0,1,0
48,481691,0,1,5,41,1,0,0,0,440,0,3,7,3,7,8,7,8,8,8,8,400,0,48,1,1,0,1,1,1,1,503,0,13,7,2017,5,18,30,0,1,4,98,2,US-380,NA,74,33.11697778,-98.54913333,0,8,0,0,1,1,0,1,1,1,0,1,0,0,18,39,18,44,18,57,0,0,0,1,0
48,481698,0,1,5,55,2,0,0,0,410,0,3,7,3,7,8,7,8,8,8,8,400,0,48,1,1,0,1,1,1,1,441,30,14,7,2017,6,0,13,1,2,1,1,7,I-20 STAMFORD,NA,35,32.48550278,-99.71274722,0,8,0,0,1,1,0,1,2,1,0,1,0,0,99,98,99,98,88,88,0,0,0,1,0
48,481703,0,1,5,21,1,1,1,0,760,0,1,7,2,7,1,7,4,3,2,3a,750,0,48,1,1,0,1,1,1,1,215,4197,15,7,2017,7,2,21,1,2,3,98,2,US-83 BUSINESS,15TH ST,72,26.20444167,-98.23556389,0,8,0,0,2,2,0,1,3,1,0,1,0,0,2,20,2,28,2,39,0,0,0,1,1
48,481714,0,1,5,26,1,0,1,0,770,0,1,7,2,7,2,7,1,3,2,3a,750,0,48,1,1,0,1,1,1,1,303,4140,18,7,2017,3,22,59,0,2,3,98,6,QUAKER AVE,40TH ST,0,33.55723333,-101.9050861,0,8,0,0,3,3,0,1,3,1,0,1,0,0,23,0,23,4,23,20,0,0,0,1,0
48,481719,0,1,5,57,1,0,0,0,410,0,3,7,3,7,8,7,8,8,8,8,400,0,48,1,1,0,2,2,1,1,201,3280,19,7,2017,4,0,15,1,2,1,1,7,I-69 US-59 SOUTHWEST FWY,NA,73,29.65205,-95.56820278,0,8,0,0,1,1,0,1,3,1,0,1,0,0,0,30,0,37,0,53,0,0,0,1,0
48,481719,0,2,5,29,2,0,0,0,410,0,3,7,3,7,8,7,8,8,8,8,400,0,48,1,1,0,2,2,1,1,201,3280,19,7,2017,4,0,15,1,2,1,1,7,I-69 US-59 SOUTHWEST FWY,NA,73,29.65205,-95.56820278,0,8,0,0,1,1,0,1,3,1,0,1,0,0,0,30,0,37,0,53,0,0,0,1,0
48,481721,0,1,5,58,1,0,0,0,410,0,3,7,4,7,8,7,8,8,8,8,400,0,48,1,1,0,1,1,1,1,21,0,20,7,2017,5,19,17,1,1,3,98,3,SR-21,NA,124,30.109,-97.43931667,0,8,0,0,1,1,0,2,5,1,0,1,0,0,99,98,99,98,88,88,0,0,0,1,0
48,481728,0,1,5,35,2,0,0,0,910,0,3,7,3,7,8,7,8,8,8,8,910,0,48,1,1,0,1,1,3,3,297,6920,23,7,2017,1,4,34,1,1,1,1,1,I-37,NA,329,28.52104167,-98.18148333,0,8,0,0,1,1,0,1,2,1,0,1,0,0,99,98,99,98,88,88,0,0,0,1,0
48,481740,0,1,5,47,1,0,0,0,311,0,3,7,3,7,8,7,8,8,8,8,310,0,48,1,1,0,1,1,1,1,203,0,13,7,2017,5,18,35,0,1,5,98,8,FM 450,NA,114,32.66211667,-94.57329444,0,8,0,0,1,1,1,1,1,10,0,10,0,0,99,99,99,99,99,99,0,0,0,1,0
48,481744,0,1,5,43,1,0,0,0,680,0,3,7,3,7,8,7,8,8,8,8,990,0,48,1,1,0,1,1,1,1,187,0,14,7,2017,6,6,50,1,1,1,1,1,I-10,NA,347,29.65037778,-97.64886111,0,8,0,0,1,1,0,1,2,1,0,1,0,0,99,98,99,98,88,88,0,0,0,1,0
48,481746,0,1,5,39,1,0,0,0,680,0,3,7,3,7,8,7,8,8,8,8,990,0,48,1,1,0,1,1,5,5,391,0,17,7,2017,2,1,59,1,1,3,98,2,US-77,NA,239,28.28214722,-97.29545,0,8,0,0,1,1,0,1,2,1,0,1,0,0,99,98,99,98,88,88,19,0,0,1,0
48,481751,0,1,5,54,1,0,0,0,140,0,4,7,8,7,8,7,8,8,8,8,100,0,48,2,1,1,1,1,1,1,291,5674,20,7,2017,5,6,11,0,1,3,98,2,US-90,FM 770,221,30.04186944,-94.67211944,0,14,0,0,3,3,0,5,4,1,0,1,0,0,6,22,6,28,7,4,15,0,0,1,0
48,481755,0,1,5,49,2,0,0,0,680,0,3,7,3,7,8,7,8,8,8,8,990,0,48,1,1,0,1,1,1,1,201,0,24,7,2017,2,3,50,1,2,1,1,7,I-69 US-59 EASTEX FWY,NA,21,29.89393056,-95.31680833,0,8,0,0,1,1,0,1,3,10,0,10,0,0,99,98,99,98,88,88,0,0,0,1,0
48,481757,0,1,5,57,1,0,0,0,230,0,3,7,3,7,8,7,8,8,8,8,100,0,48,3,3,0,2,2,1,1,29,6090,23,2,2017,5,20,4,1,2,3,98,6,WW WHITE RD,NA,93,29.42561667,-98.40556389,0,8,0,0,1,1,0,1,3,1,0,1,0,0,99,99,99,99,99,99,19,0,0,1,1
48,481757,0,2,5,56,2,0,0,0,140,0,3,7,9,7,8,7,8,8,8,8,100,0,48,3,3,0,2,2,1,1,29,6090,23,2,2017,5,20,4,1,2,3,98,6,WW WHITE RD,NA,93,29.42561667,-98.40556389,0,8,0,0,1,1,0,1,3,1,0,1,0,0,99,99,99,99,99,99,19,0,0,1,1
48,481761,0,1,5,20,1,0,0,0,230,0,3,7,3,7,8,7,8,8,8,8,100,0,48,2,2,0,2,2,2,2,479,3899,10,6,2017,7,2,58,1,2,3,98,8,FM 1472 MINES RD,NA,158,27.59723333,-99.51471389,0,8,0,0,1,1,0,1,3,1,0,1,0,0,99,99,99,99,88,88,23,0,0,2,1
48,481761,0,2,5,19,1,0,0,0,230,0,3,7,3,7,8,7,8,8,8,8,100,0,48,2,2,0,2,2,2,2,479,3899,10,6,2017,7,2,58,1,2,3,98,8,FM 1472 MINES RD,NA,158,27.59723333,-99.51471389,0,8,0,0,1,1,0,1,3,1,0,1,0,0,99,99,99,99,88,88,23,0,0,2,1
48,481766,0,1,5,59,1,0,0,0,760,0,3,7,3,7,8,7,8,8,8,8,750,0,48,1,1,0,1,1,2,2,479,3899,4,7,2017,3,0,6,1,2,3,98,2,US-83,NA,54,27.44184722,-99.47855278,0,8,0,0,1,1,0,1,3,1,0,1,0,0,0,6,0,13,0,47,0,0,0,1,0
48,481788,0,1,5,37,1,0,0,0,910,0,3,7,3,7,8,7,8,8,8,8,910,0,48,1,1,0,1,1,1,1,309,7210,22,7,2017,7,21,55,1,2,2,98,3,SR-6 LOOP 340,NA,180,31.50295556,-97.17584722,0,8,0,1,18,1,0,1,3,1,0,1,0,0,99,98,99,98,88,88,0,0,0,1,0
48,481789,0,1,8,59,1,0,0,0,410,0,3,7,3,7,8,7,8,8,8,8,400,0,48,1,1,0,1,1,1,1,355,1550,22,7,2017,7,0,27,0,2,4,98,6,SS 407 LEOPARD ST,NA,68,27.81789722,-97.52793611,0,15,0,0,1,1,0,1,2,99,0,99,0,0,99,98,99,98,88,88,0,0,0,1,0
48,481799,0,1,5,39,1,0,0,0,760,0,2,7,3,7,2,7,1,3,1,2a,750,0,48,1,1,0,1,1,3,3,29,6090,27,7,2017,5,21,15,1,2,3,98,6,AUSTIN HWY,SR-368 PERRIN BEITEL,112,29.50901944,-98.40948056,0,8,0,0,3,3,0,1,3,1,0,1,0,0,21,16,21,19,21,37,0,0,0,1,0