STATE.x,ST_CASE,VEH_NO,PER_NO,PBPTYPE,PBAGE,PBSEX,PBCWALK,PBSWALK,PBSZONE,PEDCTYPE,BIKECTYPE,PEDLOC,BIKELOC,PEDPOS,BIKEPOS,PEDDIR,BIKEDIR,MOTDIR,MOTMAN,PEDLEG,PEDSNR,PEDCGP,BIKECGP,STATE.y,VE_TOTAL,VE_FORMS,PVH_INVL,PEDS,PERNOTMVIT,PERMVIT,PERSONS,COUNTY,CITY,DAY,MONTH,YEAR,DAY_WEEK,HOUR,MINUTE,NHS,RUR_URB,FUNC_SYS,RD_OWNER,ROUTE,TWAY_ID,TWAY_ID2,MILEPT,LATITUDE,LONGITUD,SP_JUR,HARM_EV,MAN_COLL,RELJCT1,RELJCT2,TYP_INT,WRK_ZONE,REL_ROAD,LGT_COND,WEATHER1,WEATHER2,WEATHER,SCH_BUS,RAIL,NOT_HOUR,NOT_MIN,ARR_HOUR,ARR_MIN,HOSP_HR,HOSP_MN,CF1,CF2,CF3,FATALS,DRUNK_DR
48,481807,0,1,5,62,1,0,0,0,760,0,3,7,3,7,8,7,8,8,8,8,750,0,48,1,1,0,1,1,1,1,141,2190,29,7,2017,7,0,10,1,2,3,98,6,FM 659 ZARAGOZA,NA,64,31.74656944,-106.2839889,0,8,0,0,1,1,0,1,2,1,0,1,0,0,99,99,99,99,99,99,0,0,0,1,1
48,481813,0,1,5,34,1,0,0,0,760,0,3,7,3,7,8,7,8,8,8,8,750,0,48,1,1,0,1,1,2,2,245,490,29,7,2017,7,23,43,1,2,5,98,2,US-90 COLLEGE ST,NA,8,30.06756667,-94.17654167,0,8,0,0,1,1,0,1,2,1,0,1,0,0,99,98,99,98,88,88,0,0,0,1,0
48,481840,0,1,5,45,1,0,0,0,230,0,3,7,3,7,8,7,8,8,8,8,100,0,48,2,2,0,1,1,1,1,297,0,25,7,2017,3,11,22,1,1,1,1,1,I-37,NA,134,28.30387778,-97.98131667,0,12,1,0,1,1,0,1,1,10,0,10,0,0,99,98,99,98,88,88,19,0,0,1,0
48,481854,0,1,5,45,1,0,0,0,313,0,3,7,3,7,8,7,8,8,8,8,600,0,48,1,1,0,5,5,1,1,325,0,29,7,2017,7,2,20,1,1,1,1,7,I-35,NA,125,29.2133,-98.80576111,0,8,0,0,1,1,0,1,6,1,0,1,0,0,99,99,99,99,99,99,19,0,0,3,0
48,481854,0,2,5,36,1,0,0,0,680,0,3,7,3,7,8,7,8,8,8,8,990,0,48,1,1,0,5,5,1,1,325,0,29,7,2017,7,2,20,1,1,1,1,7,I-35,NA,125,29.2133,-98.80576111,0,8,0,0,1,1,0,1,6,1,0,1,0,0,99,99,99,99,99,99,19,0,0,3,0
48,481854,0,3,5,41,2,0,0,0,680,0,3,7,3,7,8,7,8,8,8,8,990,0,48,1,1,0,5,5,1,1,325,0,29,7,2017,7,2,20,1,1,1,1,7,I-35,NA,125,29.2133,-98.80576111,0,8,0,0,1,1,0,1,6,1,0,1,0,0,99,99,99,99,99,99,19,0,0,3,0
48,481854,0,4,5,47,1,0,0,0,680,0,3,7,3,7,8,7,8,8,8,8,990,0,48,1,1,0,5,5,1,1,325,0,29,7,2017,7,2,20,1,1,1,1,7,I-35,NA,125,29.2133,-98.80576111,0,8,0,0,1,1,0,1,6,1,0,1,0,0,99,99,99,99,99,99,19,0,0,3,0
48,481854,0,5,5,35,1,0,0,0,680,0,3,7,3,7,8,7,8,8,8,8,990,0,48,1,1,0,5,5,1,1,325,0,29,7,2017,7,2,20,1,1,1,1,7,I-35,NA,125,29.2133,-98.80576111,0,8,0,0,1,1,0,1,6,1,0,1,0,0,99,99,99,99,99,99,19,0,0,3,0
48,481857,0,1,5,9,2,0,0,0,330,0,3,7,3,7,8,7,8,8,8,8,350,0,48,1,1,0,1,1,1,1,19,0,30,7,2017,1,19,54,0,1,5,98,8,PR-37,NA,39,29.58527778,-98.94898333,0,8,0,0,1,1,0,1,1,1,0,1,0,0,99,99,99,99,99,99,0,0,0,1,0
48,481861,0,1,5,61,1,0,0,0,760,0,3,7,3,7,8,7,8,8,8,8,750,0,48,1,1,0,1,1,1,1,201,0,30,7,2017,1,14,26,1,2,3,98,8,FM 1960 CYPRESS CREEK PKWY,NA,88,29.97930278,-95.51395833,0,8,0,0,1,1,0,1,1,1,0,1,0,0,99,98,99,98,88,88,0,0,0,1,0
48,481864,0,1,5,72,2,0,0,0,760,0,3,7,3,7,8,7,8,8,8,8,750,0,48,1,1,0,1,1,1,1,491,2620,31,7,2017,2,16,3,0,2,4,98,6,WILLIAMS DR,NA,0,30.70252778,-97.74286389,0,8,0,0,1,1,0,1,1,1,0,1,0,0,16,3,16,12,88,88,0,0,0,1,0
48,481868,0,1,5,24,2,0,1,0,760,0,3,7,3,7,8,7,8,8,8,8,750,0,48,1,1,0,1,1,1,1,157,4655,5,6,2017,2,5,56,0,2,4,98,8,FM 1092 MURPHY,NA,48,29.58337778,-95.5641,0,8,0,0,1,1,0,1,2,10,0,10,0,0,6,0,6,9,6,30,0,0,0,1,0
48,481872,0,1,5,34,1,0,1,0,760,0,3,7,3,7,8,7,8,8,8,8,750,0,48,1,1,0,1,1,2,2,453,330,17,7,2017,2,22,58,0,2,4,98,6,BRAKER LN,NA,0,30.37684167,-97.67535,0,8,0,0,1,1,0,1,3,2,0,2,0,0,22,58,23,3,23,35,0,0,0,1,0
48,481876,0,1,5,20,2,0,0,0,230,0,3,7,3,7,8,7,8,8,8,8,100,0,48,2,2,0,2,2,1,1,113,2590,21,7,2017,6,2,37,1,2,1,1,1,I-635 LBJ FWY,NA,4,32.87428889,-96.68249444,0,8,0,1,18,1,0,1,3,1,0,1,0,0,2,38,2,55,3,10,23,0,0,2,1
48,481876,0,2,5,20,1,0,0,0,140,0,3,7,3,7,8,7,8,8,8,8,100,0,48,2,2,0,2,2,1,1,113,2590,21,7,2017,6,2,37,1,2,1,1,1,I-635 LBJ FWY,NA,4,32.87428889,-96.68249444,0,8,0,1,18,1,0,1,3,1,0,1,0,0,2,38,2,55,3,10,23,0,0,2,1
48,481886,0,1,5,17,2,0,1,0,680,0,3,7,3,7,8,7,8,8,8,8,990,0,48,1,1,0,1,1,1,1,441,30,28,7,2017,6,2,21,1,2,3,98,6,JUDGE ELY BLVD,NA,0,32.46545278,-99.70531389,0,8,0,0,1,1,0,1,3,1,0,1,0,0,99,99,99,99,99,99,0,0,0,1,0
48,481893,0,1,5,49,1,0,0,0,410,0,3,7,3,7,8,7,8,8,8,8,400,0,48,1,1,0,1,1,1,1,53,4310,30,7,2017,1,22,53,1,2,3,98,2,US-281,NA,307,30.60510833,-98.267075,0,8,0,0,1,1,0,1,2,1,0,1,0,0,99,98,99,98,88,88,0,0,0,1,1
48,481918,0,1,5,20,1,0,0,0,610,0,3,7,3,7,8,7,8,8,8,8,600,0,48,2,2,0,1,1,2,2,29,6090,4,8,2017,6,23,19,1,2,1,1,1,I-37,NA,70,29.37118056,-98.45443889,0,8,0,1,20,1,0,1,3,1,0,1,0,0,99,98,99,98,88,88,0,0,0,1,0
48,481919,0,1,5,68,1,0,1,0,760,0,1,7,1,7,9,7,1,3,9,99,750,0,48,1,1,0,1,1,1,1,29,6090,4,8,2017,6,6,23,0,2,7,98,6,PALO ATLO RD,VILLARET BLVD,0,29.32543056,-98.55231111,0,8,0,0,2,3,0,1,4,1,0,1,0,0,99,99,99,99,88,88,0,0,0,1,0
48,481931,0,1,5,42,2,0,0,0,760,0,3,7,3,7,8,7,8,8,8,8,750,0,48,1,1,0,1,1,1,1,29,6090,5,8,2017,7,22,4,1,2,3,98,3,SR-16 BANDERA RD,NA,56,29.53131389,-98.644425,0,8,0,0,1,1,0,1,2,1,0,1,0,0,99,98,99,98,88,88,0,0,0,1,0
48,481934,0,1,5,65,1,0,0,0,742,0,3,7,3,7,8,7,8,8,8,8,740,0,48,1,1,0,1,1,1,1,113,1730,5,8,2017,7,14,29,1,2,3,98,6,LAKE JUNE RD,NA,0,32.73433056,-96.68660278,0,8,0,0,1,1,0,1,1,1,0,1,0,0,14,2,14,42,14,52,0,0,0,1,0
48,481941,0,1,5,55,1,1,1,0,680,0,3,7,3,7,8,7,8,8,8,8,990,0,48,1,1,0,1,1,1,1,231,2860,5,8,2017,7,21,27,1,2,3,98,8,SP-302 LEE ST,NA,104,33.14004167,-96.12235833,0,8,0,0,1,1,0,1,2,1,0,1,0,0,21,29,21,30,21,33,0,0,0,1,0
48,481950,0,1,5,59,2,1,0,0,760,0,1,7,2,7,4,7,3,3,1,1a,750,0,48,1,1,0,1,1,1,1,201,3280,6,8,2017,1,21,50,1,2,3,98,3,SR-6 ADDICKS-HOWELL RD,PIPING ROCK LN,137,29.74040833,-95.644175,0,8,0,0,3,2,0,1,3,1,0,1,0,0,99,98,99,98,88,88,0,0,0,1,1
48,481952,0,1,5,39,1,0,0,0,760,0,3,7,3,7,8,7,8,8,8,8,750,0,48,1,1,0,1,1,1,1,341,1059,6,8,2017,1,2,0,1,1,3,98,2,US-287,NA,5,36.04810556,-102.0043972,0,8,0,0,1,1,0,1,2,10,0,10,0,0,99,98,99,98,88,88,0,0,0,1,0
48,481957,0,1,5,48,1,0,1,0,680,0,3,7,3,7,8,7,8,8,8,8,990,0,48,1,1,0,1,1,1,1,299,4030,7,8,2017,2,6,44,0,1,4,98,3,SR-16 BESSEMER AVE,NA,0,30.7591,-98.67516944,0,8,0,0,1,1,0,1,6,2,0,2,0,0,6,45,6,49,7,4,0,0,0,1,0
48,481960,0,1,5,48,2,0,0,0,760,0,1,7,1,7,4,7,1,3,1,2b,750,0,48,1,1,0,1,1,1,1,121,1840,8,8,2017,3,23,29,1,2,3,98,3,SR-288 LP,KINGS ROW,217,33.24835278,-97.09476111,0,8,0,0,2,2,0,1,2,10,0,10,0,0,99,98,99,98,88,88,0,0,0,1,0
48,481961,0,1,5,58,1,0,0,0,190,0,3,7,4,7,8,7,8,8,8,8,100,0,48,3,1,2,2,3,2,3,257,0,8,8,2017,3,8,25,1,1,1,1,1,I-20,NA,182,32.65156111,-96.07891667,0,57,0,0,1,1,1,3,1,10,0,10,0,0,8,32,9,8,10,5,15,14,0,2,0
48,481961,0,2,5,46,1,0,0,0,190,0,3,7,4,7,8,7,8,8,8,8,100,0,48,3,1,2,2,3,2,3,257,0,8,8,2017,3,8,25,1,1,1,1,1,I-20,NA,182,32.65156111,-96.07891667,0,57,0,0,1,1,1,3,1,10,0,10,0,0,8,32,9,8,10,5,15,14,0,2,0
48,481963,0,1,5,1,2,0,1,0,211,0,4,7,7,7,8,7,8,8,8,8,200,0,48,1,1,0,1,1,2,2,439,2255,8,8,2017,3,20,15,0,2,7,98,6,BROOK FOREST LN,NA,0,32.85896667,-97.06553056,0,8,0,0,8,1,0,5,1,1,0,1,0,0,88,88,88,88,88,88,0,0,0,1,0
48,481976,0,1,5,85,1,0,0,0,760,0,3,7,3,7,8,7,8,8,8,8,750,0,48,1,1,0,1,1,2,2,373,0,12,8,2017,7,21,18,1,2,3,98,2,US-59,NA,277,30.74485556,-94.92127222,0,8,0,0,1,1,0,1,2,1,0,1,0,0,99,98,99,98,88,88,0,0,0,1,0
48,481986,0,1,5,97,2,1,1,0,791,0,1,7,2,7,9,7,1,2,2,7c,790,0,48,1,1,0,1,1,1,1,201,3280,14,8,2017,2,9,14,1,2,3,98,6,BELLAIRE BLVD,GESSNER DR,0,29.70492222,-95.53789167,0,8,0,0,3,2,0,1,1,1,0,1,0,0,99,98,99,98,88,88,0,0,0,1,0
48,481990,0,1,5,80,1,0,1,0,799,0,3,7,3,7,8,7,8,8,8,8,790,0,48,1,1,0,1,1,1,1,439,2450,14,8,2017,2,13,30,1,2,3,98,6,CAMP BOWIE WEST BLVD,NA,67,32.72143611,-97.435325,0,8,0,0,1,1,0,1,1,10,0,10,0,0,13,45,13,49,14,6,0,0,0,1,0
48,481991,0,1,5,43,2,0,0,0,760,0,2,7,3,7,4,7,1,3,1,2b,750,0,48,1,1,0,1,1,1,1,201,0,15,8,2017,3,20,30,1,2,3,98,3,SR-6,LINDITA DR,170,29.69108333,-95.64376667,0,8,0,0,3,3,0,1,3,1,0,1,0,0,20,37,20,53,21,14,0,0,0,1,0
48,481995,0,1,5,31,1,0,0,0,910,0,3,7,3,7,8,7,8,8,8,8,910,0,48,1,1,0,1,1,1,1,303,4140,16,8,2017,4,6,20,1,2,2,98,2,US-87,NA,36,33.51623611,-101.8439333,0,8,0,1,18,1,1,1,2,10,0,10,0,0,99,99,99,99,88,88,0,0,0,1,0
48,481997,0,1,5,29,2,0,1,0,410,0,3,7,3,7,8,7,8,8,8,8,400,0,48,1,1,0,1,1,1,1,29,6090,17,8,2017,5,22,35,1,2,3,98,6,SAN PEDRO AVE,NA,0,29.51051111,-98.499275,0,8,0,0,1,1,0,1,3,1,0,1,0,0,99,98,99,98,88,88,0,0,0,1,0
48,482007,0,1,5,25,2,0,0,0,910,0,3,7,3,7,8,7,8,8,8,8,910,0,48,1,1,0,1,1,1,1,453,330,3,8,2017,5,21,27,1,2,1,1,1,I-35,NA,237,30.34565,-97.69590278,0,8,0,0,1,1,0,1,2,1,0,1,0,0,99,98,99,98,88,88,0,0,0,1,0
48,482009,0,1,5,16,2,0,0,0,430,0,3,7,3,7,8,7,8,8,8,8,400,0,48,1,1,0,2,2,3,3,491,6780,5,8,2017,7,20,58,0,1,7,98,6,OLD THORNDALE RD,NA,0,30.58131389,-97.39784444,0,8,0,0,1,1,0,1,3,1,0,1,0,0,88,88,88,88,88,88,0,0,0,1,0
48,482009,0,2,5,17,2,0,0,0,680,0,3,7,6,7,8,7,8,8,8,8,990,0,48,1,1,0,2,2,3,3,491,6780,5,8,2017,7,20,58,0,1,7,98,6,OLD THORNDALE RD,NA,0,30.58131389,-97.39784444,0,8,0,0,1,1,0,1,3,1,0,1,0,0,88,88,88,88,88,88,0,0,0,1,0
48,482015,0,1,5,47,2,0,0,0,459,0,3,7,3,7,8,7,8,8,8,8,400,0,48,1,1,0,1,1,1,1,355,1550,12,8,2017,7,2,56,1,2,3,98,6,AYERS ST,NA,0,27.73882222,-97.42524722,0,8,0,0,1,1,0,1,2,1,0,1,0,0,2,57,3,2,3,25,0,0,0,1,1
48,482021,0,1,5,6,2,0,0,0,680,0,3,7,4,7,8,7,8,8,8,8,990,0,48,1,1,0,2,2,1,1,473,7240,14,8,2017,2,3,45,1,1,2,98,2,US-290,NA,156,30.07140278,-95.94418056,0,8,0,0,1,1,0,2,2,1,0,1,0,0,3,51,4,11,4,47,19,0,0,1,0
48,482021,0,2,5,51,1,0,0,0,680,0,3,7,4,7,8,7,8,8,8,8,990,0,48,1,1,0,2,2,1,1,473,7240,14,8,2017,2,3,45,1,1,2,98,2,US-290,NA,156,30.07140278,-95.94418056,0,8,0,0,1,1,0,2,2,1,0,1,0,0,3,51,4,11,4,47,19,0,0,1,0
48,482022,0,1,5,32,1,0,0,0,410,0,3,7,3,7,8,7,8,8,8,8,400,0,48,1,1,0,1,1,1,1,201,0,15,8,2017,3,2,39,1,2,3,98,4,CR-BELLAIRE BLVD,NA,0,29.70365,-95.62464444,0,8,0,0,1,1,0,1,2,1,0,1,0,0,99,98,99,98,88,88,0,0,0,1,0
48,482027,0,1,5,34,1,0,0,0,410,0,3,7,3,7,8,7,8,8,8,8,400,0,48,1,1,0,1,1,1,1,201,0,18,8,2017,6,20,30,0,2,7,98,4,CR-SUNSHINE ST,NA,0,29.856275,-95.139575,0,8,0,0,1,1,0,1,2,1,0,1,0,0,99,98,99,98,88,88,0,0,0,1,0
48,482036,0,1,5,61,1,0,0,0,410,0,3,7,3,7,8,7,8,8,8,8,400,0,48,1,1,0,1,1,1,1,113,387,21,8,2017,2,2,9,1,2,1,1,1,I-635,NA,14,32.71592222,-96.61765278,0,8,0,0,1,1,0,1,2,1,0,1,0,0,2,40,2,45,88,88,23,0,0,1,0
48,482038,0,1,5,56,2,1,1,0,760,0,1,7,2,7,9,7,2,3,9,99,750,0,48,1,1,0,1,1,1,1,439,2450,21,8,2017,2,21,15,0,2,4,98,6,TRINITY BLVD,EULESS SOUTH MAIN,0,32.81953333,-97.08239167,0,8,0,0,3,2,0,1,2,1,0,1,0,0,21,22,21,26,22,0,0,0,0,1,0
48,482039,0,1,5,76,2,1,0,0,760,0,2,7,3,7,9,7,3,3,9,99,750,0,48,1,1,0,1,1,4,4,29,6090,22,8,2017,3,6,45,0,2,4,98,6,BROADWAY ST,FLAMINGO DR,0,29.51078611,-98.46620278,0,8,0,0,3,3,0,1,3,10,0,10,0,0,99,98,99,98,88,88,0,0,0,1,0
48,482040,0,1,5,20,1,0,0,0,900,0,9,7,9,7,8,7,8,8,8,8,990,0,48,1,1,0,1,1,1,1,453,330,23,8,2017,4,7,14,1,2,3,98,2,US-183,NA,282,30.20143889,-97.68361389,0,8,0,0,1,1,0,1,9,1,0,1,0,0,99,99,99,99,88,88,0,0,0,1,0
48,482053,0,1,5,58,1,1,1,0,680,0,3,7,3,7,8,7,8,8,8,8,990,0,48,1,1,0,1,1,1,1,439,2450,13,8,2017,1,0,6,0,2,4,98,6,HEMPHILL ST,NA,0,32.70968056,-97.331575,0,8,0,0,1,1,0,1,3,2,0,2,0,0,0,19,0,35,0,45,0,0,0,1,0
48,482060,0,1,5,37,1,0,1,0,410,0,3,7,3,7,8,7,8,8,8,8,400,0,48,1,1,0,1,1,1,1,201,3280,19,8,2017,7,2,47,0,2,5,98,5,VAN FLEET ST,NA,0,29.67385833,-95.33721667,0,8,0,0,1,1,0,1,2,1,0,1,0,0,99,99,99,99,99,99,0,0,0,1,0
48,482065,0,1,5,59,2,0,0,0,140,0,3,7,3,7,8,7,8,8,8,8,100,0,48,3,3,0,2,2,1,1,61,940,21,8,2017,2,14,20,0,2,5,1,7,I-69E US-77,NA,388,25.95605,-97.50627778,0,12,1,0,1,1,0,1,1,1,0,1,0,0,14,21,14,28,88,88,0,0,0,2,0
48,482065,0,2,5,84,1,0,0,0,140,0,3,7,3,7,8,7,8,8,8,8,100,0,48,3,3,0,2,2,1,1,61,940,21,8,2017,2,14,20,0,2,5,1,7,I-69E US-77,NA,388,25.95605,-97.50627778,0,12,1,0,1,1,0,1,1,1,0,1,0,0,14,21,14,28,88,88,0,0,0,2,0
48,482066,0,1,5,60,1,0,0,0,690,0,2,7,3,7,9,7,3,3,2,4c,990,0,48,1,1,0,1,1,1,1,309,7210,21,8,2017,2,3,12,0,2,7,98,6,HOOD ST,HARLEM AVE,0,31.57684167,-97.13165833,0,8,0,0,3,2,0,1,2,1,0,1,0,0,99,98,99,98,88,88,0,0,0,1,0
48,482068,0,1,5,65,1,0,0,0,230,0,3,7,3,7,8,7,8,8,8,8,100,0,48,2,2,0,2,2,1,1,349,0,21,8,2017,2,20,27,0,1,5,98,8,FM 638,NA,2,31.88179444,-96.65668056,0,8,0,0,1,1,0,1,5,1,0,1,0,0,20,32,20,58,21,41,23,0,0,1,0
48,482068,0,2,5,20,1,0,0,0,230,0,3,7,3,7,8,7,8,8,8,8,100,0,48,2,2,0,2,2,1,1,349,0,21,8,2017,2,20,27,0,1,5,98,8,FM 638,NA,2,31.88179444,-96.65668056,0,8,0,0,1,1,0,1,5,1,0,1,0,0,20,32,20,58,21,41,23,0,0,1,0
48,482070,0,1,5,11,2,0,1,0,760,0,2,7,3,7,3,7,4,3,2,4b,750,0,48,1,1,0,1,1,1,1,215,5330,22,8,2017,3,15,18,0,2,4,98,6,POLK AVE,SAN PATRICIA DR,0,26.20673333,-98.19826944,0,8,0,0,3,3,0,1,1,1,0,1,0,0,99,99,99,99,99,99,0,0,0,1,0
48,482076,0,1,5,51,1,0,0,0,230,0,3,7,3,7,8,7,8,8,8,8,100,0,48,2,2,0,1,1,3,3,29,6090,26,8,2017,7,5,30,1,2,1,1,1,I-410 LOOP,NA,105,29.45333333,-98.62981111,0,12,2,1,18,1,0,1,2,2,0,2,0,0,99,99,99,99,99,99,19,0,0,1,0
48,482078,0,1,5,60,2,0,1,0,760,0,3,7,3,7,8,7,8,8,8,8,750,0,48,1,1,0,1,1,1,1,375,150,26,8,2017,7,20,53,0,2,4,98,6,24TH AVE,NA,0,35.23649722,-101.7915056,0,8,0,0,1,1,0,1,2,1,0,1,0,0,99,98,99,98,88,88,0,0,0,1,0
48,482101,0,1,5,65,2,0,0,0,140,0,3,7,4,7,8,7,8,8,8,8,100,0,48,2,1,1,1,4,2,5,367,9997,23,8,2017,4,14,20,1,1,3,98,3,SR-377,NA,54,32.56807778,-97.60560556,0,14,0,0,1,1,0,2,1,1,0,1,0,0,99,99,99,99,99,99,15,23,0,1,0
48,482112,0,1,5,25,1,0,0,0,459,0,3,7,4,7,8,7,8,8,8,8,400,0,48,1,1,0,1,1,1,1,167,3920,30,8,2017,4,20,31,1,2,3,98,8,FM 646,NA,61,29.48720278,-95.06042222,0,8,0,0,1,1,0,2,2,1,0,1,0,0,99,98,99,98,88,88,0,0,0,1,0
48,482113,0,1,5,56,2,0,0,0,910,0,3,7,3,7,8,7,8,8,8,8,910,0,48,1,1,0,1,1,2,2,201,0,30,8,2017,4,21,57,1,2,2,98,3,SR-8 LOOP SAM HOUSTON PARKWAY,NA,105,29.79894167,-95.16325556,0,8,0,0,1,1,0,1,3,1,0,1,0,0,99,98,99,98,88,88,0,0,0,1,0
48,482121,0,1,5,61,2,0,0,0,440,0,3,7,3,7,8,7,8,8,8,8,400,0,48,1,1,0,1,1,2,2,167,0,4,8,2017,6,0,31,1,2,3,98,6,TEXAS CITY WYE,NA,160,29.33435,-94.93120833,0,8,0,0,1,1,0,1,2,1,0,1,0,0,0,30,0,42,1,2,0,0,0,1,0
48,482122,0,1,5,57,1,0,0,0,610,0,3,7,3,7,8,7,8,8,8,8,600,0,48,2,2,0,1,1,4,4,201,3280,21,8,2017,2,16,11,1,2,3,98,2,US-90 ALT WAYSIDE DR,NA,167,29.71519167,-95.31533056,0,8,0,1,18,1,0,1,1,1,0,1,0,0,16,11,16,16,16,34,14,0,0,1,1
48,482125,0,1,5,43,1,0,0,0,760,0,3,7,3,7,8,7,8,8,8,8,750,0,48,1,1,0,1,1,1,1,21,460,23,8,2017,4,22,35,1,2,2,98,3,SR-21,NA,123,30.11111667,-97.36456389,0,8,0,0,1,1,0,1,2,10,0,10,0,0,99,98,99,98,88,88,0,0,0,1,0
48,482141,0,1,8,1,1,1,1,0,760,0,2,7,3,7,2,7,1,3,1,2a,750,0,48,1,1,0,1,1,1,1,355,1550,21,8,2017,2,6,43,0,2,4,98,6,EVERHART RD,SCHANEN,0,27.70408333,-97.39093889,0,15,0,0,3,3,0,1,4,1,0,1,0,0,99,99,99,99,99,99,0,0,0,1,0
48,482143,0,1,5,58,1,0,0,0,760,0,3,7,3,7,8,7,8,8,8,8,750,0,48,1,1,0,1,1,1,1,201,0,25,8,2017,6,21,39,1,2,2,98,3,SR-249 TOMBALL PKWY,NA,119,29.97439444,-95.56391667,0,8,0,0,1,1,0,1,3,2,0,2,0,0,99,99,99,99,99,99,19,0,0,1,0
48,482145,0,1,5,41,1,0,0,0,410,0,3,7,3,7,8,7,8,8,8,8,400,0,48,1,1,0,1,1,1,1,361,5100,26,8,2017,7,23,44,1,1,1,1,1,I-10,NA,240,30.11905833,-93.72271667,0,8,0,0,1,1,1,1,2,2,0,2,0,0,99,98,99,98,88,88,0,0,0,1,0
48,482147,0,1,5,22,1,0,0,0,440,0,3,7,3,7,8,7,8,8,8,8,400,0,48,1,1,0,1,1,2,2,181,0,30,8,2017,4,6,0,0,1,4,98,2,US-377,NA,9,33.64019167,-96.89633056,0,8,0,0,1,1,0,1,2,1,0,1,0,0,99,98,99,98,88,88,0,0,0,1,0
48,482150,0,1,5,44,1,0,0,0,760,0,3,7,3,7,8,7,8,8,8,8,750,0,48,1,1,0,1,1,1,1,29,6090,1,9,2017,6,13,52,0,2,5,98,7,LP 1604,NA,45,29.58978333,-98.60800278,0,8,0,0,1,1,0,1,1,1,0,1,0,0,99,99,99,99,99,99,0,0,0,1,0
48,482153,0,1,5,51,1,0,0,0,890,0,4,7,7,7,8,7,8,8,8,8,800,0,48,1,1,0,1,1,1,1,439,260,1,9,2017,6,21,4,0,2,7,98,6,SANSOME DR,NA,0,32.65195833,-97.09788611,0,8,0,0,8,1,0,5,2,1,0,1,0,0,21,4,21,10,21,24,0,0,0,1,0
48,482154,0,1,5,33,2,1,1,0,710,0,1,7,2,7,1,7,4,3,1,1a,720,0,48,1,1,0,1,1,2,2,453,0,1,9,2017,6,6,43,0,2,4,98,4,CR-SLAUGHTER LN,CR-ORCHARD RIDGE,0,30.15284444,-97.76908333,0,8,0,0,3,2,0,1,6,1,0,1,0,0,6,44,6,51,7,11,0,0,0,1,0
48,482163,0,1,5,39,1,0,0,0,910,0,3,7,3,7,8,7,8,8,8,8,910,0,48,1,1,0,1,1,2,2,439,4965,3,9,2017,1,17,11,1,2,1,1,1,I-820 LOOP 820,NA,222,32.84026389,-97.24269722,0,8,0,0,1,1,0,1,1,10,0,10,0,0,99,98,99,98,88,88,20,0,0,1,0
48,482172,0,1,5,26,2,0,0,0,610,0,3,7,3,7,8,7,8,8,8,8,600,0,48,1,1,0,1,1,1,1,167,3850,5,9,2017,3,21,46,0,2,4,98,8,FM 519,NA,67,29.35805,-94.9775,0,8,0,0,1,1,0,1,2,1,0,1,0,0,99,99,99,99,99,99,0,0,0,1,0
48,482176,0,1,8,65,1,0,1,0,770,0,2,7,3,7,2,7,3,3,2,4b,750,0,48,1,1,0,1,1,1,1,439,2450,6,9,2017,4,22,57,1,2,3,98,2,US-287P BU RIVERSIDE DR,TALTON AVE,45,32.71229444,-97.30405278,0,15,0,0,3,3,0,1,2,1,0,1,0,0,23,2,23,8,23,14,0,0,0,1,0
48,482178,0,1,5,38,1,0,1,0,760,0,3,7,3,7,8,7,8,8,8,8,750,0,48,1,1,0,1,1,1,1,453,330,7,9,2017,5,5,49,0,2,4,98,6,MCNEIL DR,NA,0,30.44035,-97.75180278,0,8,0,0,1,1,0,1,2,1,0,1,0,0,99,98,99,98,88,88,0,0,0,1,0
48,482180,0,1,5,38,1,0,0,0,420,0,3,7,4,7,8,7,8,8,8,8,400,0,48,2,1,1,1,1,1,1,201,3280,9,9,2017,7,1,20,1,2,1,31,1,I-10 KATY FWY,NA,66,29.78530556,-95.70718889,0,8,0,0,1,1,0,2,3,1,0,1,0,0,99,98,99,98,88,88,0,0,0,1,0
48,482182,0,1,5,37,1,0,0,0,610,0,3,7,3,7,8,7,8,8,8,8,600,0,48,2,2,0,1,1,1,1,183,0,11,9,2017,2,1,23,1,1,1,1,1,I-20,NA,107,32.43516111,-94.80401944,0,12,1,0,1,1,0,1,2,1,0,1,0,0,1,36,1,51,2,37,0,0,0,1,0
48,482190,0,1,5,69,1,0,0,0,760,0,3,7,3,7,8,7,8,8,8,8,750,0,48,1,1,0,1,1,3,3,251,1370,6,9,2017,4,17,8,1,2,3,98,3,SR-174,NA,244,32.36389444,-97.39303333,0,8,0,0,1,1,0,1,1,1,0,1,0,0,17,13,17,16,17,32,0,0,0,1,0
48,482199,0,1,5,48,2,0,0,0,313,0,3,7,3,7,8,7,8,8,8,8,600,0,48,1,1,0,1,1,1,1,303,6410,1,8,2017,3,21,25,1,2,3,98,2,US-84,NA,352,33.43531667,-101.6650111,0,8,0,0,1,1,0,1,3,1,0,1,0,0,99,99,99,99,88,88,0,0,0,1,0
48,482206,0,1,5,57,1,0,0,0,680,0,3,7,9,7,8,7,8,8,8,8,990,0,48,1,1,0,1,1,2,2,187,1325,26,8,2017,7,20,25,0,2,3,98,8,FM 78 SEGUIN RD,NA,17,29.55977778,-98.24667778,0,8,0,0,1,1,0,1,2,2,0,2,0,0,99,98,99,98,88,88,0,0,0,1,0