STATE.x,ST_CASE,VEH_NO,PER_NO,PBPTYPE,PBAGE,PBSEX,PBCWALK,PBSWALK,PBSZONE,PEDCTYPE,BIKECTYPE,PEDLOC,BIKELOC,PEDPOS,BIKEPOS,PEDDIR,BIKEDIR,MOTDIR,MOTMAN,PEDLEG,PEDSNR,PEDCGP,BIKECGP,STATE.y,VE_TOTAL,VE_FORMS,PVH_INVL,PEDS,PERNOTMVIT,PERMVIT,PERSONS,COUNTY,CITY,DAY,MONTH,YEAR,DAY_WEEK,HOUR,MINUTE,NHS,RUR_URB,FUNC_SYS,RD_OWNER,ROUTE,TWAY_ID,TWAY_ID2,MILEPT,LATITUDE,LONGITUD,SP_JUR,HARM_EV,MAN_COLL,RELJCT1,RELJCT2,TYP_INT,WRK_ZONE,REL_ROAD,LGT_COND,WEATHER1,WEATHER2,WEATHER,SCH_BUS,RAIL,NOT_HOUR,NOT_MIN,ARR_HOUR,ARR_MIN,HOSP_HR,HOSP_MN,CF1,CF2,CF3,FATALS,DRUNK_DR
48,482894,0,1,5,46,2,0,0,0,690,0,1,7,9,7,9,7,4,3,1,2d,990,0,48,1,1,0,1,1,2,2,277,5220,8,11,2017,4,19,3,0,2,3,98,3,SR-286 LOOP,7TH ST,191,33.63129167,-95.56309167,0,8,0,0,2,3,0,1,2,2,0,2,0,0,99,98,99,98,88,88,0,0,0,1,0
48,482910,0,1,5,27,1,0,0,0,760,0,3,7,3,7,8,7,8,8,8,8,750,0,48,1,1,0,1,1,1,1,37,6850,15,11,2017,4,20,15,1,2,3,98,2,US-82 NEW BOSTON RD,NA,127,33.43494444,-94.06460278,0,8,0,0,1,1,0,1,2,10,0,10,0,0,99,98,99,98,88,88,0,0,0,1,0
48,482912,0,1,5,23,1,0,0,0,760,0,3,7,3,7,8,7,8,8,8,8,750,0,48,1,1,0,1,1,1,1,201,0,15,11,2017,4,5,46,1,2,3,98,8,FM 1960 CYPRESS CREEK PKWY,NA,99999,29.98314444,-95.50696111,0,8,0,0,1,1,0,1,3,1,0,1,0,0,5,49,5,54,6,14,0,0,0,1,0
48,482921,0,1,5,35,1,0,1,0,760,0,3,7,3,7,8,7,8,8,8,8,750,0,48,1,1,0,1,1,1,1,201,3280,17,11,2017,6,18,33,0,2,4,98,6,AIRLINE DR,NA,0,29.84755833,-95.38446111,0,8,0,0,1,1,0,11,1,1,0,1,0,0,99,99,99,99,88,88,0,0,0,1,0
48,482927,0,1,5,998,1,0,0,0,770,0,3,7,3,7,8,7,8,8,8,8,750,0,48,1,1,0,1,1,2,2,439,2450,17,11,2017,6,19,10,0,2,4,98,6,HEMPHILL ST,NA,0,32.71162222,-97.3316,0,8,0,0,1,1,0,1,8,1,0,1,0,0,19,13,19,16,88,88,0,0,0,1,0
48,482942,0,1,5,22,1,0,0,0,341,0,3,7,3,7,8,7,8,8,8,8,340,0,48,1,1,0,1,1,1,1,29,6090,16,11,2017,5,20,13,1,2,2,98,2,US-90,NA,21,29.40271944,-98.62725833,0,8,0,0,1,1,0,1,2,1,0,1,0,0,99,99,99,99,99,99,0,0,0,1,0
48,482949,0,1,5,29,1,0,0,0,910,0,3,7,3,7,8,7,8,8,8,8,910,0,48,1,1,0,1,1,2,2,215,7330,19,11,2017,1,3,17,1,2,1,1,1,I-2,NA,392,26.17276389,-97.99920556,0,8,0,0,1,1,0,1,2,1,0,1,0,0,99,98,99,98,88,88,0,0,0,1,0
48,482953,0,1,5,25,1,0,0,0,680,0,3,7,3,7,8,7,8,8,8,8,990,0,48,1,1,0,1,1,1,1,439,2450,18,11,2017,7,20,30,0,2,4,98,6,OAKLAND BLVD,NA,0,32.738725,-97.26175278,0,8,0,0,1,1,0,1,2,1,0,1,0,0,99,99,99,99,99,99,0,0,0,1,0
48,482957,0,1,5,36,1,0,0,0,910,0,3,7,3,7,8,7,8,8,8,8,910,0,48,1,1,0,1,1,2,2,453,330,20,11,2017,2,19,44,1,2,1,1,1,I-35,NA,230,30.33676111,-97.70180833,0,8,0,1,18,1,1,1,3,1,0,1,0,0,99,98,99,98,88,88,0,0,0,1,0
48,482974,0,1,5,55,1,0,0,0,760,0,3,7,3,7,8,7,8,8,8,8,750,0,48,1,1,0,1,1,3,3,63,0,24,11,2017,6,17,48,0,1,4,98,3,SR-11,NA,16,32.97361389,-95.13985,0,8,0,0,1,1,0,1,2,1,0,1,0,0,17,50,18,3,18,29,0,0,0,1,0
48,482976,0,1,5,30,1,1,1,0,760,0,2,7,3,7,3,7,2,3,1,2a,750,0,48,1,1,0,1,1,1,1,453,330,24,11,2017,6,20,1,1,2,3,98,6,SLAUGHTER LN,PALACE PKWY,0,30.17393889,-97.80591667,0,8,0,0,3,2,0,1,3,1,0,1,0,0,99,98,99,98,88,88,0,0,0,1,0
48,482977,0,1,5,44,1,0,0,0,610,0,3,7,3,7,8,7,8,8,8,8,600,0,48,2,2,0,1,1,2,2,423,0,25,11,2017,7,20,34,1,1,3,98,3,SR-155,NA,197,32.22376667,-95.41286667,0,12,6,0,8,1,0,1,2,1,0,1,0,0,99,99,99,99,99,99,0,0,0,1,0
48,482985,0,1,5,54,1,0,0,0,220,0,3,7,9,7,8,7,8,8,8,8,100,0,48,1,1,0,1,1,0,0,27,570,2,10,2017,2,21,29,1,1,1,1,1,I-35,NA,100,30.98164444,-97.50766944,0,8,0,0,1,1,0,3,2,1,0,1,0,0,99,98,99,98,88,88,0,0,0,1,0
48,482988,0,1,5,76,1,0,0,0,760,0,1,7,1,7,9,7,2,3,9,99,750,0,48,1,1,0,1,1,1,1,157,0,1,11,2017,4,19,48,0,2,5,98,6,DALLAS ST,LAUREL LN,0,29.53985278,-95.438675,0,8,0,0,2,3,0,1,2,1,0,1,0,0,99,99,99,99,99,99,0,0,0,1,0
48,482989,0,1,5,57,1,0,0,0,760,0,3,7,3,7,8,7,8,8,8,8,750,0,48,2,2,0,1,1,2,2,201,3280,3,11,2017,6,19,54,1,2,2,98,3,SR-288 SOUTH FWY,NA,39,29.70131111,-95.37471667,0,8,0,1,18,1,1,1,2,1,0,1,0,0,99,98,99,98,88,88,0,0,0,1,0
48,483003,0,1,5,77,1,0,0,0,910,0,3,7,3,7,8,7,8,8,8,8,910,0,48,1,1,0,1,1,2,2,309,0,17,11,2017,6,20,44,1,2,1,1,1,I-35,NA,188,31.59963611,-97.10856389,0,8,0,0,1,1,0,1,3,1,0,1,0,0,99,98,99,98,88,88,0,0,0,1,0
48,483006,0,1,5,66,1,0,0,0,330,0,3,7,3,7,8,7,8,8,8,8,350,0,48,1,1,0,1,1,2,2,113,1240,18,11,2017,7,17,53,0,2,5,98,6,OLD STRAUS RD,NA,0,32.59276667,-96.9557,0,8,0,0,1,1,0,1,2,1,0,1,0,0,99,99,99,99,99,99,0,0,0,1,0
48,483011,0,1,5,43,1,0,0,0,230,0,3,7,3,7,8,7,8,8,8,8,100,0,48,1,1,0,1,1,2,2,113,1730,22,11,2017,4,22,22,1,2,1,1,1,I-635 LBJ FWY,NA,34,32.902975,-96.72182778,0,8,0,0,1,1,0,1,3,1,0,1,0,0,99,99,99,99,99,99,19,0,0,1,0
48,483026,0,1,5,23,1,0,0,0,610,0,3,7,3,7,8,7,8,8,8,8,600,0,48,1,1,0,1,1,1,1,39,0,26,11,2017,1,22,20,0,1,5,98,8,FM 2611,NA,82,28.96179167,-95.54224167,0,8,0,0,1,1,0,1,2,1,0,1,0,0,99,98,99,98,88,88,0,0,0,1,0
48,483029,0,1,5,91,1,0,0,0,760,0,1,7,2,7,2,7,1,3,1,1a,750,0,48,1,1,0,1,1,1,1,201,3280,26,11,2017,1,15,15,1,2,3,98,6,POST OAK RD,INGOMAR WAY,0,29.60165,-95.46381944,0,8,0,0,2,3,0,1,1,1,0,1,0,0,99,99,99,99,99,99,0,0,0,1,0
48,483037,0,1,5,47,2,1,0,0,690,0,2,7,3,7,9,7,1,2,2,8c,990,0,48,1,1,0,1,1,1,1,387,1350,28,11,2017,3,20,42,1,1,3,98,2,US-82 MAIN ST,DONOHO ST,161,33.62299444,-95.05944444,0,8,0,0,3,2,0,1,3,1,0,1,0,0,99,98,99,98,88,88,0,0,0,1,0
48,483038,0,1,5,55,1,0,0,0,760,0,3,7,3,7,8,7,8,8,8,8,750,0,48,1,1,0,1,1,1,1,423,0,28,11,2017,3,1,45,0,1,4,98,8,FM 14,NA,137,32.41226667,-95.27878333,0,8,0,0,1,1,0,1,2,10,0,10,0,0,99,98,99,98,88,88,0,0,0,1,0
48,483039,0,1,5,51,1,0,0,0,610,0,1,7,1,7,9,7,1,3,9,99,600,0,48,1,1,0,1,1,1,1,439,2450,28,11,2017,3,5,30,1,2,3,98,6,RANDOL MILL RD,LEISURE DR,0,32.76998333,-97.17008611,0,8,0,0,2,2,0,1,2,1,0,1,0,0,5,32,5,38,6,7,0,0,0,1,0
48,483047,0,1,5,56,2,0,0,0,760,0,3,7,3,7,8,7,8,8,8,8,750,0,48,1,1,0,1,1,1,1,201,3280,16,10,2017,2,19,56,0,2,4,98,6,BISSONNET ST,NA,0,29.67611667,-95.59619167,0,8,0,0,1,1,0,1,3,1,0,1,0,0,99,99,99,99,99,99,0,0,0,1,0
48,483049,0,1,5,63,1,1,0,0,795,0,1,7,2,7,4,7,1,2,1,5b,790,0,48,1,1,0,1,1,1,1,251,1030,2,11,2017,5,11,5,1,2,3,98,3,SR-174 WILSHIRE BLVD,ELLISON ST,109,32.54375556,-97.32869167,0,8,0,0,3,2,0,1,1,1,0,1,0,0,99,99,99,99,99,99,0,0,0,1,0
48,483058,0,1,5,49,1,0,0,0,760,0,3,7,3,7,8,7,8,8,8,8,750,0,48,1,1,0,1,1,1,1,113,1730,24,11,2017,6,19,26,1,2,3,98,6,FORT WORTH AVE,NA,0,32.75320833,-96.87455278,0,8,0,0,1,1,0,1,3,1,0,1,0,0,19,30,19,33,88,88,0,0,0,1,0
48,483065,0,1,5,50,1,0,0,0,760,0,3,7,3,7,8,7,8,8,8,8,750,0,48,1,1,0,1,1,1,1,355,1550,27,11,2017,2,20,43,1,2,3,98,6,HOLLY RD,NA,0,27.70391667,-97.387325,0,8,0,0,1,1,0,1,2,1,0,1,0,0,99,99,99,99,99,99,0,0,0,1,0
48,483067,0,1,5,65,2,1,0,0,781,0,1,7,2,7,3,7,3,1,2,11a,790,0,48,1,1,0,1,1,1,1,201,3280,28,11,2017,3,8,35,0,2,5,98,6,MANDELL ST,RICHMOND AVE,0,29.734325,-95.39949167,0,8,0,0,3,2,0,1,1,1,0,1,0,0,8,37,8,41,9,4,0,0,0,1,0
48,483071,0,1,5,80,1,0,0,0,781,0,1,7,2,7,4,7,2,1,2,11b,790,0,48,1,1,0,1,1,1,1,113,1730,29,11,2017,4,18,19,0,2,7,98,6,HAWTHORNE AVE,MAPLE AVE,0,32.81254722,-96.82396389,0,8,0,0,3,2,0,1,2,1,0,1,0,0,99,99,99,99,99,99,0,0,0,1,0
48,483079,0,1,5,72,1,0,1,0,781,0,3,7,3,7,8,7,8,8,8,8,790,0,48,1,1,0,1,1,1,1,61,940,1,12,2017,6,16,50,1,2,3,98,6,OLD PORT ISABEL RD,NA,0,25.92310833,-97.47966111,0,8,0,0,8,1,0,1,1,1,0,1,0,0,99,99,99,99,99,99,0,0,0,1,0
48,483083,0,1,5,53,1,0,0,0,760,0,2,7,3,7,3,7,4,3,1,2b,750,0,48,1,1,0,1,1,1,1,245,5430,1,12,2017,6,18,12,1,2,3,98,3,SR-87 GULFWAY DR,SABINE AVE,65,29.91434167,-93.91434167,0,8,0,0,3,3,0,1,3,1,0,1,0,0,99,99,99,99,99,99,0,0,0,1,0
48,483085,0,1,5,29,1,0,0,0,410,0,3,7,3,7,8,7,8,8,8,8,400,0,48,1,1,0,1,1,1,1,439,2450,1,12,2017,6,5,5,1,2,3,98,6,RIVERSIDE DR,NA,0,32.74483889,-97.30308889,0,8,0,0,1,1,0,1,3,1,0,1,0,0,5,6,5,14,5,42,0,0,0,1,0
48,483087,0,1,5,45,2,0,0,0,230,0,3,7,3,7,8,7,8,8,8,8,100,0,48,4,4,0,1,1,4,4,157,0,2,12,2017,7,3,45,1,2,1,1,1,I-69 US-59,NA,84,29.55515833,-95.72188333,0,8,0,0,1,1,1,1,2,1,0,1,0,0,99,99,99,99,99,99,23,0,0,1,0
48,483099,0,1,5,15,1,0,0,0,910,0,3,7,3,7,8,7,8,8,8,8,910,0,48,1,1,0,1,1,2,2,453,330,3,12,2017,1,16,22,1,2,1,1,1,I-35,NA,300,30.43144722,-97.67025833,0,8,0,0,1,1,0,1,1,10,0,10,0,0,99,99,99,99,99,99,0,0,0,1,0
48,483107,0,1,5,60,1,0,0,0,760,0,3,7,3,7,8,7,8,8,8,8,750,0,48,1,1,0,1,1,1,1,375,150,5,12,2017,3,6,47,0,2,4,98,6,9TH AVE,NA,0,35.20597222,-101.9067083,0,8,0,0,1,1,0,1,3,1,0,1,0,0,99,98,99,98,88,88,0,0,0,1,0
48,483108,0,1,5,61,2,0,0,0,680,0,3,7,6,7,8,7,8,8,8,8,990,0,48,2,1,1,1,2,1,2,141,2190,6,12,2017,4,6,38,0,1,4,98,8,FM 2529 MCCOMBS ST,NA,23,31.98731667,-106.4088861,0,42,0,0,1,1,0,4,4,2,0,2,0,0,99,99,99,99,99,99,0,0,0,1,0
48,483110,0,1,5,63,1,0,0,0,760,0,3,7,3,7,8,7,8,8,8,8,750,0,48,1,1,0,1,1,2,2,439,2450,6,12,2017,4,18,46,0,2,4,98,6,MCCART AVE,NA,0,32.65105,-97.36577222,0,8,0,0,1,1,0,1,3,10,0,10,0,0,99,99,99,99,99,99,0,0,0,1,0
48,483111,0,1,5,63,1,0,0,0,760,0,1,7,1,7,2,7,1,3,1,2a,750,0,48,1,1,0,1,1,1,1,485,7490,6,12,2017,4,19,1,0,2,4,98,6,WINDTHORST RD,BANDERA ST,0,33.88769722,-98.46809722,0,8,0,0,2,3,0,1,2,1,0,1,0,0,99,99,99,99,99,99,0,0,0,1,0
48,483113,0,1,5,26,2,0,0,0,760,0,3,7,3,7,8,7,8,8,8,8,750,0,48,1,1,0,1,1,1,1,291,1770,7,12,2017,5,6,25,0,2,4,98,3,SR-321,NA,213,30.11168611,-94.92444722,0,8,0,0,1,1,0,1,2,2,0,2,0,0,99,98,99,98,88,88,0,0,0,1,0
48,483115,0,1,5,55,2,0,0,0,760,0,3,7,3,7,8,7,8,8,8,8,750,0,48,1,1,0,1,1,2,2,71,9997,8,12,2017,6,16,29,1,2,3,98,3,SR-146,NA,67,29.79143333,-94.91011944,0,8,0,0,1,1,0,1,1,10,0,10,0,0,99,99,99,99,99,99,0,0,0,1,0
48,483117,0,1,5,59,1,1,1,0,781,0,1,7,2,7,2,7,4,1,2,11b,790,0,48,1,1,0,1,1,1,1,113,1730,8,12,2017,6,14,27,0,2,7,98,6,OLD SEAGOVILLE RD,ST AUGUSTINE RD,0,32.70868056,-96.65704167,0,8,0,0,3,2,0,1,1,10,0,10,0,0,99,98,99,98,88,88,0,0,0,1,0
48,483121,0,1,5,68,1,0,0,0,410,0,3,7,3,7,8,7,8,8,8,8,400,0,48,2,2,0,1,1,1,1,39,0,15,11,2017,4,5,32,1,1,3,98,3,SR-288B BU,NA,156,29.22106944,-95.43988333,0,12,7,0,1,1,0,1,2,5,0,5,0,0,99,98,99,98,88,88,0,0,0,1,0
48,483142,0,1,5,64,1,0,0,0,799,0,2,7,3,7,9,7,4,1,2,12c,790,0,48,1,1,0,1,1,1,1,29,6090,2,12,2017,7,13,50,0,2,7,98,6,BRUNSWICK BLVD,ZARZAMORA ST,0,29.37140556,-98.53404167,0,8,0,0,3,2,0,1,1,1,0,1,0,0,99,99,99,99,99,99,0,0,0,1,0
48,483146,0,1,5,68,2,0,0,0,760,0,3,7,3,7,8,7,8,8,8,8,750,0,48,1,1,0,1,1,1,1,201,3280,3,12,2017,1,14,49,0,2,4,98,6,BELLPORT ST,NA,0,29.65604167,-95.51104167,0,8,0,0,1,1,0,1,1,2,0,2,0,0,99,98,99,98,88,88,0,0,0,1,0
48,483153,0,1,5,62,1,0,0,0,680,0,3,7,9,7,8,7,8,8,8,8,990,0,48,1,1,0,1,1,2,2,353,0,6,12,2017,4,9,41,1,1,1,1,1,I-20,NA,202,32.48693889,-100.3431722,0,72,0,0,1,1,1,1,1,2,0,2,0,0,99,98,99,98,88,88,0,0,0,1,0
48,483159,0,1,5,37,2,0,0,0,760,0,3,7,3,7,8,7,8,8,8,8,750,0,48,1,1,0,1,1,1,1,113,1730,8,12,2017,6,21,4,0,2,4,98,6,BRUTON RD,NA,0,32.74877778,-96.65183611,0,8,0,0,1,1,0,1,3,1,0,1,0,0,99,98,99,98,88,88,0,0,0,1,0
48,483161,0,1,5,36,1,0,0,0,760,0,3,7,3,7,8,7,8,8,8,8,750,0,48,1,1,0,1,1,1,1,303,4140,8,12,2017,6,18,37,1,2,3,98,2,US-84 AVE Q DR,NA,37,33.54706944,-101.8545694,0,8,0,0,1,1,0,1,2,10,0,10,0,0,99,99,99,99,99,99,0,0,0,1,0
48,483162,0,1,5,28,1,0,0,0,410,0,3,7,3,7,8,7,8,8,8,8,400,0,48,1,1,0,1,1,1,1,113,4530,9,12,2017,7,2,30,1,2,1,1,1,I-30,NA,222,32.80621389,-96.66279722,0,8,0,0,1,1,0,1,2,1,0,1,0,0,99,98,99,98,88,88,0,0,0,1,0
48,483171,0,1,5,59,1,0,0,0,760,0,3,7,3,7,8,7,8,8,8,8,750,0,48,1,1,0,1,1,2,2,29,6090,13,12,2017,4,17,19,1,2,3,98,6,CULEBRA RD,NA,0,29.44849167,-98.58893333,0,8,0,0,1,1,0,1,3,1,0,1,0,0,99,98,99,98,88,88,0,0,0,1,0
48,483176,0,1,5,25,1,0,0,0,741,0,3,7,3,7,8,7,8,8,8,8,740,0,48,1,1,0,1,1,1,1,113,1730,14,12,2017,5,18,3,0,2,5,98,6,WILDWOOD DR,NA,0,32.86310278,-96.91614167,0,8,0,0,1,1,0,1,2,10,0,10,0,0,99,99,99,99,99,99,0,0,0,1,0
48,483182,0,1,5,60,1,0,0,0,620,0,2,7,3,7,9,7,4,3,1,2c,600,0,48,1,1,0,1,1,1,1,201,3280,4,11,2017,7,19,37,0,2,7,98,6,MARCOLIN ST,PARKWAY DR,0,29.879875,-95.42371944,0,8,0,0,3,3,0,1,2,1,0,1,0,0,99,98,99,98,88,88,0,0,0,1,0
48,483184,0,1,5,23,2,0,0,0,410,0,3,7,3,7,8,7,8,8,8,8,400,0,48,1,1,0,1,1,1,1,365,0,17,11,2017,6,4,30,1,1,3,98,2,US-79,NA,23,32.36848333,-94.06291944,0,8,0,0,1,1,0,1,2,10,0,10,0,0,99,98,99,98,88,88,0,0,0,1,0
48,483185,0,1,5,61,1,0,0,0,150,0,4,7,8,7,8,7,8,8,8,8,100,0,48,2,2,0,1,1,2,2,201,3280,20,11,2017,2,17,8,1,2,3,98,8,FM 526 MAXEY RD,NA,15,29.79455,-95.21875556,0,12,8,0,1,1,0,1,1,1,0,1,0,0,99,99,99,99,99,99,0,0,0,1,0
48,483186,0,1,5,55,1,0,0,0,620,0,3,7,3,7,8,7,8,8,8,8,600,0,48,1,1,0,1,1,4,4,453,330,24,11,2017,6,22,13,1,2,1,1,1,I-35,NA,5,30.10589167,-97.81013611,0,8,0,1,18,1,0,1,3,1,0,1,0,0,99,98,99,98,88,88,0,0,0,1,0
48,483189,0,1,5,59,1,0,0,0,741,0,3,7,3,7,8,7,8,8,8,8,740,0,48,1,1,0,1,1,1,1,203,4360,2,12,2017,7,21,23,1,2,3,98,2,US-59 EAST END BLVD,NA,126,32.53240278,-94.35058056,0,8,0,0,1,1,0,1,3,10,0,10,0,0,99,99,99,99,99,99,0,0,0,1,0
48,483192,0,1,5,30,2,0,0,0,410,0,3,7,3,7,8,7,8,8,8,8,400,0,48,2,2,0,1,1,3,3,355,1550,4,12,2017,2,1,12,1,2,2,98,3,SR-286,NA,28,27.76031667,-97.42151111,0,8,0,0,1,1,0,1,2,1,0,1,0,0,99,98,99,98,88,88,0,0,0,1,0
48,483195,0,1,5,30,1,0,0,0,910,0,3,7,3,7,8,7,8,8,8,8,910,0,48,1,1,0,1,1,2,2,209,6170,6,12,2017,4,7,20,1,1,1,1,1,I-35,NA,14,29.82090833,-97.99328611,0,8,0,0,1,1,0,1,1,2,0,2,0,0,99,99,99,99,99,99,0,0,0,1,0
48,483204,0,1,5,22,1,0,0,0,440,0,3,7,3,7,8,7,8,8,8,8,400,0,48,1,1,0,1,1,1,1,303,0,14,12,2017,5,6,35,0,1,4,98,8,FM 179,NA,179,33.46898889,-102.00895,0,8,0,0,1,1,0,1,2,1,0,1,0,0,99,98,99,98,88,88,0,0,0,1,0
48,483219,0,1,5,1,2,0,0,0,680,0,3,7,3,7,8,7,8,8,8,8,990,0,48,1,1,0,1,1,1,1,29,6090,18,12,2017,2,19,21,0,2,7,98,6,HICKS AVE,NA,0,29.39186111,-98.44616944,0,8,0,0,1,1,0,1,2,5,0,5,0,0,99,99,99,99,99,99,0,0,0,1,0
48,483228,0,1,5,56,1,0,0,0,760,0,3,7,3,7,8,7,8,8,8,8,750,0,48,1,1,0,1,1,1,1,29,6090,21,12,2017,5,18,28,0,2,5,98,6,FRESNO ST,NA,0,29.474175,-98.51271667,0,8,0,0,1,1,0,1,3,10,0,10,0,0,99,99,99,99,99,99,0,0,0,1,0
48,483232,0,1,5,15,1,0,0,0,760,0,3,7,3,7,8,7,8,8,8,8,750,0,48,1,1,0,1,1,2,2,29,6090,23,12,2017,7,18,58,1,2,1,1,7,I-35,NA,188,29.37375278,-98.51514167,0,8,0,0,1,1,0,1,3,1,0,1,0,0,99,99,99,99,99,99,0,0,0,1,0
48,483240,0,1,5,65,2,0,0,0,760,0,3,7,3,7,8,7,8,8,8,8,750,0,48,1,1,0,1,1,4,4,113,1730,26,12,2017,3,21,28,1,2,3,98,8,SL 12 LEDBETTER DR,CORRIGAN,319,32.69218333,-96.77692778,0,8,0,0,3,3,0,1,3,10,0,10,0,0,21,29,21,32,21,50,0,0,0,1,0
48,483242,0,1,5,77,1,0,0,0,799,0,2,7,3,7,9,7,1,1,2,12c,790,0,48,1,1,0,1,1,1,1,29,6090,17,11,2017,6,11,0,1,2,3,98,8,FM 78,FOSTER RD,130,29.48022778,-98.36104444,0,8,0,0,3,2,0,1,1,1,0,1,0,0,99,99,99,99,99,99,0,0,0,1,0
48,483253,0,1,5,50,2,0,1,0,410,0,3,7,3,7,8,7,8,8,8,8,400,0,48,1,1,0,1,1,1,1,113,1730,11,12,2017,2,19,49,0,2,7,98,6,TIOGA ST,NA,0,32.65977778,-96.76496111,0,8,0,0,1,1,0,1,3,1,0,1,0,0,99,99,99,99,99,99,0,0,0,1,0
48,483256,0,1,5,35,1,0,0,0,760,0,3,7,3,7,8,7,8,8,8,8,750,0,48,3,3,0,1,1,6,6,201,3280,13,12,2017,4,23,48,1,2,1,1,1,I-69 SOUTHWEST FWY,NA,135,29.71891944,-95.49689722,0,8,0,0,1,1,0,1,3,10,0,10,0,0,99,98,99,98,88,88,0,0,0,1,0
48,483261,0,1,5,53,2,1,1,0,742,0,3,7,2,7,8,7,8,8,8,8,740,0,48,1,1,0,1,1,1,1,113,1240,8,6,2017,5,11,8,0,6,96,96,8,FM 1382 KROGER PARKING LOT,NA,0,32.59833056,-96.93989167,0,8,0,0,1,1,0,1,1,1,0,1,0,0,99,99,99,99,99,99,0,0,0,1,0
48,483270,0,1,5,56,1,0,0,0,910,0,3,7,3,7,8,7,8,8,8,8,910,0,48,1,1,0,1,1,1,1,439,2450,17,12,2017,1,18,25,1,2,3,98,3,SR-287 BU MAIN ST,NA,106,32.83401111,-97.36208056,0,8,0,1,18,1,0,1,3,10,0,10,0,0,99,99,99,99,99,99,0,0,0,1,0
48,483271,0,1,5,35,1,0,0,0,410,0,3,7,4,7,8,7,8,8,8,8,400,0,48,1,1,0,1,1,1,1,185,0,18,12,2017,2,99,99,1,1,3,98,3,SR-105,NA,14,30.37581389,-96.05890556,0,8,0,0,1,1,0,2,2,5,0,5,0,0,99,98,99,98,88,88,0,0,0,1,0
48,483278,0,1,5,40,1,0,0,0,410,0,3,7,3,7,8,7,8,8,8,8,400,0,48,1,1,0,1,1,1,1,309,5845,19,12,2017,3,22,12,1,2,3,98,3,SR-77 ROBINSON DR,NA,54,31.48243611,-97.12038889,0,8,0,0,1,1,0,1,6,2,0,2,0,0,99,99,99,99,99,99,0,0,0,1,0
48,483283,0,1,5,58,1,0,0,0,680,0,3,7,3,7,8,7,8,8,8,8,990,0,48,1,1,0,1,1,1,1,113,1730,20,12,2017,4,19,12,1,2,2,98,7,US-67 MARVIN D LOVE FWY,NA,39,32.6637,-96.86840833,0,8,0,0,1,1,0,1,2,1,0,1,0,0,99,98,99,98,88,88,0,0,0,1,0
48,483288,0,1,5,35,2,0,0,0,140,0,3,7,3,7,8,7,8,8,8,8,100,0,48,2,2,0,2,2,3,3,113,1730,21,12,2017,5,1,35,1,2,1,1,1,I-635 LBJ FWY,NA,62,32.92422222,-96.76391389,0,12,1,1,18,1,0,1,3,1,0,1,0,0,99,99,99,99,99,99,0,0,0,2,0
48,483288,0,2,5,20,1,0,0,0,140,0,3,7,3,7,8,7,8,8,8,8,100,0,48,2,2,0,2,2,3,3,113,1730,21,12,2017,5,1,35,1,2,1,1,1,I-635 LBJ FWY,NA,62,32.92422222,-96.76391389,0,12,1,1,18,1,0,1,3,1,0,1,0,0,99,99,99,99,99,99,0,0,0,2,0
48,483303,0,1,5,59,1,0,0,0,680,0,3,7,3,7,8,7,8,8,8,8,990,0,48,1,1,0,1,1,1,1,309,7210,24,12,2017,1,2,32,1,2,3,98,8,FM 1695 HEWITT DR,NA,205,31.49154722,-97.21452778,0,8,0,0,1,1,0,1,2,10,0,10,0,0,99,98,99,98,88,88,0,0,0,1,0
48,483305,0,1,5,32,1,0,0,0,791,0,1,7,2,7,9,7,3,2,2,7c,790,0,48,1,1,0,1,1,1,1,113,1730,26,12,2017,3,23,40,0,2,4,98,6,HUNNICUT RD,SAMUELL BLVD,0,32.792775,-96.71232778,0,8,0,0,3,2,0,1,2,1,0,1,0,0,99,99,99,99,99,99,0,0,0,1,0
48,483309,0,1,5,77,2,0,1,0,760,0,1,7,2,7,4,7,1,3,2,3b,750,0,48,1,1,0,1,1,1,1,113,1730,27,12,2017,4,17,2,0,2,4,98,6,COLUMBIA AVE,ORIENT ST,0,32.79925278,-96.75844167,0,8,0,0,3,2,0,1,1,10,0,10,0,0,99,99,99,99,99,99,0,0,0,1,0
48,483320,0,1,5,63,2,0,0,0,770,0,1,7,2,7,2,7,3,3,1,1b,750,0,48,1,1,0,1,1,1,1,113,1730,31,12,2017,1,18,30,0,2,4,98,6,MARSALIS AVE,HOBSON AVE,0,32.71499167,-96.814625,0,8,0,0,3,2,0,1,2,1,0,1,0,0,99,99,99,99,99,99,0,0,0,1,0
48,483323,0,1,5,61,1,0,0,0,680,0,3,7,3,7,8,7,8,8,8,8,990,0,48,2,2,0,1,1,5,5,199,6380,2,8,2017,4,16,38,0,2,4,98,8,FM 418,NA,116,30.355177780000002,-94.15478056,0,8,0,0,1,1,0,1,1,10,0,10,0,0,99,99,99,99,99,99,19,14,0,1,0
48,483326,0,1,5,88,1,1,0,0,781,0,1,7,2,7,9,7,4,1,2,11c,790,0,48,1,1,0,1,1,1,1,201,3280,3,10,2017,3,8,20,1,2,3,98,6,CROSSTIMBERS ST,AIRLINE DR,0,29.82856389,-95.38430278,0,8,0,0,3,2,0,1,1,2,0,2,0,0,99,99,99,99,99,99,0,0,0,1,0