STATE.x,ST_CASE,VEH_NO,PER_NO,PBPTYPE,PBAGE,PBSEX,PBCWALK,PBSWALK,PBSZONE,PEDCTYPE,BIKECTYPE,PEDLOC,BIKELOC,PEDPOS,BIKEPOS,PEDDIR,BIKEDIR,MOTDIR,MOTMAN,PEDLEG,PEDSNR,PEDCGP,BIKECGP,STATE.y,VE_TOTAL,VE_FORMS,PVH_INVL,PEDS,PERNOTMVIT,PERMVIT,PERSONS,COUNTY,CITY,DAY,MONTH,YEAR,DAY_WEEK,HOUR,MINUTE,NHS,RUR_URB,FUNC_SYS,RD_OWNER,ROUTE,TWAY_ID,TWAY_ID2,MILEPT,LATITUDE,LONGITUD,SP_JUR,HARM_EV,MAN_COLL,RELJCT1,RELJCT2,TYP_INT,WRK_ZONE,REL_ROAD,LGT_COND,WEATHER1,WEATHER2,WEATHER,SCH_BUS,RAIL,NOT_HOUR,NOT_MIN,ARR_HOUR,ARR_MIN,HOSP_HR,HOSP_MN,CF1,CF2,CF3,FATALS,DRUNK_DR
48,483330,0,1,5,27,1,1,0,0,760,0,1,7,2,7,1,7,2,3,2,3b,750,0,48,1,1,0,2,2,1,1,121,3960,8,12,2017,6,20,23,0,2,3,98,8,FM 3040 ROUND ROVE RD,ROCKBROOK DR,99999,33.00459722,-96.98286111,0,8,0,0,3,2,0,1,3,1,0,1,0,0,20,23,20,29,20,58,0,0,0,1,0
48,483330,0,2,5,22,2,1,0,0,760,0,1,7,2,7,1,7,2,3,2,3b,750,0,48,1,1,0,2,2,1,1,121,3960,8,12,2017,6,20,23,0,2,3,98,8,FM 3040 ROUND ROVE RD,ROCKBROOK DR,99999,33.00459722,-96.98286111,0,8,0,0,3,2,0,1,3,1,0,1,0,0,20,23,20,29,20,58,0,0,0,1,0
48,483341,0,1,5,40,1,0,0,0,459,0,3,7,6,7,8,7,8,8,8,8,400,0,48,1,1,0,1,1,1,1,147,3770,18,12,2017,2,7,15,0,1,6,98,8,FM 2990,NA,109,33.42397778,-95.9582,0,8,0,0,1,1,0,4,1,5,0,5,0,0,99,98,99,98,88,88,0,0,0,1,0
48,483342,0,1,5,59,1,0,0,0,440,0,3,7,4,7,8,7,8,8,8,8,400,0,48,1,1,0,1,1,1,1,201,0,19,12,2017,3,22,46,1,2,3,98,4,CR-VETERANS MEMORIAL DR,NA,0,29.952475,-95.47143611,0,8,0,0,1,1,0,2,2,10,0,10,0,0,99,99,99,99,99,99,0,0,0,1,1
48,483343,0,1,5,57,1,0,0,0,910,0,3,7,3,7,8,7,8,8,8,8,910,0,48,1,1,0,1,1,1,1,309,0,19,12,2017,3,20,50,1,2,1,1,1,I-35,NA,190,31.60046944,-97.10814722,0,8,0,1,18,1,0,1,3,5,0,5,0,0,99,98,99,98,88,88,0,0,0,1,0
48,483346,0,1,5,14,1,0,0,0,741,0,3,7,3,7,8,7,8,8,8,8,740,0,48,1,1,0,1,1,1,1,355,1550,21,12,2017,5,20,20,1,2,1,1,3,SR-357 SARATOGA BLVD,NA,107,27.69708889,-97.40724444,0,8,0,0,1,1,0,1,3,1,0,1,0,0,99,99,99,99,99,99,0,0,0,1,0
48,483347,0,1,5,69,2,0,0,0,680,0,3,7,3,7,8,7,8,8,8,8,990,0,48,1,1,0,1,1,1,1,423,0,21,12,2017,5,23,40,0,2,5,98,8,FM 756,NA,10,32.20830833,-95.26126111,0,8,0,0,1,1,0,1,2,1,0,1,0,0,99,98,99,98,88,88,0,0,0,1,0
48,483348,0,1,5,57,1,0,0,0,760,0,3,7,3,7,8,7,8,8,8,8,750,0,48,1,1,0,1,1,2,2,439,0,21,12,2017,5,20,58,0,2,3,98,8,FM 756,NA,17,32.78235556,-97.28876111,0,8,0,0,1,1,0,1,3,1,0,1,0,0,99,99,99,99,99,99,16,0,0,1,0
48,483349,0,1,5,30,1,0,0,0,680,0,3,7,3,7,8,7,8,8,8,8,990,0,48,1,1,0,1,1,1,1,113,1730,22,12,2017,6,6,52,0,2,4,98,6,SINGLETON BLVD,NA,0,32.77851667,-96.91373056,0,8,0,0,1,1,0,1,3,2,0,2,0,0,99,99,99,99,99,99,0,0,0,1,0
48,483357,0,1,5,59,1,0,1,0,760,0,2,7,3,7,4,7,1,3,1,2b,750,0,48,1,1,0,1,1,1,1,201,3280,24,12,2017,1,19,0,0,2,4,98,6,MESA DR - DYERSDALE,STERLINGSHIRE ST,0,29.85480556,-95.26239444,0,8,0,0,3,2,0,1,2,1,0,1,0,0,99,99,99,99,99,99,0,0,0,1,1
48,483361,0,1,5,45,2,0,0,0,410,0,3,7,3,7,8,7,8,8,8,8,400,0,48,1,1,0,1,1,2,2,473,910,25,12,2017,2,19,15,0,1,4,98,2,US-90,NA,12,29.78630278,-95.96921944,0,8,0,0,1,1,0,1,2,10,0,10,0,0,99,99,99,99,99,99,0,0,0,1,0
48,483378,0,1,5,51,1,0,0,0,760,0,3,7,3,7,8,7,8,8,8,8,750,0,48,1,1,0,1,1,1,1,339,0,30,12,2017,7,22,41,1,2,3,98,3,SR-105,NA,126,30.36525,-95.61561389,0,8,0,0,1,1,0,1,2,1,0,1,0,0,99,98,99,98,88,88,0,0,0,1,0
48,483381,0,1,5,47,1,0,0,0,760,0,3,7,3,7,8,7,8,8,8,8,750,0,48,1,1,0,1,1,2,2,439,2450,5,5,2017,6,21,57,1,2,2,98,2,US-287 MARTIN LUTHER KING JR,NA,218,32.74288611,-97.30414722,0,8,0,0,1,1,0,1,2,1,0,1,0,0,99,98,99,98,88,88,0,0,0,1,0
48,483384,0,1,5,79,1,0,0,0,680,0,3,7,3,7,8,7,8,8,8,8,990,0,48,1,1,0,1,1,1,1,29,6090,9,11,2017,5,18,22,1,2,3,98,8,SL 345 FREDERICKSBURG RD,NA,279,29.47232222,-98.53388611,0,8,0,0,1,1,0,1,2,1,0,1,0,0,99,99,99,99,99,99,0,0,0,1,0
48,483385,0,1,5,57,1,0,0,0,760,0,3,7,3,7,8,7,8,8,8,8,750,0,48,1,1,0,1,1,1,1,29,6090,9,11,2017,5,21,18,1,2,3,98,8,SL 345 FREDERICKSBURG RD,NA,99999,29.51076667,-98.56708611,0,8,0,0,1,1,0,1,3,10,0,10,0,0,99,99,99,99,99,99,0,0,0,1,0
48,483396,0,1,5,48,1,0,0,0,760,0,3,7,3,7,8,7,8,8,8,8,750,0,48,1,1,0,1,1,1,1,257,3610,23,12,2017,7,19,32,0,1,5,98,2,US-175 BUSINESS ELM ST,NA,33,32.42887778,-96.21674722,0,8,0,0,1,1,0,1,2,1,0,1,0,0,99,99,99,99,99,99,0,0,0,1,0
48,483408,0,1,5,28,1,0,0,0,900,0,9,7,9,7,8,7,8,8,8,8,990,0,48,1,1,0,1,1,1,1,121,4007,31,12,2017,1,6,41,1,2,3,98,2,US-380 UNIVERSITY DR,NA,99999,33.22131944,-96.94533611,0,8,0,0,1,1,0,1,2,98,0,98,0,0,99,99,99,99,99,99,99,99,99,1,0
48,483417,0,1,5,84,2,0,0,0,781,0,1,7,2,7,3,7,3,1,2,11a,790,0,48,1,1,0,1,1,2,2,201,3280,12,12,2017,3,14,12,0,2,4,98,6,SYNOTT RD,BELLAIRE BLVD,0,29.70339722,-95.61485278,0,8,0,0,3,2,0,1,1,1,0,1,0,0,99,99,99,99,99,99,0,0,0,1,0
48,483418,0,1,5,19,2,0,0,0,910,0,3,7,3,7,8,7,8,8,8,8,910,0,48,1,1,0,1,1,2,2,229,0,16,12,2017,7,1,31,1,1,1,1,1,I-10,NA,582,31.11316111,-105.14745,0,8,0,0,1,1,0,1,2,1,0,1,0,0,99,99,99,99,99,99,0,0,0,1,0
48,483421,0,1,5,23,1,0,0,0,410,0,3,7,4,7,8,7,8,8,8,8,400,0,48,1,1,0,1,1,1,1,439,4300,5,8,2017,7,6,55,0,2,3,98,8,FM 157 MAIN ST,NA,200,32.55164444,-97.13294167,0,8,0,0,1,1,0,2,2,1,0,1,0,0,99,98,99,98,88,88,0,0,0,1,0
48,483422,0,1,5,999,1,0,0,0,313,0,3,7,3,7,8,7,8,8,8,8,600,0,48,1,1,0,1,1,1,1,453,330,7,8,2017,2,0,20,0,6,96,96,6,CONGRESS AVE PARKING LOT,NA,0,30.22774167,-97.76165,0,8,0,0,1,1,0,1,2,10,0,10,0,0,99,98,99,98,88,88,0,0,0,1,0
48,483424,0,1,5,50,1,0,0,0,760,0,3,7,3,7,8,7,8,8,8,8,750,0,48,1,1,0,1,1,1,1,439,2450,17,11,2017,6,18,31,1,2,3,98,3,SR-180 LANCASTER AVE,NA,161,32.74047222,-97.28268611,0,8,0,0,1,1,0,1,2,1,0,1,0,0,99,99,99,99,99,99,0,0,0,1,0
48,483427,0,1,5,45,1,0,0,0,690,0,1,7,9,7,9,7,3,3,9,99,990,0,48,1,1,0,1,1,1,1,453,330,31,10,2017,3,20,38,0,2,5,98,6,CHICON ST,WILLOW ST,0,30.25619444,-97.72504167,0,8,0,0,2,2,0,1,3,2,0,2,0,0,99,99,99,99,99,99,0,0,0,1,0
49,490005,0,1,5,95,1,0,1,0,690,0,2,7,3,7,2,7,1,3,2,4a,990,0,49,1,1,0,1,1,1,1,49,1840,9,1,2017,2,18,58,0,2,3,1,3,SR-156,700 NORTH,0,40.11906111,-111.65465,0,8,0,0,3,2,0,1,3,1,0,1,0,0,19,1,19,5,19,20,0,0,0,1,0
49,490014,0,1,5,37,2,1,1,0,742,0,1,7,2,7,3,7,2,3,1,1a,740,0,49,1,1,0,1,1,1,1,35,1700,9,2,2017,5,6,40,0,2,4,4,6,600 NORTH,800 WEST,0,40.78234722,-111.9141917,0,8,0,0,3,2,0,1,3,10,0,10,0,0,6,44,6,46,88,88,0,0,0,1,0
49,490015,0,1,5,84,1,0,1,0,760,0,3,7,3,7,8,7,8,8,8,8,750,0,49,1,1,0,1,1,4,4,5,990,10,2,2017,6,18,59,0,2,5,4,6,100 EAST,NA,0,41.74024722,-111.83205,0,8,0,0,1,1,0,1,2,2,0,2,0,0,18,59,19,4,19,12,0,0,0,1,0
49,490021,0,1,5,20,2,1,1,0,760,0,2,7,3,7,4,7,3,3,2,4a,750,0,49,1,1,0,2,2,1,1,5,1300,21,2,2017,3,22,20,1,2,3,1,2,US-91,2500 NORTH,0,41.77760556,-111.8340389,0,8,0,0,3,2,0,1,3,2,0,2,0,0,22,24,22,27,22,44,0,0,0,1,0
49,490021,0,2,5,34,2,1,1,0,760,0,2,7,3,7,4,7,3,3,2,4a,750,0,49,1,1,0,2,2,1,1,5,1300,21,2,2017,3,22,20,1,2,3,1,2,US-91,2500 NORTH,0,41.77760556,-111.8340389,0,8,0,0,3,2,0,1,3,2,0,2,0,0,22,24,22,27,22,44,0,0,0,1,0
49,490024,0,1,5,26,2,0,0,0,410,0,3,7,3,7,8,7,8,8,8,8,400,0,49,1,1,0,1,1,1,1,5,990,26,2,2017,1,21,45,0,2,3,1,3,SR-30,NA,1084,41.73575833,-111.8642333,0,8,0,0,1,1,0,1,2,10,0,10,0,0,21,47,21,51,22,0,0,0,0,1,0
49,490032,0,1,5,65,2,1,1,0,690,0,1,7,9,7,9,7,3,9,8,99,990,0,49,1,1,0,1,1,1,1,35,1700,5,3,2017,1,18,36,0,2,5,2,6,3900 SOUTH,500 EAST,0,40.68712222,-111.877025,0,8,0,0,2,2,0,1,2,2,0,2,0,0,18,39,18,42,18,51,0,0,0,1,0
49,490033,0,1,5,42,1,0,1,0,760,0,3,7,3,7,8,7,8,8,8,8,750,0,49,1,1,0,1,1,1,1,35,1924,9,3,2017,5,1,56,1,2,3,1,3,SR-173,NA,0,40.65306667,-111.9727222,0,8,0,0,1,1,0,1,2,1,0,1,0,0,1,56,2,1,88,88,0,0,0,1,0
49,490037,0,1,5,64,2,0,1,0,760,0,3,7,3,7,8,7,8,8,8,8,750,0,49,2,2,0,1,1,3,3,35,1710,7,2,2017,3,18,51,0,2,3,1,3,SR-71,NA,0,40.557425,-111.8722333,0,8,0,0,1,1,0,1,2,1,0,1,0,0,18,52,19,6,88,88,0,0,0,1,0
49,490041,0,1,5,48,1,1,1,0,741,0,3,7,2,7,8,7,8,8,8,8,740,0,49,1,1,0,1,1,3,3,35,1710,30,3,2017,5,21,57,1,2,3,1,2,US-89,NA,0,40.58404167,-111.8907972,0,8,0,0,1,1,0,1,2,1,0,1,0,0,21,59,22,2,22,19,0,0,0,1,0
49,490043,0,1,5,79,2,0,1,0,742,0,3,7,3,7,8,7,8,8,8,8,740,0,49,1,1,0,1,1,1,1,35,2113,3,4,2017,2,11,1,0,2,4,4,6,MEADWOD BROOK EXPRESSWAY,NA,0,40.68268333,-111.9359194,0,8,0,0,1,1,0,1,1,1,0,1,0,0,11,2,11,7,11,25,0,0,0,1,0
49,490048,0,1,5,44,2,0,1,0,760,0,1,7,2,7,3,7,4,3,1,1b,750,0,49,1,1,0,1,1,3,3,49,940,5,4,2017,4,22,27,0,2,4,4,3,SR-73,400 EAST,0,40.38794722,-111.8428722,0,8,0,0,1,1,0,1,2,1,0,1,0,0,22,29,22,30,88,88,0,0,0,1,0
49,490052,0,1,5,57,1,0,0,0,230,0,3,7,3,7,8,7,8,8,8,8,100,0,49,3,3,0,1,1,1,1,19,0,5,4,2017,4,0,15,1,1,1,1,1,I-70,NA,2151,39.05075833,-109.2658111,0,12,11,0,1,1,0,1,2,1,0,1,0,0,0,30,0,58,88,88,19,0,0,2,0
49,490056,0,1,5,14,1,1,1,0,770,0,3,7,2,7,8,7,8,8,8,8,750,0,49,2,2,0,1,1,2,2,11,1910,17,4,2017,2,20,25,0,2,3,1,3,SR-108,NA,0,41.09208611,-112.0646611,0,8,0,0,1,1,0,1,5,10,0,10,0,0,20,25,20,29,21,15,0,0,0,1,0
49,490067,0,1,5,64,1,0,0,0,890,0,4,7,8,7,8,7,8,8,8,8,800,0,49,2,2,0,2,2,2,2,53,1670,16,5,2017,3,13,43,0,2,99,26,8,ALBERTSONS PARKING LOT,NA,0,37.12029444,-113.6246444,0,18,0,0,1,1,0,1,1,1,0,1,0,0,13,45,13,50,88,88,0,0,0,1,0
49,490067,0,2,5,86,1,0,0,0,890,0,4,7,8,7,8,7,8,8,8,8,800,0,49,2,2,0,2,2,2,2,53,1670,16,5,2017,3,13,43,0,2,99,26,8,ALBERTSONS PARKING LOT,NA,0,37.12029444,-113.6246444,0,18,0,0,1,1,0,1,1,1,0,1,0,0,13,45,13,50,88,88,0,0,0,1,0
49,490071,0,1,5,82,1,1,0,0,680,0,3,7,9,7,8,7,8,8,8,8,990,0,49,1,1,0,1,1,2,2,57,2095,5,5,2017,6,22,40,0,2,4,1,3,SR-37,NA,0,41.19077222,-112.0856639,0,8,0,0,1,1,4,1,2,1,0,1,0,0,22,46,22,50,88,88,0,0,0,1,0
49,490077,0,1,5,44,1,0,0,0,690,0,1,7,1,7,9,7,4,3,9,99,990,0,49,1,1,0,1,1,1,1,37,1205,5,5,2017,6,22,18,0,1,7,2,4,CR-468,SR-163,0,37.00425556,-110.1734028,0,8,0,0,2,2,0,1,2,1,0,1,0,0,22,18,22,28,88,88,0,0,0,1,0
49,490092,0,1,5,6,2,0,1,0,320,0,3,7,5,7,8,7,8,8,8,8,350,0,49,2,1,1,3,3,1,1,49,1560,10,6,2017,7,15,3,0,2,5,4,6,CENTER STREET,NA,0,40.23380278,-111.7103556,0,53,0,0,1,1,0,5,1,1,0,1,0,0,15,5,15,8,15,35,0,0,0,1,0
49,490092,0,2,5,6,1,0,1,0,320,0,3,7,5,7,8,7,8,8,8,8,350,0,49,2,1,1,3,3,1,1,49,1560,10,6,2017,7,15,3,0,2,5,4,6,CENTER STREET,NA,0,40.23380278,-111.7103556,0,53,0,0,1,1,0,5,1,1,0,1,0,0,15,5,15,8,15,35,0,0,0,1,0
49,490092,0,3,5,64,1,0,1,0,320,0,3,7,5,7,8,7,8,8,8,8,350,0,49,2,1,1,3,3,1,1,49,1560,10,6,2017,7,15,3,0,2,5,4,6,CENTER STREET,NA,0,40.23380278,-111.7103556,0,53,0,0,1,1,0,5,1,1,0,1,0,0,15,5,15,8,15,35,0,0,0,1,0
49,490094,0,1,5,14,2,0,0,0,130,0,3,7,3,7,8,7,8,8,8,8,100,0,49,1,1,0,1,1,1,1,23,1260,12,6,2017,2,19,16,0,2,7,4,6,600 EAST,NA,0,39.70641667,-111.8247306,0,8,0,0,1,1,0,1,1,1,0,1,0,0,19,16,19,20,19,27,0,0,0,1,0
49,490108,0,4,5,59,1,0,1,0,680,0,3,7,5,7,8,7,8,8,8,8,990,0,49,1,1,0,7,7,2,2,35,1700,4,7,2017,3,19,4,0,2,5,4,6,200 SOUTH,NA,0,40.76490556,-111.903275,0,8,0,0,1,1,0,4,1,1,0,1,0,0,19,3,19,8,19,43,0,0,0,1,0
49,490108,0,5,5,60,2,0,1,0,680,0,3,7,5,7,8,7,8,8,8,8,990,0,49,1,1,0,7,7,2,2,35,1700,4,7,2017,3,19,4,0,2,5,4,6,200 SOUTH,NA,0,40.76490556,-111.903275,0,8,0,0,1,1,0,4,1,1,0,1,0,0,19,3,19,8,19,43,0,0,0,1,0
49,490108,0,6,5,45,1,0,1,0,680,0,3,7,5,7,8,7,8,8,8,8,990,0,49,1,1,0,7,7,2,2,35,1700,4,7,2017,3,19,4,0,2,5,4,6,200 SOUTH,NA,0,40.76490556,-111.903275,0,8,0,0,1,1,0,4,1,1,0,1,0,0,19,3,19,8,19,43,0,0,0,1,0
49,490108,0,7,5,32,1,0,1,0,680,0,3,7,5,7,8,7,8,8,8,8,990,0,49,1,1,0,7,7,2,2,35,1700,4,7,2017,3,19,4,0,2,5,4,6,200 SOUTH,NA,0,40.76490556,-111.903275,0,8,0,0,1,1,0,4,1,1,0,1,0,0,19,3,19,8,19,43,0,0,0,1,0
49,490108,0,1,5,27,1,0,1,0,680,0,3,7,5,7,8,7,8,8,8,8,990,0,49,1,1,0,7,7,2,2,35,1700,4,7,2017,3,19,4,0,2,5,4,6,200 SOUTH,NA,0,40.76490556,-111.903275,0,8,0,0,1,1,0,4,1,1,0,1,0,0,19,3,19,8,19,43,0,0,0,1,0
49,490108,0,2,5,50,1,0,1,0,680,0,3,7,5,7,8,7,8,8,8,8,990,0,49,1,1,0,7,7,2,2,35,1700,4,7,2017,3,19,4,0,2,5,4,6,200 SOUTH,NA,0,40.76490556,-111.903275,0,8,0,0,1,1,0,4,1,1,0,1,0,0,19,3,19,8,19,43,0,0,0,1,0
49,490108,0,3,5,16,1,0,1,0,680,0,3,7,5,7,8,7,8,8,8,8,990,0,49,1,1,0,7,7,2,2,35,1700,4,7,2017,3,19,4,0,2,5,4,6,200 SOUTH,NA,0,40.76490556,-111.903275,0,8,0,0,1,1,0,4,1,1,0,1,0,0,19,3,19,8,19,43,0,0,0,1,0
49,490114,0,1,5,20,1,0,0,0,459,0,3,7,3,7,8,7,8,8,8,8,400,0,49,1,1,0,1,1,1,1,57,2095,6,7,2017,5,22,53,0,1,7,4,5,5100 WEST,NA,0,41.202725,-112.1027306,0,8,0,0,1,1,0,1,2,1,0,1,0,0,88,88,88,88,88,88,0,0,0,1,0
49,490130,0,1,5,3,2,0,1,0,741,0,3,7,3,7,8,7,8,8,8,8,740,0,49,1,1,0,1,1,2,2,49,366,28,7,2017,6,18,23,0,2,7,4,6,WYCLIFFE WAY,NA,0,40.36124722,-111.9787861,0,8,0,0,1,1,0,1,1,1,0,1,0,0,18,26,18,43,19,13,0,0,0,1,0
49,490132,0,1,5,71,1,0,0,0,214,0,4,7,8,7,8,7,8,8,8,8,200,0,49,1,1,0,1,1,1,1,49,1390,4,8,2017,6,10,56,0,2,98,26,8,895 NORTH,NA,0,40.31375556,-111.7211528,0,8,0,0,1,1,0,5,1,10,0,10,0,0,10,58,11,3,11,15,0,0,0,1,0
49,490140,0,1,5,28,2,0,0,0,760,0,3,7,3,7,8,7,8,8,8,8,750,0,49,1,1,0,1,1,1,1,35,1700,30,8,2017,4,7,21,0,2,3,1,3,SR-269,NA,0,40.75628889,-111.9041333,0,8,0,1,5,1,0,1,3,1,0,1,0,0,7,21,7,23,88,88,0,0,0,1,0
49,490141,0,1,5,68,1,0,0,0,230,0,3,7,3,7,8,7,8,8,8,8,100,0,49,2,1,1,1,1,1,1,27,320,21,8,2017,2,19,53,1,1,3,1,2,US-50,NA,983,39.28241944,-112.4612111,0,8,0,0,1,1,0,1,1,1,0,1,0,0,19,53,20,8,88,88,23,0,0,1,0
49,490158,0,1,5,19,1,0,0,0,680,0,3,7,3,7,8,7,8,8,8,8,990,0,49,3,3,0,1,1,3,3,35,2113,15,8,2017,3,23,10,0,2,5,4,6,3100 SOUTH,NA,0,40.70395278,-111.9337528,0,8,0,0,1,1,0,1,2,1,0,1,0,0,23,10,23,15,88,88,0,0,0,1,0
49,490163,0,1,5,49,1,1,1,0,760,0,1,7,2,7,1,7,4,3,1,1a,750,0,49,1,1,0,1,1,1,1,35,1820,29,8,2017,3,23,57,0,2,3,1,3,SR-171,900 WEST,0,40.69941389,-111.9169667,0,8,0,0,2,3,0,1,3,1,0,1,0,0,23,58,0,4,0,16,0,0,0,1,0
49,490170,0,1,5,60,1,0,1,0,760,0,3,7,3,7,8,7,8,8,8,8,750,0,49,1,1,0,1,1,1,1,35,1924,23,9,2017,7,23,19,0,2,3,1,3,SR-68,NA,0,40.66535556,-111.9388389,0,8,0,0,1,1,0,1,2,2,0,2,0,0,23,19,23,33,88,88,0,0,0,1,0
49,490174,0,1,5,42,2,0,1,0,690,0,1,7,2,7,9,7,2,3,9,99,990,0,49,2,2,0,1,1,2,2,35,865,27,9,2017,4,6,17,0,2,3,1,3,SR-173,5160 WEST,33,40.65301389,-112.0141389,0,8,0,0,2,3,0,1,2,1,0,1,0,0,6,17,6,25,88,88,0,0,0,1,0
49,490178,0,1,5,13,1,0,0,0,741,0,3,7,3,7,8,7,8,8,8,8,740,0,49,1,1,0,1,1,1,1,21,190,16,9,2017,7,20,44,0,2,4,4,6,CROSS HOLLOW RD,NA,0,37.65635556,-113.0900306,0,8,0,0,1,1,0,1,2,1,0,1,0,0,20,47,20,55,21,20,0,0,0,1,0
49,490181,0,1,5,81,2,0,1,0,760,0,3,7,3,7,8,7,8,8,8,8,750,0,49,1,1,0,1,1,3,3,53,2050,12,8,2017,7,23,37,0,2,4,4,3,SR-212,NA,0,37.12713056,-113.5237722,0,11,0,0,1,1,0,1,2,10,0,10,0,0,23,38,23,43,0,2,0,0,0,1,0
49,490185,0,1,5,12,1,0,0,0,910,0,3,7,3,7,8,7,8,8,8,8,910,0,49,1,1,0,1,1,2,2,21,190,2,10,2017,2,19,49,1,2,1,1,1,I-15,NA,570,37.65339444,-113.0826833,0,8,0,1,18,1,0,1,2,1,0,1,0,0,19,52,19,56,88,88,0,0,0,1,0
49,490188,0,1,5,21,2,0,1,0,760,0,3,7,3,7,8,7,8,8,8,8,750,0,49,1,1,0,1,1,1,1,35,2113,16,10,2017,2,7,9,0,2,4,4,6,4100 S,NA,0,40.68204444,-112.0116556,0,8,0,0,1,1,0,1,2,1,0,1,0,0,7,10,7,16,7,39,0,0,0,1,0
49,490196,0,1,5,14,2,0,0,0,910,0,3,7,3,7,8,7,8,8,8,8,910,0,49,2,2,0,2,2,3,3,3,1470,15,10,2017,1,15,53,1,2,3,1,2,US-89,NA,0,41.44638056,-112.0375639,0,8,0,0,1,1,0,1,1,1,0,1,0,0,15,55,15,59,16,11,0,0,0,1,0
49,490196,0,2,5,16,2,0,0,0,910,0,3,7,3,7,8,7,8,8,8,8,910,0,49,2,2,0,2,2,3,3,3,1470,15,10,2017,1,15,53,1,2,3,1,2,US-89,NA,0,41.44638056,-112.0375639,0,8,0,0,1,1,0,1,1,1,0,1,0,0,15,55,15,59,16,11,0,0,0,1,0
49,490198,0,1,5,66,1,0,0,0,760,0,3,7,3,7,8,7,8,8,8,8,750,0,49,1,1,0,1,1,1,1,45,1940,30,10,2017,2,19,30,0,2,3,1,3,SR-36,NA,0,40.53101944,-112.3084167,0,8,0,0,1,1,0,1,2,1,0,1,0,0,19,30,99,98,88,88,0,0,0,1,0
49,490200,0,1,8,59,1,0,1,0,680,0,3,7,3,7,8,7,8,8,8,8,990,0,49,1,1,0,1,1,2,2,57,1350,5,11,2017,1,21,23,0,2,4,4,6,MONROE BLVD,NA,0,41.24813333,-111.9547444,0,15,0,0,1,1,0,1,2,1,0,1,0,0,21,24,21,31,21,48,0,0,0,1,0
49,490203,0,1,5,64,1,1,1,0,760,0,1,7,2,7,3,7,2,3,2,3a,750,0,49,2,2,0,1,1,3,3,35,2113,4,11,2017,7,19,52,0,2,5,4,6,3100 S,3600 W,0,40.70388056,-111.9770083,0,8,0,0,2,2,0,1,3,10,0,10,0,0,19,52,19,57,88,88,0,0,0,1,0
49,490224,0,1,5,63,1,0,1,0,760,0,3,7,3,7,8,7,8,8,8,8,750,0,49,1,1,0,1,1,4,4,35,1240,2,12,2017,7,18,28,1,2,3,1,2,US-89,NA,0,40.66186944,-111.88825,0,8,0,0,1,1,0,1,3,1,0,1,0,0,18,28,18,31,19,9,0,0,0,1,0
49,490228,0,1,5,19,1,1,1,0,770,0,1,7,2,7,4,7,3,3,1,1a,750,0,49,1,1,0,1,1,1,1,35,1924,22,11,2017,4,21,0,1,2,3,1,3,SR-68,4200 SOUTH,0,40.67978889,-111.938975,0,8,0,0,2,2,0,1,3,1,0,1,0,0,21,2,12,5,88,88,0,0,0,1,1
49,490231,0,1,5,53,2,0,0,0,770,0,3,7,3,7,8,7,8,8,8,8,750,0,49,1,1,0,1,1,1,1,53,1670,9,12,2017,7,19,59,0,2,4,4,6,DIXIE DRIVE,NA,0,37.11893333,-113.6236917,0,8,0,0,1,1,0,1,3,1,0,1,0,0,20,0,20,2,88,88,0,0,0,1,1
49,490234,0,1,5,75,2,0,1,0,760,0,3,7,3,7,8,7,8,8,8,8,750,0,49,1,1,0,1,1,1,1,11,910,15,12,2017,6,17,18,0,2,3,1,3,SR-126,NA,0,41.07083333,-111.9768083,0,8,0,0,1,1,0,1,3,1,0,1,0,0,17,18,17,19,17,42,0,0,0,1,0
49,490237,0,1,5,56,1,1,1,0,770,0,1,7,2,7,9,7,4,3,1,1c,750,0,49,1,1,0,3,3,1,1,35,1710,30,11,2017,5,19,0,0,2,4,4,6,9400 SOUTH,NA,0,40.58059167,-111.8877,0,8,0,0,1,1,0,1,3,1,0,1,0,0,19,13,19,18,19,44,0,0,0,1,0
49,490237,0,2,5,56,2,1,1,0,770,0,1,7,2,7,9,7,4,3,1,1c,750,0,49,1,1,0,3,3,1,1,35,1710,30,11,2017,5,19,0,0,2,4,4,6,9400 SOUTH,NA,0,40.58059167,-111.8877,0,8,0,0,1,1,0,1,3,1,0,1,0,0,19,13,19,18,19,44,0,0,0,1,0
49,490237,0,3,5,46,1,1,1,0,770,0,1,7,2,7,9,7,4,3,1,1c,750,0,49,1,1,0,3,3,1,1,35,1710,30,11,2017,5,19,0,0,2,4,4,6,9400 SOUTH,NA,0,40.58059167,-111.8877,0,8,0,0,1,1,0,1,3,1,0,1,0,0,19,13,19,18,19,44,0,0,0,1,0
49,490239,0,1,5,53,1,0,0,0,341,0,3,7,3,7,8,7,8,8,8,8,340,0,49,2,2,0,1,1,2,2,35,1924,29,12,2017,6,6,54,1,2,3,1,3,SR-68,NA,0,40.63825278,-111.9388306,0,8,0,0,1,1,0,1,2,1,0,1,0,0,6,55,7,1,7,19,0,0,0,1,0