STATE.x,ST_CASE,VEH_NO,PER_NO,PBPTYPE,PBAGE,PBSEX,PBCWALK,PBSWALK,PBSZONE,PEDCTYPE,BIKECTYPE,PEDLOC,BIKELOC,PEDPOS,BIKEPOS,PEDDIR,BIKEDIR,MOTDIR,MOTMAN,PEDLEG,PEDSNR,PEDCGP,BIKECGP,STATE.y,VE_TOTAL,VE_FORMS,PVH_INVL,PEDS,PERNOTMVIT,PERMVIT,PERSONS,COUNTY,CITY,DAY,MONTH,YEAR,DAY_WEEK,HOUR,MINUTE,NHS,RUR_URB,FUNC_SYS,RD_OWNER,ROUTE,TWAY_ID,TWAY_ID2,MILEPT,LATITUDE,LONGITUD,SP_JUR,HARM_EV,MAN_COLL,RELJCT1,RELJCT2,TYP_INT,WRK_ZONE,REL_ROAD,LGT_COND,WEATHER1,WEATHER2,WEATHER,SCH_BUS,RAIL,NOT_HOUR,NOT_MIN,ARR_HOUR,ARR_MIN,HOSP_HR,HOSP_MN,CF1,CF2,CF3,FATALS,DRUNK_DR
53,530117,0,1,5,43,1,0,1,0,760,0,3,7,3,7,8,7,8,8,8,8,750,0,53,1,1,0,1,1,3,3,33,1960,12,4,2017,4,8,1,0,2,3,4,6,BOREN AVE,E SPRUCE ST,0,47.603525,-122.319725,0,8,0,0,1,1,0,1,1,2,0,2,0,0,99,98,99,98,99,98,0,0,0,1,0
53,530119,0,1,5,39,1,0,0,0,440,0,3,7,4,7,8,7,8,8,8,8,400,0,53,1,1,0,1,1,1,1,33,100,16,4,2017,1,3,55,0,2,2,1,3,SR-167 RAMP S100227,SR-18,2,47.307375,-122.2498222,0,8,0,1,5,1,0,2,3,1,0,1,0,0,99,98,99,98,88,88,0,0,0,1,0
53,530124,0,1,5,26,1,0,0,0,440,0,3,7,3,7,8,7,8,8,8,8,400,0,53,1,1,0,1,1,2,2,63,0,29,4,2017,7,21,40,1,1,3,1,2,US-2,NA,3041,47.999275,-117.3495861,0,8,0,0,1,1,0,1,2,10,0,10,0,0,99,98,99,98,88,88,0,0,0,1,0
53,530126,0,1,5,36,2,1,1,0,781,0,1,7,2,7,2,7,4,1,2,11b,790,0,53,1,1,0,1,1,1,1,33,1960,25,4,2017,3,5,56,0,2,4,4,6,WESTERN AVE,LENORA ST,0,47.61117222,-122.3447444,0,8,0,0,2,7,0,1,1,1,0,1,0,0,99,99,99,99,99,99,0,0,0,1,1
53,530130,0,1,5,56,1,0,1,0,760,0,3,7,3,7,8,7,8,8,8,8,750,0,53,1,1,0,1,1,1,1,33,1030,22,4,2017,7,20,59,0,2,3,1,3,SR-99,NA,113,47.386,-122.2965944,0,8,0,0,1,1,0,1,3,10,0,10,0,0,99,98,99,98,88,88,0,0,0,1,0
53,530137,0,1,5,59,1,0,0,0,760,0,3,7,3,7,8,7,8,8,8,8,750,0,53,1,1,0,1,1,1,1,77,0,5,5,2017,6,21,50,1,2,3,1,2,US-97,NA,729,46.50026944,-120.4645944,3,8,0,0,1,1,0,1,2,1,0,1,0,0,99,98,99,98,88,88,0,0,0,1,0
53,530149,0,1,5,28,1,0,0,0,420,0,3,7,3,7,8,7,8,8,8,8,400,0,53,1,1,0,1,1,1,1,67,0,13,5,2017,7,22,38,0,2,5,2,4,CR-OLD HIGHWAY 9,NA,4,46.78709722,-123.0173139,0,8,0,0,1,1,0,1,1,10,0,10,0,0,99,99,99,99,88,88,0,0,0,1,0
53,530161,0,1,5,37,2,0,0,0,680,0,3,7,3,7,8,7,8,8,8,8,990,0,53,1,1,0,1,1,1,1,33,1958,20,5,2017,7,3,0,0,2,5,4,6,S 144TH ST,NA,0,47.474325,-122.2936972,0,8,0,0,1,1,0,1,3,1,0,1,0,0,99,98,99,98,99,98,0,0,0,1,0
53,530167,0,1,5,18,1,0,0,0,680,0,3,7,3,7,8,7,8,8,8,8,990,0,53,1,1,0,1,1,2,2,33,735,15,1,2017,1,4,42,0,2,3,4,6,S 288TH ST,NA,0,47.34335556,-122.2950861,0,8,0,0,1,1,0,1,3,1,0,1,0,0,88,88,88,88,88,88,0,0,0,1,0
53,530184,0,1,5,33,1,0,0,0,440,0,3,7,4,7,8,7,8,8,8,8,400,0,53,1,1,0,1,1,1,1,73,0,13,5,2017,7,21,30,0,1,5,2,4,CR-BIRCH BAY LINDEN RD,NA,25,48.93562778,-122.6933,0,8,0,0,1,1,0,2,9,99,0,99,0,0,88,88,88,88,88,88,0,0,0,1,0
53,530187,0,1,5,21,1,0,0,0,410,0,3,7,3,7,8,7,8,8,8,8,400,0,53,2,1,1,1,1,1,1,33,980,28,5,2017,1,1,10,0,2,7,4,6,SE 53RD ST,NA,0,47.55469444,-122.0321639,0,8,0,0,1,1,0,1,2,1,0,1,0,0,99,98,99,98,88,88,14,0,0,1,0
53,530188,0,1,5,33,1,0,0,0,741,0,2,7,3,7,1,7,4,3,2,4a,740,0,53,1,1,0,1,1,1,1,11,2370,23,5,2017,3,23,57,0,2,3,4,6,SE MILL PLAIN BLVD,SE PARK CREST BLVD,0,45.61754444,-122.5225639,0,8,0,0,3,2,0,1,3,10,0,10,0,0,99,98,99,98,99,98,0,0,0,1,0
53,530197,0,1,8,20,1,0,0,0,420,0,3,7,3,7,8,7,8,8,8,8,400,0,53,1,1,0,1,1,1,1,59,0,10,6,2017,7,1,6,0,1,3,1,3,SR-14,NA,285,45.59545833,-122.1322194,0,15,0,0,1,1,0,1,2,98,0,98,0,0,99,98,99,98,88,88,0,0,0,1,0
53,530207,0,1,5,47,1,0,0,0,230,0,3,7,4,7,8,7,8,8,8,8,100,0,53,3,1,2,1,3,1,3,33,0,20,6,2017,3,23,18,1,1,1,1,1,I-90,NA,225,47.51063611,-121.9086361,0,14,0,0,1,1,0,2,2,1,0,1,0,0,99,98,99,98,99,98,23,0,0,1,1
53,530213,0,1,5,44,2,1,1,0,781,0,1,7,2,7,9,7,1,1,2,11c,790,0,53,1,1,0,1,1,1,1,57,50,21,6,2017,4,3,17,0,2,3,1,3,SR-20,COMMERCIAL AVE,519,48.51261389,-122.6126361,0,8,0,0,2,2,0,1,3,1,0,1,0,0,99,98,99,98,88,88,0,0,0,1,0
53,530219,0,1,5,66,2,0,1,0,465,0,3,7,3,7,8,7,8,8,8,8,460,0,53,1,1,0,1,1,1,1,33,735,30,6,2017,6,17,1,0,2,4,4,6,S 288TH ST,NA,0,47.34340556,-122.3019611,0,8,0,0,8,1,0,1,1,1,0,1,0,0,99,99,99,99,88,88,0,0,0,1,0
53,530220,0,1,5,54,1,0,0,0,680,0,3,7,3,7,8,7,8,8,8,8,990,0,53,1,1,0,1,1,1,1,77,0,30,6,2017,6,21,49,0,1,5,2,4,CR-GLADE RD,NA,40,46.18526389,-120.0007861,0,8,0,0,1,1,0,1,2,1,0,1,0,0,99,98,99,98,88,88,0,0,0,1,0
53,530233,0,1,5,27,1,0,0,0,440,0,3,7,3,7,8,7,8,8,8,8,400,0,53,1,1,0,1,1,4,4,11,1860,1,7,2017,7,23,54,1,1,1,1,1,I-5,NA,142,45.81591389,-122.6857833,0,8,0,0,1,1,0,1,2,1,0,1,0,0,99,98,99,98,88,88,0,0,0,1,0
53,530248,0,1,5,31,1,0,0,0,760,0,3,7,3,7,8,7,8,8,8,8,750,0,53,1,1,0,1,1,1,1,11,2370,9,7,2017,1,1,38,0,2,7,4,6,E FOURTH PLAIN ST,NA,0,45.63881944,-122.6250444,0,8,0,0,1,1,0,1,3,98,0,98,0,0,99,98,99,98,88,88,0,0,0,1,0
53,530249,0,1,5,37,1,0,0,0,680,0,3,7,3,7,8,7,8,8,8,8,990,0,53,2,2,0,1,1,2,2,53,747,7,7,2017,6,2,11,0,2,3,4,6,PACIFIC HWY E,NA,0,47.24321944,-122.3955944,3,8,0,0,1,1,0,1,2,1,0,1,0,0,99,98,99,98,88,88,0,0,0,1,0
53,530257,0,1,5,35,1,0,9,0,430,0,3,7,3,7,8,7,8,8,8,8,400,0,53,1,1,0,1,1,1,1,47,0,16,7,2017,1,19,40,0,1,7,2,4,CR-OMAK-RIVERSIDE E RD,NA,75,99.9999,999.9999,0,8,0,0,1,1,0,1,1,1,0,1,0,0,99,98,99,98,99,98,0,0,0,1,1
53,530276,0,1,5,77,2,1,9,0,770,0,1,7,2,7,9,7,2,3,2,3c,750,0,53,1,1,0,1,1,1,1,41,300,27,7,2017,5,20,26,0,2,3,4,6,W MAIN ST,IRON ST,0,46.71689722,-122.9575667,0,8,0,0,2,2,0,1,1,1,0,1,0,0,99,99,99,99,99,99,0,0,0,1,0
53,530282,0,1,8,58,2,1,9,0,781,0,1,7,2,7,4,7,4,1,2,11a,790,0,53,1,1,0,1,1,3,3,33,100,8,7,2017,7,14,20,0,2,5,4,6,R ST NE,8TH ST NE,0,47.31545,-122.2082,0,15,0,0,2,3,0,1,1,1,0,1,0,0,99,99,99,99,99,99,0,0,0,1,0
53,530283,0,1,5,61,2,0,9,0,760,0,3,7,3,7,8,7,8,8,8,8,750,0,53,1,1,0,1,1,2,2,15,1190,6,7,2017,5,22,19,0,2,3,4,6,15TH AVE,NA,0,46.12711944,-122.9411417,0,8,0,0,1,1,0,1,3,1,0,1,0,0,99,99,99,99,99,99,0,0,0,1,0
53,530287,0,1,5,27,2,0,1,0,760,0,3,7,3,7,8,7,8,8,8,8,750,0,53,1,1,0,1,1,2,2,33,2310,16,7,2017,1,0,54,0,2,3,4,6,E MARGINAL WAY S,NA,0,47.51053889,-122.2926861,0,8,0,0,1,1,0,1,3,1,0,1,0,0,99,98,99,98,99,98,0,0,0,1,1
53,530288,0,1,5,52,1,1,9,0,690,0,1,7,2,7,9,7,9,8,8,99,990,0,53,1,1,0,1,1,1,1,61,1280,6,7,2017,5,4,33,0,2,3,1,3,SR-528,4TH ST,1,48.05188611,-122.1835806,0,8,0,1,3,2,0,1,4,1,0,1,0,0,99,98,99,98,99,98,0,0,0,1,0
53,530297,0,1,5,78,2,1,9,0,795,0,1,7,2,7,9,7,2,2,2,7c,790,0,53,1,1,0,1,1,1,1,33,1960,26,7,2017,4,8,40,0,2,3,4,6,RAINER AVE S,S WALDEN ST,0,47.57290278,-122.2940472,0,8,0,0,2,2,0,1,1,1,0,1,0,0,99,98,99,98,99,98,0,0,0,1,0
53,530306,0,1,5,999,1,0,9,0,313,0,3,7,3,7,8,7,8,8,8,8,600,0,53,1,1,0,1,1,1,1,77,0,3,8,2017,5,22,42,0,1,5,2,4,CR-S WAPATO RD,NA,16,46.41005278,-120.4173139,3,8,0,0,1,1,0,1,2,1,0,1,0,0,99,98,99,98,88,88,0,0,0,1,0
53,530312,0,1,5,21,1,0,0,0,410,0,3,7,3,7,8,7,8,8,8,8,400,0,53,1,1,0,1,1,1,1,53,0,18,8,2017,6,4,4,0,2,3,1,3,SR-512,NA,71,47.15818611,-122.3260917,0,8,0,0,1,1,0,1,2,1,0,1,0,0,99,98,99,98,88,88,0,0,0,1,0
53,530317,0,1,5,34,1,1,9,0,770,0,1,7,2,7,2,7,1,3,2,3a,750,0,53,1,1,0,2,2,1,1,15,1190,18,8,2017,6,15,37,0,2,5,4,6,7TH AVE,DELAWARE ST,0,46.12872222,-122.9293417,0,8,0,0,1,1,0,1,1,1,0,1,0,0,99,99,99,99,99,99,0,0,0,1,0
53,530317,0,2,5,32,2,1,9,0,770,0,1,7,2,7,2,7,1,3,2,3a,750,0,53,1,1,0,2,2,1,1,15,1190,18,8,2017,6,15,37,0,2,5,4,6,7TH AVE,DELAWARE ST,0,46.12872222,-122.9293417,0,8,0,0,1,1,0,1,1,1,0,1,0,0,99,99,99,99,99,99,0,0,0,1,0
53,530318,0,1,5,68,2,1,9,0,742,0,3,7,2,7,8,7,8,8,8,8,740,0,53,1,1,0,1,1,2,2,61,690,21,8,2017,2,18,59,0,2,3,1,3,SR-527,NA,76,47.89566389,-122.2048444,0,8,0,0,1,1,0,1,1,1,0,1,0,0,99,98,99,98,99,98,0,0,0,1,0
53,530329,0,1,5,28,1,0,9,0,313,0,3,7,3,7,8,7,8,8,8,8,600,0,53,1,1,0,1,1,2,2,27,0,25,8,2017,6,22,52,1,2,3,1,2,US-12,NA,139,46.98810833,-123.5375389,0,8,0,0,1,1,0,1,2,1,0,1,0,0,99,98,99,98,88,88,0,0,0,1,0
53,530339,0,1,5,43,1,0,0,0,230,0,3,7,3,7,8,7,8,8,8,8,100,0,53,2,1,1,1,3,2,4,53,2230,30,8,2017,4,21,25,1,2,1,1,1,I-5,NA,1336,47.232075,-122.4392861,0,8,0,0,1,1,0,1,3,1,0,1,0,0,99,98,99,98,88,88,23,0,0,1,0
53,530345,0,1,5,55,1,0,9,0,459,0,3,7,3,7,8,7,8,8,8,8,400,0,53,1,1,0,1,1,1,1,77,0,22,8,2017,3,20,55,0,2,7,4,6,N FIR ST,NA,0,46.38800556,-120.3114528,3,8,0,0,1,1,0,1,5,1,0,1,0,0,99,98,99,98,99,98,0,0,0,1,0
53,530347,0,1,5,45,2,1,9,0,770,0,1,7,2,7,9,7,3,3,1,1c,750,0,53,1,1,0,2,2,1,1,63,2110,16,8,2017,4,15,38,0,6,96,96,8,N ATLANTIC LANE,NA,0,47.72731389,-117.4130944,0,8,0,0,8,1,0,1,1,1,0,1,0,0,99,99,99,99,99,99,0,0,0,1,0
53,530347,0,2,5,12,1,1,9,0,770,0,1,7,2,7,9,7,3,3,1,1c,750,0,53,1,1,0,2,2,1,1,63,2110,16,8,2017,4,15,38,0,6,96,96,8,N ATLANTIC LANE,NA,0,47.72731389,-117.4130944,0,8,0,0,8,1,0,1,1,1,0,1,0,0,99,99,99,99,99,99,0,0,0,1,0
53,530348,0,1,8,88,1,1,9,0,781,0,1,7,2,7,9,7,2,1,2,11c,790,0,53,1,1,0,1,1,1,1,15,1190,2,8,2017,4,8,54,0,2,4,1,3,SR-411,HUDSON ST,8,46.13477222,-122.9228056,0,15,0,0,2,3,0,1,1,1,0,1,0,0,99,98,99,98,99,98,0,0,0,1,0
53,530349,0,1,8,50,2,0,9,0,150,0,1,7,2,7,2,7,1,3,1,1a,100,0,53,3,3,0,1,1,3,3,63,2110,7,8,2017,2,10,0,1,2,3,1,2,US-2,3RD AVE,2788,47.65345833,-117.411225,0,12,7,1,20,1,0,1,1,1,0,1,0,0,99,98,99,98,88,88,23,0,0,1,0
53,530354,0,1,5,56,1,0,0,0,760,0,3,7,3,7,8,7,8,8,8,8,750,0,53,1,1,0,1,1,1,1,61,690,2,9,2017,7,20,27,0,2,3,4,6,AIRPORT RD,NA,0,47.89083056,-122.2594667,0,8,0,0,1,1,0,1,2,1,0,1,0,0,99,98,99,98,99,98,0,0,0,1,0
53,530358,0,1,5,34,1,0,0,0,410,0,3,7,3,7,8,7,8,8,8,8,400,0,53,1,1,0,1,1,1,1,53,0,9,9,2017,7,23,0,0,1,3,1,3,SR-7,NA,449,47.05613611,-122.4008389,0,8,0,0,1,1,0,1,2,2,0,2,0,0,99,98,99,98,99,98,0,0,0,1,0
53,530360,0,1,5,71,2,0,9,0,760,0,3,7,3,7,8,7,8,8,8,8,750,0,53,1,1,0,1,1,3,3,67,1102,10,9,2017,1,20,17,0,2,3,4,6,COLLEGE ST SE,AVERY LN SE,0,46.99884722,-122.8231722,0,8,0,0,1,1,0,1,3,1,0,1,0,0,99,98,99,98,99,98,0,0,0,1,0
53,530362,0,1,5,34,2,9,9,0,900,0,9,7,9,7,8,7,8,8,8,8,990,0,53,1,1,0,1,1,1,1,53,2230,5,2,2017,1,2,31,0,2,3,4,6,PORTLAND AVE,E 29TH ST,0,47.237675,-122.4101444,0,8,0,0,98,98,0,1,8,98,0,98,0,0,99,98,99,98,99,98,0,0,0,1,0
53,530364,0,1,5,31,2,0,9,0,410,0,3,7,3,7,8,7,8,8,8,8,400,0,53,1,1,0,1,1,1,1,53,0,13,5,2017,7,4,18,0,2,5,2,4,CR-168TH ST E,NA,7,47.10442222,-122.4280222,0,8,0,0,1,1,0,1,3,10,0,10,0,0,99,98,99,98,99,98,0,0,0,1,0
53,530373,0,1,5,51,1,0,0,0,910,0,3,7,3,7,8,7,8,8,8,8,910,0,53,1,1,0,1,1,2,2,11,0,16,9,2017,7,22,28,1,1,1,1,1,I-5,NA,157,45.837075,-122.6960722,0,8,0,0,1,1,0,1,2,1,0,1,0,0,99,98,99,98,88,88,0,0,0,1,0
53,530401,0,1,5,28,1,0,0,0,313,0,3,7,3,7,8,7,8,8,8,8,600,0,53,1,1,0,1,1,3,3,77,0,3,9,2017,1,0,20,1,1,3,1,2,US-97,NA,605,46.33223889,-120.3204806,3,8,0,0,1,1,0,1,2,1,0,1,0,0,99,99,99,99,99,99,0,0,0,1,0
53,530402,0,1,5,65,1,0,0,0,760,0,3,7,3,7,8,7,8,8,8,8,750,0,53,1,1,0,1,1,2,2,47,1600,14,9,2017,5,18,5,0,2,4,1,3,SR-215,NA,52,48.41249167,-119.5284111,0,8,0,0,1,1,0,1,1,1,0,1,0,0,99,99,99,99,99,99,0,0,0,1,0
53,530409,0,1,5,32,1,0,0,0,760,0,1,7,2,7,2,7,1,3,2,3a,750,0,53,1,1,0,1,1,1,1,33,229,23,9,2017,7,6,53,0,2,3,4,6,1 AVE S,S 138 STREET,99999,47.47946389,-122.3337222,0,8,0,0,2,2,0,1,4,1,0,1,0,0,99,98,99,98,88,88,0,0,0,1,0
53,530414,0,1,8,81,1,0,0,0,742,0,3,7,3,7,8,7,8,8,8,8,740,0,53,1,1,0,1,1,1,1,63,1165,29,9,2017,6,12,46,0,2,4,2,4,CR-N LIBERTY LAKE RD,NA,0,47.66861389,-117.1051417,0,15,0,0,1,1,0,1,1,1,0,1,0,0,99,98,99,98,99,98,0,0,0,1,0
53,530417,0,1,5,16,1,0,9,0,410,0,3,7,4,7,8,7,8,8,8,8,400,0,53,1,1,0,1,1,1,1,53,0,5,10,2017,5,17,20,0,1,4,2,4,CR-KEY PENINSULA HWY N,NA,1,47.34257778,-122.7438222,0,8,0,0,1,1,0,2,1,1,0,1,0,0,99,98,99,98,99,98,0,0,0,1,0
53,530420,0,1,5,42,1,0,0,0,760,0,3,7,3,7,8,7,8,8,8,8,750,0,53,1,1,0,1,1,3,3,75,0,8,10,2017,1,23,0,0,1,5,1,3,SR-27,NA,307,47.05610833,-117.1540111,0,8,0,0,1,1,0,1,2,1,0,1,0,0,99,98,99,98,88,88,0,0,0,1,0
53,530425,0,1,5,73,1,0,1,0,461,0,3,7,5,7,8,7,8,8,8,8,460,0,53,1,1,0,1,1,1,1,53,1124,7,10,2017,7,17,24,0,2,7,2,4,CR-GRANGE ST W,NA,99999,47.18605278,-122.5162944,0,8,0,0,8,1,0,1,1,1,0,1,0,0,99,98,99,98,99,98,0,0,0,1,0
53,530431,0,1,5,59,1,0,9,0,690,0,1,7,2,7,2,7,1,3,2,3a,990,0,53,1,1,0,1,1,1,1,9,1700,9,10,2017,2,19,4,0,2,5,4,6,S PEABODY ST,E 2ND ST,0,48.11589167,-123.4288833,0,8,0,0,2,2,0,1,2,1,0,1,0,0,99,99,99,99,99,99,0,0,0,1,0
53,530432,0,1,5,43,1,1,1,0,791,0,1,7,2,7,2,7,2,2,2,7a,790,0,53,1,1,0,1,1,1,1,33,1960,12,10,2017,5,20,39,0,2,7,4,6,WESTLAKE AVE,BLANCHARD ST,0,47.617775,-122.3383472,0,8,0,0,2,2,0,1,3,10,0,10,0,0,99,98,99,98,88,88,0,0,0,1,0
53,530434,0,1,5,38,1,0,1,0,830,0,4,7,8,7,8,7,8,8,8,8,800,0,53,1,1,0,3,3,1,1,63,2110,8,10,2017,1,7,28,0,6,96,96,6,3900 N MARKET,NA,0,47.69471111,-117.3655,0,8,0,0,1,1,0,4,1,1,0,1,0,0,99,98,99,98,99,98,0,0,0,2,0
53,530434,0,2,5,41,2,0,1,0,830,0,4,7,8,7,8,7,8,8,8,8,800,0,53,1,1,0,3,3,1,1,63,2110,8,10,2017,1,7,28,0,6,96,96,6,3900 N MARKET,NA,0,47.69471111,-117.3655,0,8,0,0,1,1,0,4,1,1,0,1,0,0,99,98,99,98,99,98,0,0,0,2,0
53,530434,0,3,5,26,1,0,1,0,830,0,4,7,8,7,8,7,8,8,8,8,800,0,53,1,1,0,3,3,1,1,63,2110,8,10,2017,1,7,28,0,6,96,96,6,3900 N MARKET,NA,0,47.69471111,-117.3655,0,8,0,0,1,1,0,4,1,1,0,1,0,0,99,98,99,98,99,98,0,0,0,2,0
53,530437,0,1,5,62,1,0,1,0,760,0,1,7,2,7,3,7,4,3,1,1b,750,0,53,1,1,0,1,1,1,1,61,690,28,10,2017,7,21,33,0,2,3,4,6,W MUKILTEO BLVD,DOGWOOD DR,0,47.95666944,-122.2313111,0,8,0,0,2,2,0,1,2,1,0,1,0,0,99,99,99,99,99,98,0,0,0,1,0
53,530441,0,1,5,76,1,9,0,0,690,0,1,7,2,7,1,7,2,3,2,3b,990,0,53,1,1,0,1,1,1,1,63,2110,9,10,2017,2,19,25,0,2,3,4,6,FRANCIS AVE,CINCINNATI ST,0,47.71507222,-117.3980194,0,8,0,0,3,2,0,1,3,1,0,1,0,0,99,98,99,98,88,88,0,0,0,1,0
53,530443,0,1,5,47,1,0,0,0,230,0,3,7,3,7,8,7,8,8,8,8,100,0,53,3,3,0,1,1,3,3,5,0,29,10,2017,1,5,21,1,1,1,1,1,I-82,NA,947,46.25681667,-119.5010444,0,12,7,0,1,1,0,1,2,5,0,5,0,0,99,98,99,98,88,88,19,0,0,1,0
53,530448,0,1,5,33,2,0,9,0,680,0,3,7,3,7,8,7,8,8,8,8,990,0,53,1,1,0,1,1,1,1,33,1960,10,7,2017,2,1,3,0,2,4,4,6,RENTON AVE S,NA,0,47.51478889,-122.2665444,0,8,0,0,1,1,0,1,3,2,0,2,0,0,99,99,99,99,88,88,0,0,0,1,0
53,530451,0,1,5,37,2,0,0,0,410,0,2,7,3,7,9,7,1,3,2,4c,400,0,53,1,1,0,1,1,1,1,77,2590,28,10,2017,7,18,56,0,2,5,4,6,S 6TH ST,E SPRUCE ST,0,46.60022222,-120.4965306,0,8,0,0,3,2,0,1,3,1,0,1,0,0,99,99,99,99,99,99,0,0,0,1,0
53,530457,0,1,5,16,1,0,0,0,680,0,3,7,3,7,8,7,8,8,8,8,990,0,53,2,2,0,1,1,2,2,77,0,17,10,2017,3,5,43,0,1,5,2,4,CR-S WAPATO RD,NA,99999,46.37571111,-120.417775,0,8,0,0,1,1,0,1,6,10,0,10,0,0,99,99,99,99,88,88,0,0,0,1,0
53,530461,0,1,5,65,2,1,9,0,791,0,1,7,2,7,2,7,2,2,2,7a,790,0,53,1,1,0,1,1,1,1,77,1980,6,10,2017,6,13,23,0,2,4,4,6,N 1ST ST,FREMONT AVE,0,46.65595556,-120.5305417,0,8,0,0,2,2,0,1,1,1,0,1,0,0,99,99,99,99,99,99,0,0,0,1,0
53,530463,0,1,5,22,1,0,0,0,680,0,3,7,3,7,8,7,8,8,8,8,990,0,53,1,1,0,1,1,1,1,33,735,2,11,2017,5,23,58,0,2,4,4,6,1 WAY S,NA,0,47.30516944,-122.3340139,0,8,0,0,1,1,0,1,3,99,0,99,0,0,99,98,99,98,88,88,0,0,0,1,0
53,530468,0,1,5,42,2,1,0,0,770,0,1,7,2,7,3,7,2,3,2,3a,750,0,53,1,1,0,1,1,1,1,63,2110,11,11,2017,7,20,35,0,2,5,4,6,E HOLLAND AVE,N COLTON ST,0,47.74394167,-117.406125,0,8,0,0,2,3,0,1,3,1,0,1,0,0,99,98,99,98,88,88,0,0,0,1,0
53,530470,0,1,5,76,2,0,9,0,760,0,3,7,3,7,8,7,8,8,8,8,750,0,53,1,1,0,1,1,1,1,33,1018,3,11,2017,6,18,15,0,2,4,4,6,80TH AVE NE,NA,0,47.75667778,-122.2336611,0,8,0,0,1,1,0,1,3,10,0,10,0,0,99,98,99,98,99,98,0,0,0,1,0
53,530471,0,1,5,30,2,0,0,0,760,0,2,7,3,7,4,7,3,3,1,2a,750,0,53,1,1,0,1,1,1,1,53,0,9,11,2017,5,18,12,0,2,3,1,3,SR-7,NA,520,47.16280556,-122.4342111,0,8,0,0,1,1,0,1,3,2,0,2,0,0,99,98,99,98,88,88,0,0,0,1,0
53,530473,0,1,5,39,1,0,1,0,320,0,3,7,4,7,8,7,8,8,8,8,350,0,53,1,1,0,1,1,2,2,63,2110,11,11,2017,7,10,40,0,2,4,4,6,S HOWARD ST,NA,0,47.65633333,-117.4210556,0,8,0,0,1,1,0,7,1,1,0,1,0,0,99,98,99,98,99,98,0,0,0,1,0
53,530476,0,1,5,25,2,0,0,0,230,0,3,7,3,7,8,7,8,8,8,8,100,0,53,5,3,2,1,1,5,5,61,690,12,11,2017,1,23,40,1,2,1,1,1,I-5,NA,1946,47.98883333,-122.1831556,0,12,1,0,1,1,0,1,2,1,0,1,0,0,99,98,99,98,99,98,15,23,0,1,1
53,530481,0,1,5,61,1,0,0,0,410,0,3,7,3,7,8,7,8,8,8,8,400,0,53,1,1,0,1,1,1,1,5,0,5,11,2017,1,19,36,0,2,4,2,4,CR-COLUMBIA PARK TRAIL,NA,0,46.25012778,-119.2865944,0,8,0,0,1,1,0,1,2,2,0,2,0,0,99,99,99,99,99,99,0,0,0,1,0
53,530482,0,1,5,44,1,0,0,0,230,0,3,7,3,7,8,7,8,8,8,8,100,0,53,1,1,0,1,1,1,1,57,230,22,11,2017,4,18,59,1,2,1,1,1,I-5 RAMP Q122935,NA,2,48.45479444,-122.3355611,0,8,0,1,20,1,0,1,2,10,0,10,0,0,99,98,99,98,88,88,23,0,0,1,0
53,530487,0,1,5,70,1,0,9,0,760,0,3,7,3,7,8,7,8,8,8,8,750,0,53,1,1,0,1,1,1,1,33,1495,22,11,2017,4,17,22,0,2,3,1,3,SR-509,NA,231,47.44287222,-122.3342556,0,8,0,0,1,1,0,1,3,10,0,10,0,0,99,98,99,98,88,88,0,0,0,1,1
53,530488,0,1,5,43,1,0,0,0,230,0,3,7,4,7,8,7,8,8,8,8,100,0,53,2,1,1,1,1,1,1,33,2005,5,11,2017,1,3,10,1,2,1,1,1,I-5,NA,1768,47.76307778,-122.3239806,0,8,0,0,1,1,0,2,2,2,0,2,0,0,99,98,99,98,88,88,23,0,0,1,0
53,530494,0,1,5,22,1,0,1,0,760,0,3,7,3,7,8,7,8,8,8,8,750,0,53,2,2,0,1,1,2,2,5,1020,14,11,2017,3,19,17,0,2,3,4,6,COLUMBIA DR,NA,0,46.21685556,-119.131675,0,8,0,0,1,1,0,1,3,10,0,10,0,0,99,98,99,98,88,88,0,0,0,1,0
53,530495,0,1,5,46,1,0,0,0,760,0,3,7,3,7,8,7,8,8,8,8,750,0,53,1,1,0,1,1,2,2,77,2590,24,11,2017,6,19,16,0,2,4,4,6,W MEAD AVE,NA,0,46.57798333,-120.5106028,0,8,0,0,1,1,0,1,3,1,0,1,0,0,99,98,99,98,99,98,0,0,0,1,0
53,530498,0,1,5,68,1,0,9,0,760,0,3,7,3,7,8,7,8,8,8,8,750,0,53,1,1,0,1,1,1,1,11,2370,3,11,2017,6,21,39,0,2,3,4,6,MAIN ST,E 37TH ST,0,45.64800556,-122.6680972,0,8,0,0,1,1,0,1,3,1,0,1,0,0,99,99,99,99,99,99,0,0,0,1,0
53,530501,0,1,5,53,1,0,9,0,313,0,3,7,3,7,8,7,8,8,8,8,600,0,53,1,1,0,2,2,1,1,33,1960,3,12,2017,1,0,16,0,2,3,4,6,RAINER AVE S,NA,0,47.51985833,-122.2687806,0,8,0,0,1,1,0,1,3,2,0,2,0,0,99,99,99,99,88,88,0,0,0,1,0