STATE.x,ST_CASE,VEH_NO,PER_NO,PBPTYPE,PBAGE,PBSEX,PBCWALK,PBSWALK,PBSZONE,PEDCTYPE,BIKECTYPE,PEDLOC,BIKELOC,PEDPOS,BIKEPOS,PEDDIR,BIKEDIR,MOTDIR,MOTMAN,PEDLEG,PEDSNR,PEDCGP,BIKECGP,STATE.y,VE_TOTAL,VE_FORMS,PVH_INVL,PEDS,PERNOTMVIT,PERMVIT,PERSONS,COUNTY,CITY,DAY,MONTH,YEAR,DAY_WEEK,HOUR,MINUTE,NHS,RUR_URB,FUNC_SYS,RD_OWNER,ROUTE,TWAY_ID,TWAY_ID2,MILEPT,LATITUDE,LONGITUD,SP_JUR,HARM_EV,MAN_COLL,RELJCT1,RELJCT2,TYP_INT,WRK_ZONE,REL_ROAD,LGT_COND,WEATHER1,WEATHER2,WEATHER,SCH_BUS,RAIL,NOT_HOUR,NOT_MIN,ARR_HOUR,ARR_MIN,HOSP_HR,HOSP_MN,CF1,CF2,CF3,FATALS,DRUNK_DR
53,530501,0,2,5,34,2,0,9,0,680,0,3,7,3,7,8,7,8,8,8,8,990,0,53,1,1,0,2,2,1,1,33,1960,3,12,2017,1,0,16,0,2,3,4,6,RAINER AVE S,NA,0,47.51985833,-122.2687806,0,8,0,0,1,1,0,1,3,2,0,2,0,0,99,99,99,99,88,88,0,0,0,1,0
53,530507,0,1,5,86,1,0,9,0,760,0,3,7,3,7,8,7,8,8,8,8,750,0,53,1,1,0,1,1,1,1,77,2590,2,12,2017,7,17,34,0,2,3,4,6,W NOB HILL BLVD,NA,0,46.58526111,-120.5210222,0,8,0,0,1,1,0,1,3,1,0,1,0,0,99,99,99,99,99,99,0,0,0,1,0
53,530518,0,1,5,70,2,0,0,0,760,0,3,7,3,7,8,7,8,8,8,8,750,0,53,1,1,0,1,1,1,1,33,1820,15,12,2017,6,3,59,0,2,3,4,6,AVONDALE RD,NA,0,47.70104722,-122.09271939999999,0,8,0,0,1,1,0,1,3,10,0,10,0,0,99,98,99,98,88,88,0,0,0,1,0
53,530523,0,1,5,69,2,1,9,0,770,0,1,7,2,7,4,7,3,3,2,3a,750,0,53,1,1,0,1,1,1,1,35,1730,15,12,2017,6,7,30,0,2,4,4,6,FRONT ST,TORVAL CANYON RD,0,47.74563889,-122.6505472,0,8,0,0,3,3,0,1,4,10,0,10,0,0,99,98,99,98,88,88,0,0,0,1,0
53,530525,0,1,5,72,2,0,9,0,690,0,1,7,2,7,9,7,4,3,2,3c,990,0,53,1,1,0,1,1,1,1,33,1960,14,12,2017,5,16,50,0,2,7,4,6,S CHARLESTOWN ST,34TH AVE S,0,47.56975278,-122.2899583,0,8,0,0,3,3,0,1,3,1,0,1,0,0,99,99,99,99,99,99,0,0,0,1,0
53,530535,0,1,5,91,1,0,9,0,760,0,3,7,3,7,8,7,8,8,8,8,750,0,53,1,1,0,1,1,1,1,33,100,19,12,2017,3,11,16,0,2,5,4,6,29TH ST SE,NA,0,47.28279722,-122.2221556,0,8,0,0,1,1,0,1,1,2,0,2,0,0,99,98,99,98,99,98,0,0,0,1,0
53,530539,0,1,5,75,1,0,9,0,760,0,3,7,3,7,8,7,8,8,8,8,750,0,53,1,1,0,1,1,4,4,33,0,31,12,2017,1,18,6,0,2,4,2,4,CR-KENT-BLACK DIAMOND RD,NA,80,47.3453,-122.1369139,0,8,0,0,1,1,0,1,2,5,0,5,0,0,99,99,99,99,88,88,0,0,0,1,0
53,530543,0,1,5,76,1,1,1,0,791,0,1,7,2,7,9,7,3,2,2,7c,790,0,53,1,1,0,1,1,1,1,33,1960,7,12,2017,5,15,10,0,2,4,4,6,E MARGINAL WAY S,S ATLANTIC ST,0,47.59268056,-122.3363306,0,8,0,0,3,3,0,1,1,1,0,1,0,0,99,99,99,99,99,99,0,0,0,1,0
53,530544,0,1,5,15,1,0,9,0,459,0,3,7,3,7,8,7,8,8,8,8,400,0,53,1,1,0,1,1,1,1,77,2507,18,12,2017,2,5,0,0,2,7,4,6,COBURN LOOP,NA,0,46.38436389,-120.7458667,3,8,0,0,1,1,0,1,6,98,0,98,0,0,99,98,99,98,88,88,0,0,0,1,0
54,540002,0,1,5,23,1,0,0,0,313,0,3,7,3,7,8,7,8,8,8,8,600,0,54,1,1,0,1,1,2,2,3,1660,8,1,2017,1,1,45,1,2,1,1,1,I-81,NA,160,39.49940278,-77.95182778,0,8,0,0,1,1,0,1,2,1,0,1,0,0,99,98,99,98,88,88,0,0,0,1,0
54,540011,0,1,5,61,2,0,0,0,410,0,3,7,4,7,8,7,8,8,8,8,400,0,54,1,1,0,1,1,1,1,35,2310,18,1,2017,4,7,20,0,1,5,1,4,CR-21,NA,208,38.75580556,-81.68993056,0,8,0,0,1,1,0,2,4,2,0,2,0,0,7,23,7,28,7,43,0,0,0,1,0
54,540014,0,1,5,42,2,0,0,0,742,0,3,7,3,7,8,7,8,8,8,8,740,0,54,1,1,0,1,1,1,1,39,2480,25,1,2017,4,19,26,1,2,3,1,2,US-119,NA,123,38.32019167,-81.71813333,0,8,0,0,1,1,0,1,3,2,0,2,0,0,19,27,99,99,99,99,0,0,0,1,0
54,540031,0,1,5,64,2,0,0,0,760,0,3,7,3,7,8,7,8,8,8,8,750,0,54,1,1,0,1,1,2,2,11,1270,5,3,2017,1,14,56,0,2,5,4,6,5TH AVE,NA,0,38.42473889,-82.41263889,0,8,0,0,1,1,0,1,1,1,0,1,0,0,14,56,15,7,15,27,0,0,0,1,0
54,540045,0,1,5,39,1,0,0,0,910,0,3,7,3,7,8,7,8,8,8,8,910,0,54,1,1,0,1,1,2,2,61,1840,4,4,2017,3,21,45,1,2,1,1,1,I-79,NA,1480,39.57314444,-79.97654167,0,8,0,0,1,1,0,1,3,10,0,10,0,0,99,99,99,99,99,99,0,0,0,1,0
54,540073,0,1,5,21,1,0,0,0,620,0,3,7,3,7,8,7,8,8,8,8,600,0,54,2,2,0,1,1,2,2,9,2730,15,4,2017,7,2,20,1,2,3,1,2,US-22,NA,51,40.39846389,-80.53091667,0,8,0,0,5,1,0,1,2,10,0,10,0,0,2,21,2,30,99,99,0,0,0,1,1
54,540085,0,1,8,69,1,0,0,0,760,0,3,7,3,7,8,7,8,8,8,8,750,0,54,1,1,0,1,1,1,1,3,0,5,5,2017,6,22,15,1,2,3,1,3,SR-9,NA,191,39.47501667,-77.95671111,0,15,0,0,1,1,0,1,2,2,5,2,0,0,99,99,99,99,99,99,0,0,0,1,0
54,540093,0,1,5,34,2,1,1,0,690,0,1,7,2,7,9,7,2,3,1,1d,990,0,54,1,1,0,1,1,1,1,39,480,25,5,2017,5,23,26,0,2,4,1,2,US-60,LEON SULLIVAN WAY,175,38.34848889,-81.63070833,0,8,0,0,2,2,0,1,3,10,2,2,0,0,99,99,99,99,88,88,0,0,0,1,0
54,540102,0,1,5,26,1,0,0,0,610,0,2,7,3,7,9,7,9,8,8,99,600,0,54,3,3,0,1,1,3,3,55,260,30,5,2017,3,0,24,0,2,4,1,2,US-19,LEE,27,37.27337222,-81.21333056,0,12,7,0,3,3,0,1,3,1,0,1,0,0,99,99,99,99,99,99,0,0,0,1,0
54,540104,0,1,5,65,1,0,0,0,760,0,3,7,3,7,8,7,8,8,8,8,750,0,54,1,1,0,1,1,1,1,103,0,4,6,2017,1,21,17,1,1,3,1,3,SR-2,NA,61,39.67303056,-80.85741389,0,8,0,0,1,1,0,1,1,1,0,1,0,0,99,99,99,99,99,99,0,0,0,1,0
54,540120,0,1,5,9,1,0,0,0,741,0,3,7,3,7,8,7,8,8,8,8,740,0,54,1,1,0,1,1,1,1,39,965,27,6,2017,3,18,33,0,1,5,1,4,CR-83,NA,98,38.16404167,-81.40800556,0,8,0,0,1,1,0,1,1,1,0,1,0,0,99,99,99,99,88,88,0,0,0,1,0
54,540123,0,1,5,48,2,0,0,0,459,0,3,7,3,7,8,7,8,8,8,8,400,0,54,1,1,0,1,1,1,1,19,1970,2,6,2017,6,21,8,0,2,4,1,4,CR-16,NA,87,37.97450833,-81.14439722,0,8,0,0,1,1,0,1,5,1,0,1,0,0,99,99,99,99,99,99,0,0,0,1,0
54,540139,0,1,5,62,1,1,1,0,795,0,1,7,2,7,1,7,2,2,1,5b,790,0,54,1,1,0,1,1,1,1,39,2480,11,7,2017,3,10,26,1,2,3,1,2,US-60,JEFFERSON RD,112,38.35918333,-81.71681389,0,8,0,0,2,2,0,1,1,1,0,1,0,0,99,99,99,99,99,99,0,0,0,1,0
54,540142,0,1,5,28,2,0,0,0,440,0,3,7,3,7,8,7,8,8,8,8,400,0,54,1,1,0,1,1,1,1,39,183,15,7,2017,7,0,42,1,2,3,1,2,US-60,NA,299,38.22188056,-81.5253,0,8,0,0,1,1,0,1,2,1,0,1,0,0,99,99,99,99,88,88,0,0,0,1,1
54,540162,0,1,5,31,2,0,0,0,760,0,3,7,3,7,8,7,8,8,8,8,750,0,54,1,1,0,2,2,3,3,83,240,4,8,2017,6,21,20,1,2,3,1,2,US-219,NA,330,38.83668333,-79.87548611,0,8,0,0,8,1,0,1,2,10,0,10,0,0,21,22,21,26,21,56,0,0,0,1,0
54,540162,0,2,5,35,1,0,0,0,760,0,3,7,3,7,8,7,8,8,8,8,750,0,54,1,1,0,2,2,3,3,83,240,4,8,2017,6,21,20,1,2,3,1,2,US-219,NA,330,38.83668333,-79.87548611,0,8,0,0,8,1,0,1,2,10,0,10,0,0,21,22,21,26,21,56,0,0,0,1,0
54,540167,0,1,5,24,1,9,9,0,690,0,1,7,9,7,9,7,9,8,8,99,990,0,54,1,1,0,1,1,1,1,39,480,11,8,2017,6,14,45,1,2,3,1,6,REBECCA ST,7TH AVE,128,38.37318889,-81.6656,0,8,0,0,3,3,0,1,1,1,0,1,0,0,99,99,99,99,88,88,0,0,0,1,0
54,540169,0,1,5,56,1,0,0,0,230,0,3,7,4,7,8,7,8,8,8,8,100,0,54,1,1,0,1,1,1,1,49,840,10,8,2017,5,18,30,1,2,1,1,1,I-79,NA,1330,39.44148611,-80.17091111,0,8,0,0,1,1,0,2,1,2,0,2,0,0,18,41,18,46,19,2,15,23,0,1,0
54,540198,0,1,5,31,1,0,0,0,620,0,3,7,3,7,8,7,8,8,8,8,600,0,54,1,1,0,1,1,2,2,5,2221,26,9,2017,3,22,19,0,1,5,1,3,SR-17,NA,40,37.98609167,-81.82118889,0,8,0,0,1,1,0,1,2,1,0,1,0,0,22,30,22,43,22,50,0,0,0,1,0
54,540207,0,1,5,46,1,0,0,0,760,0,3,7,3,7,8,7,8,8,8,8,750,0,54,1,1,0,1,1,2,2,39,2480,1,10,2017,1,23,26,0,1,5,1,2,US-119,NA,715,38.28862778,-81.76391389,0,8,0,0,1,1,0,1,2,1,0,1,0,0,99,99,99,99,88,88,0,0,0,1,0
54,540211,0,1,5,39,2,0,0,0,680,0,3,7,3,7,8,7,8,8,8,8,990,0,54,1,1,0,1,1,1,1,79,2145,7,10,2017,7,22,36,0,1,4,1,3,SR-62,NA,28,38.44933056,-81.81714167,0,8,0,0,1,1,0,1,3,10,0,10,0,0,99,99,99,99,88,88,0,0,0,1,0
54,540212,0,1,5,16,1,0,0,0,680,0,3,7,9,7,8,7,8,8,8,8,990,0,54,1,1,0,1,1,2,2,1,2110,8,10,2017,1,22,0,0,1,7,1,4,CR-7-5,NA,8,39.16045,-80.09788889,0,8,0,0,1,1,0,4,2,1,0,1,0,0,22,21,22,28,88,88,0,0,0,1,0
54,540222,0,1,5,37,1,0,0,0,313,0,3,7,3,7,8,7,8,8,8,8,600,0,54,1,1,0,1,1,2,2,43,1110,26,10,2017,5,5,25,0,1,7,1,4,CR-7,NA,135,38.25801944,-82.12088889,0,8,0,0,1,1,0,1,2,5,0,5,0,0,5,32,5,41,88,88,0,0,0,1,0
54,540230,0,1,5,45,2,0,0,0,620,0,3,7,3,7,8,7,8,8,8,8,600,0,54,1,1,0,1,1,3,3,11,643,1,11,2017,4,21,46,0,1,7,1,4,CR-60-21,NA,21,38.42486944,-82.05415278,0,8,0,0,1,1,0,1,2,10,0,10,0,0,21,48,21,57,22,25,0,0,0,1,0
54,540236,0,1,5,68,1,0,0,0,420,0,3,7,3,7,8,7,8,8,8,8,400,0,54,1,1,0,1,1,1,1,39,480,8,11,2017,4,10,40,0,1,7,1,4,CR-26,NA,4,38.41645556,-81.63149722,0,8,0,0,1,1,0,1,1,1,0,1,0,0,10,43,10,47,88,88,0,0,0,1,0
54,540242,0,1,5,36,2,0,0,0,459,0,3,7,4,7,8,7,8,8,8,8,400,0,54,1,1,0,1,1,1,1,45,0,5,9,2017,3,0,37,0,2,6,1,4,CR-44,NA,85,37.83721667,-82.00265278,0,8,0,0,1,1,0,4,3,1,0,1,0,0,99,99,99,99,88,88,0,0,0,1,0
54,540244,0,1,5,72,1,0,0,0,410,0,3,7,3,7,8,7,8,8,8,8,400,0,54,1,1,0,1,1,1,1,109,1299,14,11,2017,3,18,16,1,1,3,1,2,US-52,NA,43,37.52392778,-81.80274444,0,8,0,0,1,1,0,1,2,1,0,1,0,0,99,99,99,99,88,88,0,0,0,1,0
54,540246,0,1,8,53,1,0,0,0,760,0,1,7,1,7,1,7,4,3,1,2a,750,0,54,1,1,0,1,1,1,1,11,1270,15,11,2017,4,18,36,0,2,5,1,6,MADISON AVE,W 20TH ST,0,38.40685556,-82.487875,0,15,0,0,2,2,0,1,3,2,0,2,0,0,18,36,18,42,19,2,0,0,0,1,0
54,540250,0,1,5,34,2,0,0,0,760,0,1,7,2,7,9,7,2,3,2,3c,750,0,54,1,1,0,1,1,1,1,11,1270,18,11,2017,7,21,51,0,2,5,1,6,MONROE AVE,W 10TH ST,0,38.41004444,-82.47166389,0,8,0,0,2,2,0,1,3,2,0,2,0,0,21,52,21,57,22,36,0,0,0,1,0
54,540261,0,1,5,43,1,0,0,0,760,0,3,7,3,7,8,7,8,8,8,8,750,0,54,1,1,0,1,1,1,1,59,680,5,12,2017,3,18,46,1,1,3,1,2,US-119,NA,170,37.77778056,-82.16611111,0,8,0,0,1,1,0,1,2,2,0,2,0,0,18,52,19,5,88,88,0,0,0,1,0
55,550003,0,1,5,77,1,0,0,0,330,0,3,7,3,7,8,7,8,8,8,8,350,0,55,1,1,0,1,1,1,1,87,0,2,1,2017,2,6,35,0,1,4,2,4,CR-N,NA,0,44.32435,-88.31278056,0,8,0,0,1,1,0,1,2,10,0,10,0,0,6,39,6,47,7,6,0,0,0,1,0
55,550028,0,1,5,76,1,0,1,0,741,0,1,7,2,7,1,7,4,3,1,1a,740,0,55,1,1,0,1,1,1,1,25,2780,24,1,2017,3,19,10,0,2,4,2,4,CR-AB,BLOSSOM LN,0,43.07328333,-89.30856111,0,8,0,0,2,3,0,1,3,10,0,10,0,0,19,9,19,13,19,29,0,0,0,1,0
55,550034,0,1,5,87,1,1,0,0,781,0,1,7,2,7,1,7,3,1,2,11b,790,0,55,1,1,0,1,1,1,1,101,3970,30,1,2017,2,12,2,0,2,4,4,6,TAYLOR AVE,16TH ST,0,42.71243333,-87.80560833,0,8,0,1,2,2,0,1,1,1,0,1,0,0,12,2,12,5,99,99,0,0,0,1,0
55,550045,0,1,5,23,2,0,0,0,410,0,3,7,3,7,8,7,8,8,8,8,400,0,55,1,1,0,1,1,1,1,131,1890,6,2,2017,2,6,2,1,2,3,2,4,CR-COUNTY LINE RD,NA,0,43.19190556,-88.09385556,0,8,0,0,1,1,0,1,2,1,0,1,0,0,88,88,88,88,88,88,0,0,0,1,0
55,550053,0,1,5,60,1,1,1,0,795,0,2,7,3,7,9,7,3,2,2,8c,790,0,55,1,1,0,1,1,1,1,79,3100,18,2,2017,7,16,8,1,2,3,4,6,OKLAHOMA AVE W,44TH ST S,0,42.98836667,-87.96944444,0,8,0,0,3,7,0,1,1,1,0,1,0,0,99,99,99,99,88,88,0,0,0,1,0
55,550056,0,1,5,87,2,0,1,0,213,0,3,7,3,7,8,7,8,8,8,8,200,0,55,1,1,0,1,1,1,1,79,3100,16,2,2017,5,15,43,0,2,3,4,6,BRADY ST E,NA,0,43.05252222,-87.89154444,0,8,0,0,1,1,0,1,1,10,0,10,0,0,15,46,16,1,16,29,0,0,0,1,0
55,550063,0,1,5,23,2,0,0,0,620,0,3,7,3,7,8,7,8,8,8,8,600,0,55,1,1,0,1,1,2,2,57,0,26,2,2017,1,1,0,0,1,5,1,2,US-12,NA,99998,43.65823889,-89.82530833,0,8,0,0,1,1,0,1,2,10,0,10,0,0,1,2,99,99,88,88,0,0,0,1,0
55,550066,0,1,5,55,1,1,1,0,741,0,3,7,3,7,8,7,8,8,8,8,740,0,55,1,1,0,1,1,1,1,79,3100,17,2,2017,6,2,51,0,2,3,1,2,US-18,NA,99998,43.03874722,-87.95945,0,8,0,0,1,1,0,1,3,1,0,1,0,0,2,53,2,58,88,88,0,0,0,1,1
55,550067,0,1,5,57,1,0,1,0,320,0,3,7,4,7,8,7,8,8,8,8,350,0,55,2,1,1,1,1,3,3,107,2500,22,2,2017,4,19,48,0,2,6,4,6,LINDOO AVE,NA,0,45.45823611,-91.09136111,0,8,0,0,1,1,0,7,3,10,0,10,0,0,19,48,19,53,20,9,0,0,0,1,0
55,550089,0,1,5,40,2,0,0,0,760,0,3,7,3,7,8,7,8,8,8,8,750,0,55,1,1,0,1,1,3,3,9,1330,22,3,2017,4,22,12,0,2,4,4,6,LAWRENCE DR,NA,0,44.43196111,-88.10685833,0,8,0,0,1,1,0,1,2,1,0,1,0,0,22,13,22,25,22,41,0,0,0,1,0
55,550095,0,1,8,61,2,1,1,0,190,0,1,7,2,7,9,7,2,3,9,99,100,0,55,3,3,0,2,2,4,4,79,3100,4,3,2017,7,18,44,0,2,4,4,6,VLIET ST W,17TH ST N,0,43.04857778,-87.93393611,0,12,6,0,2,2,0,1,3,10,0,10,0,0,99,99,99,99,99,99,15,0,0,1,0
55,550095,0,2,5,34,2,1,1,0,190,0,3,7,5,7,8,7,8,8,8,8,100,0,55,3,3,0,2,2,4,4,79,3100,4,3,2017,7,18,44,0,2,4,4,6,VLIET ST W,17TH ST N,0,43.04857778,-87.93393611,0,12,6,0,2,2,0,1,3,10,0,10,0,0,99,99,99,99,99,99,15,0,0,1,0
55,550103,0,1,5,58,2,1,1,0,140,0,1,7,2,7,9,7,3,3,9,99,100,0,55,2,2,0,1,1,3,3,79,3100,6,4,2017,5,8,41,0,2,4,4,6,LISBON AVE W,92ND ST N,0,43.08507222,-88.02778889,0,12,6,0,2,2,0,1,1,1,0,1,0,0,8,41,8,45,9,0,0,0,0,1,0
55,550108,0,1,5,75,1,0,1,0,620,0,1,7,1,7,9,7,3,3,9,99,600,0,55,1,1,0,1,1,1,1,59,2400,9,4,2017,1,20,34,0,1,4,4,6,22ND AVE,ALLEYWAY,0,42.57811111,-87.83553333,0,8,0,0,2,2,0,1,3,1,0,1,0,0,20,34,20,37,21,8,0,0,0,1,0
55,550110,0,1,5,60,1,1,1,0,770,0,1,7,2,7,2,7,1,1,1,9a,750,0,55,1,1,0,1,1,1,1,79,3100,8,4,2017,7,20,37,0,2,4,4,6,HOPKINS ST N,HAMPTON AVE W,0,43.10455833,-87.95988056,0,8,0,0,2,2,0,1,3,1,0,1,0,0,20,42,20,50,21,8,0,0,0,1,0
55,550112,0,1,5,54,1,1,1,0,680,0,3,7,3,7,8,7,8,8,8,8,990,0,55,1,1,0,1,1,1,1,79,3100,9,4,2017,1,22,10,1,2,3,1,3,SR-190,SHERMAN BLVD N,99998,43.08981389,-87.96701944,0,8,0,0,3,2,0,1,3,10,0,10,0,0,22,14,22,16,88,88,0,0,0,1,0
55,550114,0,1,5,24,2,1,1,0,440,0,2,7,5,7,9,7,4,1,2,12d,400,0,55,3,1,2,3,3,1,1,25,2780,15,4,2017,7,19,38,0,2,3,1,2,US-151,VILAS AVE,99998,43.06280556,-89.40086667,0,59,0,0,3,2,0,4,1,10,0,10,0,0,19,39,19,40,19,52,0,0,0,1,1
55,550114,0,2,5,23,1,1,1,0,440,0,2,7,5,7,9,7,4,1,2,12d,400,0,55,3,1,2,3,3,1,1,25,2780,15,4,2017,7,19,38,0,2,3,1,2,US-151,VILAS AVE,99998,43.06280556,-89.40086667,0,59,0,0,3,2,0,4,1,10,0,10,0,0,19,39,19,40,19,52,0,0,0,1,1
55,550114,0,3,5,19,1,1,1,0,440,0,2,7,5,7,9,7,4,1,2,12d,400,0,55,3,1,2,3,3,1,1,25,2780,15,4,2017,7,19,38,0,2,3,1,2,US-151,VILAS AVE,99998,43.06280556,-89.40086667,0,59,0,0,3,2,0,4,1,10,0,10,0,0,19,39,19,40,19,52,0,0,0,1,1
55,550119,0,1,5,62,1,0,0,0,760,0,3,7,3,7,8,7,8,8,8,8,750,0,55,1,1,0,1,1,2,2,79,3100,18,4,2017,3,15,31,0,2,4,4,6,35TH ST S,NA,0,43.012825,-87.957625,0,8,0,0,1,1,0,1,1,1,0,1,0,0,15,34,15,39,88,88,0,0,0,1,0
55,550120,0,1,5,29,1,1,1,0,760,0,1,7,2,7,4,7,3,3,1,1a,750,0,55,1,1,0,1,1,1,1,79,3100,21,4,2017,6,20,50,1,2,3,4,6,SHERMAN BLVD N,DOUGLAS AVE W,0,43.12974722,-87.96606389,0,8,0,0,2,2,0,1,3,1,0,1,0,0,99,99,99,99,99,99,0,0,0,1,0
55,550122,0,1,5,30,1,0,0,0,410,0,3,7,3,7,8,7,8,8,8,8,400,0,55,1,1,0,1,1,1,1,127,0,22,4,2017,7,18,7,0,1,3,1,2,US-14,NA,99998,42.58399722,-88.68555833,0,8,0,0,1,1,0,1,1,1,0,1,0,0,99,99,99,99,88,88,0,0,0,1,0
55,550123,0,1,5,62,1,0,0,0,230,0,3,7,4,7,8,7,8,8,8,8,100,0,55,2,1,1,1,1,2,2,9,0,23,4,2017,1,11,55,1,1,1,1,1,I-41,NA,99998,44.42293611,-88.12459722,0,8,0,0,1,1,0,2,1,1,0,1,0,0,11,57,99,99,99,99,23,0,0,1,1
55,550140,0,1,5,24,1,1,1,0,760,0,2,7,3,7,2,7,1,3,2,4a,750,0,55,1,1,0,1,1,1,1,79,3100,28,4,2017,6,23,0,0,2,4,4,6,TEUTONIA AVE N,VILLARD AVE W,0,43.11199167,-87.94996944,0,8,0,0,3,2,0,1,3,2,0,2,0,0,99,99,99,99,99,99,0,0,0,1,0
55,550141,0,1,5,38,1,0,0,0,410,0,3,7,3,7,8,7,8,8,8,8,400,0,55,1,1,0,1,1,1,1,59,4880,11,4,2017,3,1,26,0,2,5,2,4,CR-C  110TH ST,NA,0,42.51680833,-88.21750278,0,8,0,0,1,1,0,1,2,5,0,5,0,0,99,99,99,99,99,99,0,0,0,1,0
55,550153,0,1,5,60,1,0,0,0,760,0,3,7,3,7,8,7,8,8,8,8,750,0,55,1,1,0,1,1,6,6,79,3100,10,5,2017,4,20,35,0,2,6,4,6,HOPKINS ST W,NA,0,43.07340556,-87.93436944,0,8,0,0,1,1,0,1,3,10,2,2,0,0,99,99,99,99,88,88,0,0,0,1,0
55,550157,0,1,5,30,1,0,0,0,680,0,3,7,3,7,8,7,8,8,8,8,990,0,55,1,1,0,1,1,2,2,25,0,13,5,2017,7,23,53,0,1,3,1,3,SR-113,NA,99998,43.15191944,-89.40314722,0,8,0,0,1,1,0,1,2,1,0,1,0,0,23,53,23,59,88,88,0,0,0,1,0
55,550160,0,1,5,51,1,0,0,0,459,0,3,7,3,7,8,7,8,8,8,8,400,0,55,1,1,0,1,1,1,1,79,3100,4,5,2017,5,5,40,0,2,4,4,6,107TH ST N,NA,0,43.15971667,-88.04450556,0,8,0,0,1,1,4,1,4,1,0,1,0,0,5,42,5,50,6,18,0,0,0,1,0
55,550172,0,1,5,80,2,0,0,0,330,0,3,7,3,7,8,7,8,8,8,8,350,0,55,1,1,0,1,1,1,1,61,0,25,5,2017,5,10,6,0,1,4,1,3,SR-42,NA,99998,44.558425,-87.46445,0,8,0,0,1,1,0,1,1,1,0,1,0,0,10,11,10,25,88,88,0,0,0,1,0
55,550206,0,1,5,83,1,0,1,9,220,0,3,7,5,7,8,7,8,8,8,8,100,0,55,1,1,0,1,1,0,0,25,2780,4,6,2017,1,20,33,0,6,96,96,8,PINE ST,NA,0,43.05085833,-89.39296667,0,8,0,0,8,1,0,4,5,1,0,1,0,0,20,35,20,40,21,21,24,23,0,1,0
55,550210,0,1,5,36,2,0,0,0,160,0,3,7,3,7,8,7,8,8,8,8,100,0,55,1,1,0,1,1,2,2,79,3100,12,6,2017,2,20,55,0,2,4,2,4,CR-EE HAMPTON AVE W,NA,0,43.10476944,-87.9927,0,8,0,0,1,1,0,1,3,2,0,2,0,0,21,0,99,97,99,97,0,0,0,1,0
55,550239,0,1,5,39,2,0,0,0,610,0,3,7,3,7,8,7,8,8,8,8,600,0,55,1,1,0,1,1,1,1,117,0,29,6,2017,5,21,44,0,1,5,2,4,CR-D,NA,0,43.57220833,-87.93673056,0,8,0,0,1,1,0,1,2,1,0,1,0,0,21,45,22,1,88,88,0,0,0,1,0
55,550244,0,1,5,35,2,0,1,0,459,0,3,7,5,7,8,7,8,8,8,8,400,0,55,1,1,0,3,3,1,1,79,3100,16,6,2017,6,9,57,1,2,3,1,3,SR-145  W FOND DU LAC AVE,NA,99998,43.06013333,-87.93835833,0,8,0,0,1,1,0,4,1,1,0,1,0,0,9,57,10,0,10,10,0,0,0,1,0
55,550244,0,2,5,59,1,0,1,0,459,0,3,7,5,7,8,7,8,8,8,8,400,0,55,1,1,0,3,3,1,1,79,3100,16,6,2017,6,9,57,1,2,3,1,3,SR-145  W FOND DU LAC AVE,NA,99998,43.06013333,-87.93835833,0,8,0,0,1,1,0,4,1,1,0,1,0,0,9,57,10,0,10,10,0,0,0,1,0
55,550244,0,3,5,37,1,0,1,0,459,0,3,7,5,7,8,7,8,8,8,8,400,0,55,1,1,0,3,3,1,1,79,3100,16,6,2017,6,9,57,1,2,3,1,3,SR-145  W FOND DU LAC AVE,NA,99998,43.06013333,-87.93835833,0,8,0,0,1,1,0,4,1,1,0,1,0,0,9,57,10,0,10,10,0,0,0,1,0
55,550261,0,1,5,23,2,0,0,0,741,0,3,7,3,7,8,7,8,8,8,8,740,0,55,1,1,0,1,1,1,1,111,5165,8,7,2017,7,22,36,1,2,3,1,2,US-12,NA,99998,43.47738056,-89.76893611,0,8,0,0,1,1,0,1,3,1,0,1,0,0,22,37,22,44,88,88,0,0,0,1,0
55,550265,0,1,5,45,1,0,1,0,741,0,2,7,3,7,3,7,2,3,2,4a,740,0,55,1,1,0,1,1,1,1,79,3100,10,7,2017,2,21,7,0,2,4,1,3,SR-100,LOVERS LN N,99998,43.11723611,-88.05414722,0,8,0,0,3,2,0,1,2,1,0,1,0,0,99,99,99,99,99,99,0,0,0,1,0
55,550272,0,1,5,45,2,0,1,0,313,0,3,7,3,7,8,7,8,8,8,8,600,0,55,1,1,0,1,1,1,1,79,3100,22,9,2017,6,1,5,0,2,4,4,6,LISBON AVE W,NA,0,43.05363889,-87.94945833,0,8,0,0,1,1,0,1,3,10,0,10,0,0,1,7,1,14,88,88,0,0,0,1,0
55,550284,0,1,5,68,2,9,1,0,742,0,1,7,2,7,3,7,2,3,1,1a,740,0,55,1,1,0,1,1,1,1,79,3100,17,7,2017,2,13,15,1,2,3,1,3,SR-59 W NATIONAL AVE,S 23RD ST,99998,43.02248333,-87.942375,0,8,0,0,3,2,0,1,1,1,0,1,0,0,13,9,13,14,13,55,0,0,0,1,0
55,550286,0,1,5,55,1,0,0,0,410,0,3,7,3,7,8,7,8,8,8,8,400,0,55,1,1,0,1,1,1,1,135,0,21,7,2017,6,21,59,0,1,4,1,3,SR-54,NA,99998,44.35223056,-89.18245278,0,8,0,0,1,1,0,1,2,1,0,1,0,0,21,59,22,7,88,88,0,0,0,1,0