STATE.x,ST_CASE,VEH_NO,PER_NO,PBPTYPE,PBAGE,PBSEX,PBCWALK,PBSWALK,PBSZONE,PEDCTYPE,BIKECTYPE,PEDLOC,BIKELOC,PEDPOS,BIKEPOS,PEDDIR,BIKEDIR,MOTDIR,MOTMAN,PEDLEG,PEDSNR,PEDCGP,BIKECGP,STATE.y,VE_TOTAL,VE_FORMS,PVH_INVL,PEDS,PERNOTMVIT,PERMVIT,PERSONS,COUNTY,CITY,DAY,MONTH,YEAR,DAY_WEEK,HOUR,MINUTE,NHS,RUR_URB,FUNC_SYS,RD_OWNER,ROUTE,TWAY_ID,TWAY_ID2,MILEPT,LATITUDE,LONGITUD,SP_JUR,HARM_EV,MAN_COLL,RELJCT1,RELJCT2,TYP_INT,WRK_ZONE,REL_ROAD,LGT_COND,WEATHER1,WEATHER2,WEATHER,SCH_BUS,RAIL,NOT_HOUR,NOT_MIN,ARR_HOUR,ARR_MIN,HOSP_HR,HOSP_MN,CF1,CF2,CF3,FATALS,DRUNK_DR
13,130547,0,1,6,46,2,0,0,0,0,280,7,3,77,1,7,1,7,7,7,7,0,290,13,1,1,0,1,1,1,1,135,3100,19,5,2017,6,23,14,0,2,7,4,6,PADEN DRIVE,NA,5,33.937475,-84.07322222,0,9,0,0,1,1,0,1,3,1,0,1,0,0,99,98,99,98,88,88,0,0,0,1,0
13,130639,0,1,6,54,1,0,0,0,0,239,7,3,77,1,7,1,7,7,7,7,0,230,13,1,1,0,1,1,1,1,175,0,11,6,2017,1,7,31,1,1,3,1,2,US-441 SR-31,NA,197,32.46763333,-82.93944167,0,9,0,0,1,1,0,1,1,10,0,10,0,0,99,99,99,99,99,99,0,0,0,1,0
13,130882,0,1,6,56,1,0,1,0,0,239,7,3,77,1,7,1,7,7,7,7,0,230,13,1,1,0,1,1,1,1,319,0,13,8,2017,1,19,30,1,1,3,1,2,US-441 SR-29,NA,251,32.96919722,-83.21641667,0,9,0,0,1,1,0,1,1,1,0,1,0,0,19,33,19,48,20,20,0,0,0,1,0
13,131099,0,1,6,17,1,0,0,0,0,235,7,3,77,1,7,1,7,7,7,7,0,230,13,2,2,0,1,1,2,2,135,0,5,10,2017,5,6,29,0,2,5,2,4,CR-1957 HUFF RD,NA,10,33.91044167,-84.06493056,0,9,0,0,1,1,0,1,2,1,0,1,0,0,6,29,6,36,88,88,0,0,0,1,0
13,131120,0,1,6,38,1,0,0,0,0,231,7,3,77,1,7,1,7,7,7,7,0,230,13,1,1,0,1,1,1,1,179,0,9,10,2017,2,7,3,0,2,4,1,3,SR-119,NA,248,31.91066944,-81.63688889,0,9,0,0,1,1,0,1,2,10,0,10,0,0,99,99,99,99,99,99,0,0,0,1,0
13,131135,0,1,6,33,1,0,0,0,0,231,7,3,77,1,7,1,7,7,7,7,0,230,13,1,1,0,1,1,1,1,215,9997,12,10,2017,5,0,52,1,2,3,1,2,US-27 ALT MANCHESTER EXPY,NA,60,32.57192778,-84.82531667,0,9,0,0,1,1,0,1,2,1,0,1,0,0,99,98,99,98,88,88,0,0,0,1,0
13,131187,0,1,6,64,1,0,0,0,0,231,7,3,77,1,7,1,7,7,7,7,0,230,13,1,1,0,1,1,1,1,313,1510,24,10,2017,3,18,32,0,1,7,4,6,OLD DIXIE HIGHWAY,NA,99999,34.66921111,-84.96316389,0,9,0,0,1,1,0,1,1,1,0,1,0,0,99,99,99,99,99,99,0,0,0,1,0
13,131206,0,1,6,57,1,0,0,0,0,142,7,1,77,1,7,1,7,7,7,7,0,145,13,1,1,0,1,1,1,1,95,90,31,10,2017,3,16,23,1,2,3,4,6,DAWSON ROAD,LUCILLE STREET,36,31.58456944,-84.18105,0,9,0,0,2,2,0,1,1,1,0,1,0,0,99,98,99,98,88,88,0,0,0,1,0
13,131208,0,1,6,51,1,0,0,0,0,231,7,3,77,1,7,1,7,7,7,7,0,230,13,1,1,0,1,1,1,1,257,9997,31,10,2017,3,6,30,0,1,7,4,6,ROCK CREEK ROAD,NA,3,34.55985,-83.25784167,0,9,0,0,1,1,0,1,2,1,0,1,0,0,99,98,99,98,88,88,0,0,0,1,0
13,131209,0,1,6,60,1,0,0,0,0,231,7,3,77,1,7,1,7,7,7,7,0,230,13,1,1,0,1,1,1,1,153,4340,1,11,2017,4,7,23,0,2,5,2,4,CR-272 KINGS CHAPEL RD,NA,6,32.46549444,-83.68078333,0,9,0,0,1,1,0,1,2,1,0,1,0,0,7,25,7,34,7,51,0,0,0,1,0
13,131232,0,1,6,37,1,1,1,0,0,154,7,1,77,3,7,1,7,7,7,7,0,150,13,1,1,0,1,1,1,1,121,280,6,11,2017,2,16,14,0,2,4,4,6,IVAN ALLEN BLVD,LUCKIE ST,22,33.764575,-84.39616111,0,9,0,0,3,2,0,1,1,1,0,1,0,0,16,19,16,21,16,39,20,0,0,1,0
15,150005,0,1,6,42,1,0,0,0,0,280,7,3,77,2,7,1,7,7,7,7,0,290,15,1,1,0,1,1,1,1,1,3002,21,1,2017,7,13,45,1,2,3,1,3,SR-19,NA,970,19.66893333,-156.0141167,0,9,0,0,1,1,0,2,1,1,0,1,0,0,13,56,14,1,99,99,0,0,0,1,1
15,150006,0,1,6,59,1,0,0,0,0,142,7,1,77,1,7,3,7,7,7,7,0,145,15,1,1,0,1,1,1,1,3,9200,9,1,2017,2,22,50,1,2,3,1,3,SR-8542 WAIANAE VALLEY ROAD,CR-NIIHAU STREET,0,21.44343056,-158.1846583,0,9,0,0,2,3,0,1,3,1,0,1,0,0,22,59,23,4,88,88,0,0,0,1,0
15,150010,0,1,6,39,1,0,0,0,0,970,7,3,77,1,7,9,7,7,7,7,0,990,15,1,1,0,1,1,2,2,3,6275,16,2,2017,5,5,14,1,2,3,1,3,SR-93,NA,99999,21.40315278,-158.1764417,0,9,0,0,1,1,0,1,2,1,0,1,0,0,5,16,5,25,5,51,0,0,0,1,0
15,150067,0,1,6,69,1,1,0,0,0,151,7,1,77,1,7,2,7,7,7,7,0,150,15,1,1,0,1,1,1,1,3,2400,4,10,2017,4,12,19,9,2,3,1,3,SR-7402 KING STREET,CR-KAILI STREET,99998,21.33181111,-157.8773861,0,9,0,0,2,3,0,1,1,1,0,1,0,0,12,21,12,27,12,40,0,0,0,1,0
15,150079,0,1,6,61,1,0,0,0,0,212,7,1,77,1,7,2,7,7,7,7,0,210,15,1,1,0,1,1,1,1,1,3002,26,10,2017,5,15,45,9,2,3,1,3,SR-19,CR-KEAHOLE STREET,990,19.73274722,-156.0303806,0,9,0,0,2,3,4,1,1,1,0,1,0,0,15,47,16,11,16,42,0,0,0,1,0
15,150099,0,1,6,70,1,0,0,0,0,239,7,3,77,2,7,1,7,7,7,7,0,230,15,1,1,0,1,1,1,1,1,1900,6,12,2017,4,5,54,9,2,3,1,3,SR-19,NA,99998,19.73728333,-155.0914194,0,9,0,0,1,1,0,2,3,1,0,1,0,0,5,54,5,59,6,18,0,0,0,1,0
16,160093,0,1,6,36,1,1,1,0,0,213,7,1,77,3,7,1,7,7,7,7,0,215,16,1,1,0,1,1,1,1,39,1150,31,8,2017,5,16,22,0,6,96,96,6,E 10TH N,N 10TH E,0,43.14110278,-115.6875056,0,9,0,1,2,2,0,1,1,1,0,1,0,0,16,23,16,27,99,99,0,0,0,1,0
16,160158,0,1,6,54,1,1,1,0,0,235,7,3,77,2,7,1,7,7,7,7,0,230,16,1,1,0,1,1,1,1,1,160,18,7,2017,3,16,44,0,6,96,96,6,EMERALD ST,MILWAUKEE ST,76,43.61131944,-116.2841389,0,9,0,1,3,2,0,1,1,1,0,1,0,0,16,44,16,50,99,99,0,0,0,1,0
16,160172,0,1,6,48,1,0,0,0,0,280,7,3,77,1,7,1,7,7,7,7,0,290,16,1,1,0,1,1,1,1,55,300,17,10,2017,3,21,54,1,2,1,1,1,I-90,NA,155,47.66306111,-116.7473,0,9,0,0,1,1,0,1,2,10,0,10,0,0,21,57,21,58,88,88,0,0,0,1,0
17,170056,0,1,6,34,1,1,1,0,0,155,7,1,77,1,7,2,7,7,7,7,0,158,17,1,1,0,1,1,1,1,31,1670,11,1,2017,4,22,38,0,2,5,4,6,DIVISION ST,SACRAMENTO AVE,0,41.90285,-87.70179167,0,9,0,0,3,2,0,1,3,2,0,2,0,0,99,99,99,99,99,99,0,0,0,1,0
17,170380,0,1,6,22,1,0,0,0,0,239,7,3,77,1,7,1,7,7,7,7,0,230,17,1,1,0,1,1,1,1,99,0,4,6,2017,1,21,18,0,1,4,2,4,CR-63 2551ST RD,NA,0,41.30024444,-89.15273333,0,9,0,0,1,1,0,1,2,1,0,1,0,0,99,99,99,99,88,88,0,0,0,1,1
17,170386,0,1,6,56,1,0,1,0,0,250,7,3,77,1,7,1,7,7,7,7,0,258,17,1,1,0,1,1,2,2,31,1670,5,6,2017,2,20,35,0,2,5,4,6,HOMAN BLVD,NA,0,41.88433611,-87.71109444,0,9,0,0,1,1,0,1,3,1,0,1,0,0,99,99,99,99,99,99,0,0,0,1,0
17,170387,0,1,6,49,2,0,0,0,0,231,7,1,77,1,7,1,7,7,7,7,0,230,17,1,1,0,1,1,1,1,201,5000,5,6,2017,2,9,25,0,2,5,2,4,CR-25 HARLEM RD,KEENELAND PL,0,42.34301944,-88.96706111,0,9,0,0,2,3,0,1,1,1,0,1,0,0,99,99,99,99,99,99,0,0,0,1,0
17,170420,0,1,6,26,1,0,0,0,0,255,7,3,77,1,7,2,7,7,7,7,0,258,17,1,1,0,1,1,1,1,161,5670,16,6,2017,6,6,22,1,1,1,1,1,I-74 US-6,NA,45,41.45786667,-90.49507778,0,9,0,0,1,1,0,1,1,1,0,1,0,0,99,99,99,99,88,88,0,0,0,1,0
17,170466,0,1,6,62,1,0,1,0,0,214,7,3,77,1,7,2,7,7,7,7,0,215,17,1,1,0,1,1,1,1,31,3996,14,6,2017,4,14,34,0,2,7,4,6,GANNON DR,NA,0,42.04711667,-88.10756944,0,9,0,0,8,1,0,1,1,10,0,10,0,0,99,99,99,99,99,99,0,0,0,1,0
17,170511,0,1,6,7,1,0,1,0,0,318,7,3,77,1,7,3,7,7,7,7,0,310,17,1,1,0,1,1,1,1,101,4710,3,7,2017,2,99,99,0,2,7,4,6,CHRISTY AVE,NA,0,38.72372778,-87.67851944,0,9,0,0,8,1,0,1,1,1,0,1,0,0,99,99,99,99,99,99,0,0,0,1,0
17,170580,0,1,6,14,1,0,0,0,0,250,7,3,77,1,7,2,7,7,7,7,0,258,17,1,1,0,1,1,1,1,147,0,1,8,2017,3,20,50,0,1,4,1,3,SR-32  SR-105,NA,579,39.86372778,-88.72674167,0,9,0,0,1,1,0,1,5,99,0,99,0,0,99,99,99,99,88,88,0,0,0,1,0
17,170601,0,1,6,25,1,0,0,0,0,155,7,1,77,1,7,1,7,7,7,7,0,158,17,1,1,0,1,1,2,2,111,9560,15,8,2017,3,19,33,1,2,3,1,2,US-14,SR-47 EASTWOOD,0,42.29490556,-88.43325833,0,9,0,0,2,2,0,1,5,1,0,1,0,0,99,99,99,99,99,99,16,0,0,1,0
17,170622,0,1,6,16,1,0,0,0,0,239,7,3,77,1,7,1,7,7,7,7,0,230,17,1,1,0,1,1,1,1,113,840,14,8,2017,2,20,39,0,2,4,4,6,SIX POINTS RD,NA,0,40.45893333,-89.01283333,0,9,0,0,1,1,0,1,2,1,0,1,0,0,99,99,99,99,99,99,0,0,0,1,1
17,170642,0,1,6,64,1,0,0,0,0,221,7,3,77,1,7,1,7,7,7,7,0,220,17,1,1,0,1,1,1,1,169,0,15,8,2017,3,9,36,0,1,4,1,3,SR-103,NA,74,40.028375,-90.48852222,0,9,0,0,1,1,0,1,1,1,0,1,0,0,99,99,99,99,99,99,0,0,0,1,0
17,170643,0,1,6,77,1,0,1,0,0,223,7,3,77,1,7,1,7,7,7,7,0,225,17,1,1,0,1,1,1,1,19,1550,18,8,2017,6,12,54,1,2,3,1,6,MATTIS AVE,NA,0,40.13183611,-88.27701944,0,9,0,0,1,1,0,1,1,1,0,1,0,0,99,99,99,99,99,99,0,0,0,1,0
17,170680,0,1,6,31,1,1,1,0,0,213,7,1,77,1,7,1,7,7,7,7,0,215,17,1,1,0,1,1,1,1,31,1670,26,7,2017,4,12,44,0,2,5,4,6,LARAMIE AVE,LEXINGTON ST,0,41.87105556,-87.75471667,0,9,0,0,3,2,0,1,1,1,0,1,0,0,99,99,99,99,99,99,16,0,0,1,0
17,170690,0,1,6,60,1,0,0,0,0,250,7,3,77,1,7,2,7,7,7,7,0,258,17,1,1,0,1,1,1,1,199,1420,24,8,2017,5,20,32,0,1,6,4,6,SYCAMORE RD,NA,0,37.77393333,-89.06538333,0,9,0,0,1,1,0,1,2,1,0,1,0,0,99,99,99,99,99,99,0,0,0,1,0
17,170699,0,1,6,77,1,0,1,0,0,221,7,1,77,1,7,1,7,7,7,7,0,220,17,1,1,0,1,1,3,3,29,5390,4,8,2017,6,10,2,0,2,5,4,6,CHARLESTON AVE,26TH ST,0,39.47963056,-88.38700556,0,9,0,0,2,3,0,1,1,1,0,1,0,0,99,99,99,99,99,99,16,0,0,1,0
17,170711,0,1,6,57,1,0,0,0,0,144,7,1,77,1,7,1,7,7,7,7,0,145,17,1,1,0,1,1,1,1,29,1590,11,9,2017,2,19,14,1,2,3,1,3,SR-16 CHARLESTON RD,PERSIMMON RD,1439,39.48411944,-88.23317222,0,9,0,0,2,2,0,1,2,1,0,1,0,0,99,99,99,99,99,99,0,0,0,1,0
17,170717,0,1,6,63,1,0,0,0,0,239,7,3,77,1,7,1,7,7,7,7,0,230,17,1,1,0,1,1,2,2,189,0,7,9,2017,5,17,19,0,1,4,1,3,SR-15,NA,431,38.363375,-89.5347,0,9,0,0,1,1,0,1,1,1,0,1,0,0,17,19,99,99,99,99,0,0,0,1,0
17,170731,0,1,6,27,2,0,0,0,0,239,7,3,77,1,7,1,7,7,7,7,0,230,17,1,1,0,1,1,3,3,7,0,19,9,2017,3,18,40,0,1,7,3,5,SQUAW PRAIRIE,NA,0,42.29144444,-88.83175,0,9,0,0,1,1,0,1,1,1,0,1,0,0,99,99,99,99,99,99,0,0,0,1,0
17,170748,0,1,6,79,1,0,0,0,0,221,7,1,77,1,7,1,7,7,7,7,0,220,17,1,1,0,1,1,2,2,71,0,27,9,2017,4,17,34,0,1,4,1,5,CARMAN RD,1100N,0,40.79384444,-91.05680833,0,9,0,0,2,3,0,1,1,1,0,1,0,0,99,99,99,99,99,99,0,0,0,1,0
17,170822,0,1,6,60,1,0,1,1,0,313,7,3,77,1,7,3,7,7,7,7,0,310,17,1,1,0,1,1,1,1,119,160,26,10,2017,5,17,15,0,2,5,4,6,SEMINARY ST,NA,0,38.90940278,-90.14556667,0,9,0,0,8,1,0,1,1,1,0,1,0,0,99,99,99,99,99,99,0,0,0,1,0
17,170825,0,1,6,53,1,0,1,0,0,970,7,3,77,1,7,9,7,7,7,7,0,990,17,1,1,0,1,1,1,1,31,700,27,7,2017,5,16,50,1,2,3,1,2,US-12 US-20 US-45 MANNHEIM RD,NA,545,41.88281944,-87.88326111,0,9,0,0,1,1,0,1,1,1,0,1,0,0,99,99,99,99,99,99,0,0,0,1,0
17,170842,0,1,6,50,2,1,1,0,0,111,7,2,77,1,7,2,7,7,7,7,0,110,17,1,1,0,1,1,1,1,31,1670,1,11,2017,4,8,3,0,2,4,1,6,ARCHER AVE,LOREL AVE,0,41.79665556,-87.75636111,0,9,0,0,3,2,0,1,1,1,0,1,0,0,99,99,99,99,99,99,0,0,0,1,0
17,170932,0,1,6,46,1,1,1,0,0,239,7,1,77,1,7,1,7,7,7,7,0,230,17,1,1,0,1,1,1,1,31,1670,14,12,2017,5,17,29,0,2,7,4,6,AUGUSTA BLVD,AVERS AVE,0,41.89905833,-87.72251944,0,9,0,0,2,2,0,1,5,1,0,1,0,0,99,99,99,99,99,99,0,0,0,1,0
17,170993,0,1,6,55,1,0,0,0,0,239,7,3,77,8,7,1,7,7,7,7,0,230,17,1,1,0,1,1,1,1,97,3130,26,12,2017,3,7,44,1,2,3,1,2,US-12 RAND RD,NA,106,42.40571389,-88.19034444,0,9,0,0,1,1,0,3,4,2,0,2,0,0,99,99,99,99,88,88,0,0,0,1,0
17,171029,0,1,6,33,1,1,1,0,0,155,7,1,77,1,7,1,7,7,7,7,0,158,17,1,1,0,1,1,2,2,31,1670,19,8,2017,7,0,24,0,2,4,4,6,CHICAGO AVE,MILWAUKEE AVE,0,41.89628889,-87.65545556,0,9,0,0,3,2,0,1,3,1,0,1,0,0,99,99,99,99,99,99,0,0,0,1,0
17,171036,0,1,6,18,1,0,0,0,0,280,7,3,77,1,7,1,7,7,7,7,0,290,17,1,1,0,2,2,1,1,97,9650,21,10,2017,7,0,50,9,8,98,98,9,GREEN BAY RD,NA,99999,99.9999,999.9999,9,9,0,0,99,99,0,1,2,1,0,1,0,0,99,99,99,99,99,99,0,0,0,1,0
17,171036,0,2,6,19,1,0,0,0,0,280,7,3,77,1,7,1,7,7,7,7,0,290,17,1,1,0,2,2,1,1,97,9650,21,10,2017,7,0,50,9,8,98,98,9,GREEN BAY RD,NA,99999,99.9999,999.9999,9,9,0,0,99,99,0,1,2,1,0,1,0,0,99,99,99,99,99,99,0,0,0,1,0
18,180146,0,1,6,31,1,0,0,0,0,280,7,3,77,1,7,9,7,7,7,7,0,290,18,1,1,0,1,1,1,1,35,3360,22,3,2017,4,20,44,0,2,4,4,5,MORRISON,NA,99998,40.23203889,-85.44275278,0,9,0,0,1,1,0,1,2,10,0,10,0,0,99,99,99,99,88,88,0,0,0,1,0
18,180208,0,1,6,16,1,0,0,0,0,280,7,3,77,1,7,1,7,7,7,7,0,290,18,1,1,0,1,1,1,1,89,1730,13,4,2017,5,20,20,0,2,4,4,5,15TH AVE,NA,99998,41.58741667,-87.30862778,0,9,0,0,1,1,0,1,2,1,0,1,0,0,99,99,99,99,99,99,0,0,0,1,0
18,180213,0,1,6,50,1,0,0,0,0,129,7,1,77,1,7,1,7,7,7,7,0,110,18,1,1,0,1,1,1,1,79,3670,1,4,2017,7,20,45,0,2,7,4,5,COUNTRY SQUIRE BLVD,DORCHESTER PL,99998,39.03747778,-85.67870278,0,9,0,0,2,3,0,1,3,1,0,1,0,0,99,98,99,98,99,98,0,0,0,1,0
18,180237,0,1,6,13,2,0,0,0,0,231,7,3,77,1,7,1,7,7,7,7,0,230,18,1,1,0,1,1,1,1,87,2500,22,3,2017,4,7,55,0,1,7,2,4,CR-050 N,NA,99998,41.64636944,-85.47090833,0,9,0,0,1,1,0,1,1,10,0,10,0,0,99,99,99,99,99,99,0,0,0,1,0
18,180346,0,1,6,77,1,0,0,0,0,610,7,3,77,1,7,9,7,7,7,7,0,600,18,1,1,0,1,1,1,1,179,400,3,6,2017,7,16,19,0,2,7,4,5,WAYNE ST,NA,99998,40.72077778,-85.16484444,0,9,0,0,1,1,0,1,1,1,0,1,0,0,99,99,99,99,99,99,0,0,0,1,0
18,180446,0,1,6,57,1,0,1,0,0,280,7,3,77,3,7,9,7,7,7,7,0,290,18,1,1,0,1,1,2,2,97,2210,17,7,2017,2,14,9,0,2,3,4,2,US- 40,NA,99998,39.76346389,-86.21578333,0,33,0,0,1,1,0,4,1,10,0,10,0,0,99,99,99,99,99,99,0,0,0,1,1
18,180465,0,1,6,14,1,9,9,0,0,180,7,1,77,3,7,3,7,7,7,7,0,190,18,1,1,0,1,1,1,1,177,1980,25,7,2017,3,19,47,0,1,5,2,4,CR-NORTH BRICK CHURCH RD,CR-TURNPIKE RD,99998,39.91033611,-85.18158333,0,9,0,0,2,2,0,1,1,1,0,1,0,0,99,99,99,99,99,99,0,0,0,1,0
18,180504,0,1,6,53,1,0,0,0,0,180,7,1,77,3,7,1,7,7,7,7,0,190,18,1,1,0,1,1,1,1,91,2570,7,8,2017,2,18,42,0,2,3,1,3,SR-39,6TH ST,99998,41.60211389,-86.73028889,0,9,0,0,2,2,0,1,1,1,0,1,0,0,99,99,99,99,99,99,0,0,0,1,0
18,180544,0,1,6,34,2,0,0,0,0,280,7,1,77,1,7,1,7,7,7,7,0,290,18,2,2,0,1,1,2,2,87,4490,24,8,2017,5,7,48,0,2,5,1,3,SR-5,CR-345,99998,41.68999167,-85.58086389,0,9,0,0,2,2,0,1,1,1,0,1,1,0,99,99,99,99,99,99,0,0,0,1,0
18,180645,0,1,6,23,1,0,0,0,0,221,7,3,77,1,7,2,7,7,7,7,0,220,18,1,1,0,1,1,2,2,97,2210,3,10,2017,3,19,48,0,2,4,4,6,KESSLER-BLVD N,SEVILLE DR,99998,39.84510833,-86.21185,0,9,0,0,2,3,0,1,3,1,0,1,0,0,99,99,99,99,99,99,0,0,0,1,0
18,180679,0,1,6,9,1,0,0,0,0,700,7,3,77,1,7,2,7,7,7,7,0,850,18,1,1,0,1,1,1,1,143,4400,18,8,2017,6,12,25,0,1,7,2,4,CR- SLATE FORD RD,NA,99998,38.64296111,-85.70983056,0,9,0,0,1,1,0,1,1,1,0,1,0,0,99,98,99,98,99,98,0,0,0,1,0
18,180795,0,1,6,24,1,0,0,0,0,142,7,2,77,1,7,1,7,7,7,7,0,145,18,1,1,0,1,1,1,1,127,820,9,12,2017,7,4,37,1,2,3,1,3,SR-49,PORTER AVE,99998,41.60678889,-87.04218056,0,9,0,0,2,2,0,1,2,4,0,4,0,0,99,98,99,98,99,98,0,0,0,1,0
18,180849,0,1,6,67,1,0,1,0,0,239,7,3,77,1,7,1,7,7,7,7,0,230,18,1,1,0,1,1,1,1,89,1730,6,12,2017,4,20,50,0,2,6,4,6,10TH,NA,99998,41.59404167,-87.28130833,0,9,0,0,1,1,0,1,3,1,0,1,0,0,99,99,99,99,99,99,0,0,0,1,0
19,190089,0,1,6,8,2,0,1,0,0,970,7,1,77,1,7,9,7,7,7,7,0,990,19,1,1,0,1,1,2,2,105,0,8,3,2017,4,15,52,0,1,7,3,6,CR-S CEDAR ST,CR-W WASHINGTON ST,0,42.23606944,-91.18965,0,9,0,0,2,3,0,1,1,1,0,1,0,0,15,54,15,56,16,15,0,0,0,1,0
19,190150,0,1,6,13,1,0,1,0,0,213,7,3,77,3,7,1,7,7,7,7,0,215,19,1,1,0,1,1,1,1,147,0,21,7,2017,6,9,51,1,1,3,1,2,US-18 MAIN ST,NA,127,43.11200278,-94.67420833,0,9,0,0,8,1,0,4,1,1,0,1,0,0,99,98,99,98,88,88,0,0,0,1,0
19,190173,0,1,6,26,2,0,0,0,0,231,7,3,77,1,7,1,7,7,7,7,0,230,19,1,1,0,1,1,1,1,115,0,16,8,2017,4,21,7,0,1,6,2,4,CR-G44X,NA,0,41.31844722,-91.13581944,0,9,0,0,1,1,0,1,2,1,0,1,0,0,21,9,21,25,21,45,0,0,0,1,0
19,190186,0,1,6,13,1,0,1,0,0,142,7,1,77,1,7,3,7,7,7,7,0,145,19,1,1,0,1,1,1,1,153,4146,29,8,2017,3,17,58,0,2,4,4,6,MERLE HAY RD,NW 66TH AVE,0,41.68066389,-93.69771944,0,9,0,0,2,3,0,1,1,1,0,1,0,0,99,98,99,98,88,88,0,0,0,1,0
19,190246,0,1,6,19,2,0,0,0,0,239,7,3,77,1,7,1,7,7,7,7,0,230,19,1,1,0,1,1,1,1,139,0,13,10,2017,6,5,52,1,1,3,1,2,US-6,NA,198,41.59398056,-91.03803611,0,9,0,0,1,1,0,1,2,1,0,1,0,0,5,55,6,2,6,10,0,0,0,1,0
20,200118,0,1,6,28,1,0,0,0,0,155,7,1,77,1,7,3,7,7,7,7,0,158,20,1,1,0,1,1,1,1,155,2660,27,4,2017,5,5,38,1,1,3,1,3,SR-61,11TH AVE,0,38.06489722,-97.90331944,0,9,0,0,2,2,0,1,3,98,0,98,0,0,5,40,5,46,88,88,0,0,0,1,0
20,200176,0,1,6,61,1,0,0,0,0,232,7,3,77,1,7,1,7,7,7,7,0,230,20,1,1,0,1,1,3,3,203,0,17,6,2017,7,22,10,0,1,3,1,3,SR-96,NA,452,38.48171944,-101.2151667,0,9,0,0,1,1,0,1,2,98,0,98,0,0,22,13,22,23,22,43,0,0,0,1,0
20,200216,0,1,6,65,1,0,0,0,0,221,7,2,77,1,7,1,7,7,7,7,0,220,20,1,1,0,1,1,1,1,103,0,18,6,2017,1,17,9,0,2,7,4,6,20TH STREET,LECOMPTON,0,39.30058889,-94.95257222,0,9,0,0,3,2,0,1,1,98,0,98,0,0,17,9,17,17,88,88,0,0,0,1,0
20,200274,0,1,6,79,1,0,0,0,0,223,7,3,77,1,7,1,7,7,7,7,0,225,20,1,1,0,1,1,1,1,9,1590,12,9,2017,3,11,7,0,1,7,4,6,E STREET,NA,0,38.34762778,-98.58035278,0,9,0,0,1,1,0,1,1,98,0,98,0,0,11,8,11,12,88,88,0,0,0,1,0
20,200286,0,1,6,37,1,0,0,0,0,148,7,1,77,1,7,2,7,7,7,7,0,190,20,2,2,0,1,1,5,5,173,5880,22,7,2017,7,11,45,0,2,4,4,6,S BROADWAY AVE,E CLARK STREET,0,37.65522778,-97.33553889,0,9,0,0,2,2,0,1,1,98,0,98,0,0,11,46,11,51,12,16,0,0,0,1,0
21,210061,0,1,6,35,1,0,0,0,0,231,7,3,77,1,7,1,7,7,7,7,0,230,21,1,1,0,1,1,1,1,13,2650,21,2,2017,3,5,50,0,1,3,1,2,US-25E,NA,114,36.734675,-83.69521389,0,9,0,0,1,1,0,1,2,10,0,10,0,0,5,55,6,4,88,88,0,0,0,1,0
21,210115,0,1,6,40,1,0,0,0,0,231,7,3,77,1,7,1,7,7,7,7,0,230,21,1,1,0,1,1,1,1,111,2090,19,3,2017,1,22,38,0,2,4,1,3,SR-1142,NA,9,38.15210833,-85.78580833,0,9,0,0,1,1,0,1,3,1,0,1,0,0,99,99,99,99,88,88,0,0,0,1,0
21,210342,0,1,6,47,1,0,0,0,0,231,7,3,77,1,7,1,7,7,7,7,0,230,21,1,1,0,1,1,2,2,111,2090,13,7,2017,5,1,50,1,2,3,1,2,US-31E,WATTERSON TRAIL,84,38.17898056,-85.62276389,0,9,0,0,3,2,0,1,2,10,0,10,0,0,1,50,2,4,88,88,0,0,0,1,0
21,210413,0,1,6,6,1,0,0,0,0,142,7,1,77,1,7,1,7,7,7,7,0,145,21,1,1,0,1,1,2,2,111,3010,3,8,2017,5,18,35,0,2,7,4,6,FARNSLEY RD,RIEDLY RD,14,38.20314444,-85.82806111,0,9,0,0,2,2,0,1,1,1,0,1,0,0,18,37,18,43,19,0,0,0,0,1,0
21,210515,0,1,6,48,1,0,0,0,0,239,7,3,77,1,7,1,7,7,7,7,0,230,21,1,1,0,1,1,1,1,15,0,26,8,2017,7,6,47,0,2,6,1,3,SR-237,NA,108,39.08489722,-84.710575,0,9,0,1,18,1,0,1,2,1,0,1,0,0,6,47,6,55,88,88,0,0,0,1,0
21,210532,0,1,6,6,1,0,0,0,0,312,7,3,77,1,7,3,7,7,7,7,0,310,21,1,1,0,1,1,2,2,117,800,6,10,2017,6,16,14,0,2,7,4,6,E 32ND ST,NA,1,39.0527,-84.50225556,0,9,0,0,8,1,0,1,1,1,0,1,0,0,16,14,16,17,88,88,0,0,0,1,0
21,210553,0,1,6,59,1,0,0,0,0,970,7,3,77,1,7,9,7,7,7,7,0,990,21,1,1,0,1,1,1,1,237,540,18,10,2017,4,7,0,1,1,3,1,3,SR-15,NA,91,37.72857222,-83.54565278,0,9,0,0,1,1,0,1,2,1,0,1,0,0,7,45,8,0,88,88,0,0,0,1,0
22,220063,0,1,6,65,1,0,0,0,0,280,7,3,77,1,7,9,7,7,7,7,0,290,22,1,1,0,1,1,1,1,51,0,16,2,2017,5,6,54,0,2,7,2,4,CR-NINE MILE POINT ROAD,NA,0,29.91478056,-90.16765,0,9,0,0,1,1,0,1,2,1,0,1,0,0,6,50,6,56,88,88,0,0,0,1,0