STATE.x,ST_CASE,VEH_NO,PER_NO,PBPTYPE,PBAGE,PBSEX,PBCWALK,PBSWALK,PBSZONE,PEDCTYPE,BIKECTYPE,PEDLOC,BIKELOC,PEDPOS,BIKEPOS,PEDDIR,BIKEDIR,MOTDIR,MOTMAN,PEDLEG,PEDSNR,PEDCGP,BIKECGP,STATE.y,VE_TOTAL,VE_FORMS,PVH_INVL,PEDS,PERNOTMVIT,PERMVIT,PERSONS,COUNTY,CITY,DAY,MONTH,YEAR,DAY_WEEK,HOUR,MINUTE,NHS,RUR_URB,FUNC_SYS,RD_OWNER,ROUTE,TWAY_ID,TWAY_ID2,MILEPT,LATITUDE,LONGITUD,SP_JUR,HARM_EV,MAN_COLL,RELJCT1,RELJCT2,TYP_INT,WRK_ZONE,REL_ROAD,LGT_COND,WEATHER1,WEATHER2,WEATHER,SCH_BUS,RAIL,NOT_HOUR,NOT_MIN,ARR_HOUR,ARR_MIN,HOSP_HR,HOSP_MN,CF1,CF2,CF3,FATALS,DRUNK_DR
22,220176,0,1,6,14,2,0,0,0,0,231,7,3,77,1,7,1,7,7,7,7,0,230,22,1,1,0,1,1,1,1,103,2180,21,4,2017,6,5,40,0,2,4,1,3,SR-1090 NORTH MILITARY,NA,37,30.30207778,-89.724525,0,9,0,0,1,1,0,1,2,1,0,1,0,0,5,45,5,57,6,55,0,0,0,1,0
22,220288,0,1,6,27,2,0,0,0,0,970,7,3,77,1,7,3,7,7,7,7,0,990,22,1,1,0,1,1,2,2,73,1560,27,5,2017,7,2,40,1,2,3,1,2,US-165,NA,1770,32.49119167,-92.08318611,0,9,0,0,1,1,0,1,3,1,0,1,0,0,2,40,2,45,88,88,0,0,0,1,0
22,220301,0,1,6,30,1,0,0,0,0,319,7,3,77,1,7,3,7,7,7,7,0,310,22,1,1,0,1,1,1,1,33,150,14,3,2017,3,22,34,1,2,3,1,2,US-190,NA,1849,30.4606,-91.0473,0,9,0,0,7,1,0,1,2,1,0,1,0,0,19,53,19,59,99,99,0,0,0,1,0
22,220335,0,1,6,61,1,0,0,0,0,239,7,3,77,1,7,1,7,7,7,7,0,230,22,1,1,0,1,1,2,2,1,0,23,7,2017,1,20,45,0,1,7,2,4,CR-QUARTER POLE ROAD,NA,0,30.2424,-92.2406,0,9,0,0,1,1,0,1,2,1,0,1,0,0,20,49,21,1,88,88,0,0,0,1,1
22,220359,0,1,6,32,1,0,0,0,0,155,7,1,77,1,7,3,7,7,7,7,0,158,22,1,1,0,1,1,1,1,51,1545,7,6,2017,4,11,8,0,1,7,2,4,CR-DAVID DRIVE,TRENTON STREET,0,30.00178333,-90.219525,0,9,0,0,2,3,0,1,1,1,0,1,0,0,11,19,11,27,88,88,0,0,0,1,0
22,220374,0,1,6,57,1,0,0,0,0,142,7,1,77,1,7,2,7,7,7,7,0,145,22,1,1,0,1,1,1,1,103,1225,8,6,2017,5,16,25,1,2,3,1,2,US-190,NORTH TRANQUILITY,2648,30.30746944,-89.88383056,0,9,0,0,2,2,0,1,1,1,0,1,0,0,16,28,16,40,17,31,0,0,0,1,0
22,220409,0,1,6,58,1,0,0,0,0,231,7,3,77,1,7,1,7,7,7,7,0,230,22,1,1,0,1,1,1,1,101,0,17,8,2017,5,5,45,0,1,5,1,3,SR-83,NA,253,29.81014722,-91.667675,0,9,0,0,1,1,0,1,2,1,0,1,0,0,5,51,6,4,6,32,0,0,0,1,0
22,220420,0,1,6,55,1,0,1,0,0,239,7,3,77,1,7,9,7,7,7,7,0,230,22,1,1,0,1,1,1,1,19,1250,15,9,2017,6,23,48,1,2,3,1,3,SR-385,NA,119,30.18193056,-93.21863889,0,9,0,0,1,1,0,1,2,1,0,1,0,0,23,49,23,54,88,88,0,0,0,1,0
22,220435,0,1,6,57,1,0,0,0,0,239,7,3,77,1,7,1,7,7,7,7,0,230,22,1,1,0,1,1,1,1,33,2490,12,6,2017,2,4,28,1,2,3,1,3,SR-19,NA,85,30.64311944,-91.15208889,0,9,0,0,1,1,0,1,3,1,0,1,0,0,4,31,4,37,4,48,0,0,0,1,1
22,220443,0,1,6,61,1,0,0,0,0,219,7,3,77,1,7,1,7,7,7,7,0,290,22,1,1,0,1,1,2,2,55,1230,3,7,2017,2,20,48,0,2,7,4,6,WEST WILLOW,NA,0,30.24499722,-92.03066944,0,9,0,0,1,1,0,1,3,1,0,1,0,0,88,88,88,88,88,88,28,0,0,1,1
22,220462,0,1,6,33,1,0,0,0,0,231,7,3,77,1,7,1,7,7,7,7,0,230,22,1,1,0,1,1,1,1,55,0,22,8,2017,3,5,29,0,2,5,1,3,SR-342,NA,109,30.18136111,-92.11510278,0,9,0,0,1,1,0,1,2,1,0,1,0,0,99,99,99,99,88,88,0,0,0,1,0
22,220463,0,1,6,29,1,1,0,0,0,154,7,1,77,3,7,1,7,7,7,7,0,150,22,1,1,0,1,1,1,1,105,1910,29,8,2017,3,17,4,0,2,7,4,6,W PINE ST,S 8TH ST,0,30.43775833,-90.44601667,0,9,0,0,2,2,0,1,1,2,0,2,0,0,17,4,17,15,17,27,0,0,0,1,0
22,220497,0,1,6,69,1,0,0,0,0,213,7,1,77,2,7,1,7,7,7,7,0,215,22,1,1,0,1,1,1,1,71,1690,12,4,2017,4,12,14,0,2,7,4,6,SAINT BERNARD AVENUE,N DORGENOIS STREET,0,29.98191111,-90.07073056,0,9,0,0,2,2,0,1,1,1,0,1,0,0,12,26,13,45,99,99,0,0,0,1,0
22,220555,0,1,6,89,1,0,1,0,0,148,7,1,77,1,7,1,7,7,7,7,0,190,22,1,1,0,1,1,2,2,51,1005,6,10,2017,6,7,45,0,1,7,2,4,CR-GRETNA BLVD,CR-MAPLEWOOD DR,0,29.88756111,-90.06588056,0,9,0,0,2,2,0,1,1,1,0,1,0,0,7,58,8,6,8,27,0,0,0,1,0
22,220600,0,1,6,59,1,0,0,0,0,231,7,3,77,1,7,1,7,7,7,7,0,230,22,1,1,0,1,1,3,3,109,0,29,10,2017,1,22,0,0,2,5,1,3,SR-58,NA,4,29.47942222,-90.57417222,0,9,0,0,1,1,0,1,2,1,0,1,0,0,22,4,99,97,99,97,0,0,0,1,1
22,220611,0,1,6,59,1,0,0,0,0,231,7,3,77,1,7,1,7,7,7,7,0,230,22,1,1,0,1,1,1,1,103,2180,25,11,2017,7,23,30,1,2,3,1,2,US-190,NA,2678,30.30398333,-89.85158056,0,9,0,0,1,1,0,1,2,1,0,1,0,0,22,38,22,43,23,26,0,0,0,1,0
22,220659,0,1,6,64,1,0,0,0,0,132,7,3,77,8,7,1,7,7,7,7,0,110,22,1,1,0,1,1,3,3,7,164,16,12,2017,7,15,7,0,1,5,1,3,SR-308,NA,62,30.04173056,-91.04788056,0,1,0,0,1,1,0,1,1,10,0,10,0,9999999,15,9,15,19,16,4,0,0,0,1,0
22,220691,0,1,6,67,1,0,0,0,0,318,7,3,77,1,7,2,7,7,7,7,0,310,22,1,1,0,1,1,1,1,69,1650,23,9,2017,7,21,50,1,1,4,1,3,SR-1,NA,37,31.76771111,-93.09408889,0,9,0,0,1,1,0,1,3,1,0,1,0,0,21,50,21,56,99,99,0,0,0,1,0
22,220698,0,1,6,60,1,0,0,0,0,231,7,3,77,2,7,1,7,7,7,7,0,230,22,1,1,0,1,1,1,1,57,0,29,12,2017,6,22,49,1,1,3,1,2,US-90,NA,2249,29.81021944,-90.49346389,0,9,0,0,1,1,0,2,2,1,0,1,0,0,88,88,88,88,88,88,0,0,0,1,0
22,220704,0,1,6,48,1,0,0,0,0,239,7,3,77,1,7,1,7,7,7,7,0,230,22,1,1,0,1,1,1,1,33,945,5,10,2017,5,13,6,1,2,3,1,3,SR-37 GREENWELL SPRINGS ROAD,NA,113,30.56248889,-90.98763056,0,9,0,0,1,1,0,1,1,1,0,1,0,0,13,7,13,14,88,88,0,0,0,1,0
22,220706,0,1,6,31,1,0,0,0,0,255,7,3,77,1,7,1,7,7,7,7,0,258,22,1,1,0,1,1,1,1,97,1800,20,5,2017,7,1,10,0,2,5,1,3,SR-749,NA,4,30.53943889,-92.08691944,0,9,0,0,1,1,0,1,2,1,0,1,0,0,1,12,1,19,88,88,0,0,0,1,0
23,230068,0,1,6,46,2,0,0,0,0,800,7,3,77,1,7,1,7,7,7,7,0,850,23,1,1,0,1,1,1,1,31,4100,5,7,2017,4,14,22,0,1,6,1,3,SR-HIGH STREET,NA,59,43.38254444,-70.56916111,0,9,0,0,1,1,0,1,1,1,0,1,0,0,14,26,14,29,15,4,0,0,0,1,0
23,230072,0,1,6,53,1,0,0,0,0,970,7,3,77,1,7,1,7,7,7,7,0,990,23,1,1,0,1,1,1,1,31,8905,17,7,2017,2,7,33,0,2,7,3,6,ATLANTIC AVE,NA,5,43.31076944,-70.56371111,0,9,0,0,1,1,0,1,1,1,0,1,0,0,99,99,99,99,99,99,0,0,0,1,0
24,240007,0,1,6,70,1,0,0,0,0,180,7,1,77,1,7,1,7,7,7,7,0,190,24,1,1,0,1,1,1,1,43,0,12,1,2017,5,11,40,0,2,4,1,3,SR-632,RENCH RD,38,39.59618611,-77.76675,0,9,0,0,2,3,0,1,1,10,0,10,0,0,99,99,99,99,99,99,0,0,0,1,0
24,240038,0,1,6,19,2,0,0,0,0,280,7,3,77,1,7,1,7,7,7,7,0,290,24,1,1,0,2,2,1,1,5,0,27,1,2017,6,20,57,0,2,3,1,3,SR-26,NA,37,39.38100278,-76.822675,0,9,0,0,1,1,0,1,3,1,0,1,0,0,99,99,99,99,99,99,0,0,0,1,1
24,240038,0,2,6,14,1,0,0,0,0,280,7,3,77,1,7,1,7,7,7,7,0,290,24,1,1,0,2,2,1,1,5,0,27,1,2017,6,20,57,0,2,3,1,3,SR-26,NA,37,39.38100278,-76.822675,0,9,0,0,1,1,0,1,3,1,0,1,0,0,99,99,99,99,99,99,0,0,0,1,1
24,240049,0,1,6,58,1,0,0,0,0,280,7,3,77,1,7,1,7,7,7,7,0,290,24,1,1,0,1,1,1,1,21,0,24,1,2017,3,6,27,0,1,4,1,3,SR-85,NA,92,39.38360833,-77.40971111,0,9,0,0,1,1,0,1,2,10,0,10,0,0,99,99,99,99,88,88,0,0,0,1,0
24,240105,0,1,6,17,2,0,0,0,0,144,7,1,77,1,7,9,7,7,7,7,0,145,24,2,1,1,1,1,1,1,43,0,26,4,2017,4,18,50,0,2,7,4,6,MU-430,MU-900,3,39.63063056,-77.72861667,0,9,0,0,2,2,0,1,1,1,0,1,0,0,99,99,99,99,99,99,0,0,0,1,0
24,240150,0,1,6,59,1,0,0,0,0,280,7,3,77,1,7,1,7,7,7,7,0,290,24,1,1,0,1,1,1,1,17,0,15,2,2017,4,5,36,0,2,5,1,4,CR-345,NA,37,38.61812778,-76.96356389,0,9,0,0,1,1,0,1,2,10,0,10,0,0,99,99,99,99,99,99,0,0,0,1,0
24,240189,0,1,6,25,1,0,0,0,0,280,7,3,77,1,7,1,7,7,7,7,0,290,24,1,1,0,1,1,1,1,3,0,4,7,2017,3,0,30,0,2,3,1,3,SR-170,NA,66,39.173525,-76.69391667,0,9,0,0,1,1,0,1,2,1,0,1,0,0,99,99,99,99,88,88,0,0,0,1,0
24,240265,0,1,6,20,1,0,0,0,0,280,7,3,77,1,7,1,7,7,7,7,0,290,24,3,3,0,1,1,3,3,5,0,19,6,2017,2,22,36,0,2,3,1,3,SR-139,NA,2,39.37311111,-76.62640833,0,9,0,0,1,1,0,1,3,1,0,1,0,0,99,99,99,99,99,99,0,0,0,1,0
24,240287,0,1,6,20,1,0,0,0,0,280,7,3,77,1,7,1,7,7,7,7,0,290,24,1,1,0,1,1,1,1,13,0,21,7,2017,6,0,34,0,1,4,1,3,SR-194,NA,81,39.677075,-77.15594444,0,9,0,0,1,1,0,1,2,1,0,1,0,0,99,99,99,99,99,99,0,0,0,1,0
24,240312,0,1,6,21,2,0,0,0,0,280,7,3,77,1,7,1,7,7,7,7,0,290,24,1,1,0,1,1,1,1,47,0,30,8,2017,4,3,1,0,2,3,1,3,SR-538,NA,84,38.33443333,-75.08601667,0,9,0,0,1,1,0,1,2,2,0,2,0,0,99,99,99,99,99,99,0,0,0,1,0
24,240314,0,1,6,58,1,0,0,0,0,142,7,1,77,1,7,1,7,7,7,7,0,145,24,1,1,0,1,1,1,1,45,0,28,8,2017,2,23,29,0,2,3,1,2,US-13BU,SR-513,26,38.328725,-75.61415,0,9,0,0,2,2,0,1,3,1,0,1,0,0,99,99,99,99,88,88,0,0,0,1,0
25,250002,0,1,6,51,1,0,0,0,0,250,7,3,77,1,7,2,7,7,7,7,0,258,25,1,1,0,1,1,1,1,23,140,3,1,2017,3,17,41,1,2,3,1,3,SR-28 N MONTELLO ST,NA,99998,42.08318333,-71.01725,0,9,0,0,1,1,0,1,2,2,0,2,0,0,17,43,17,55,18,2,0,0,0,1,0
25,250057,0,1,6,53,1,0,1,0,0,239,7,3,77,1,7,1,7,7,7,7,0,230,25,1,1,0,1,1,1,1,3,1030,19,1,2017,5,18,52,0,2,5,4,8,LINDEN ST,NA,99998,42.45528056,-73.25192222,0,9,0,0,1,1,0,1,3,1,0,1,0,0,18,52,18,57,88,88,99,99,99,1,0
25,250113,0,1,6,29,1,1,1,0,0,970,7,1,77,1,7,9,7,7,7,7,0,990,25,1,1,0,1,1,1,1,25,120,30,4,2017,1,3,19,1,2,3,4,8,COMM AVE,CLARENDON ST,99998,42.35229722,-71.07601111,0,9,0,0,1,1,0,1,3,1,0,1,0,0,3,20,3,26,3,52,99,99,99,1,0
25,250142,0,1,6,78,1,0,1,0,0,148,7,1,77,1,7,1,7,7,7,7,0,190,25,1,1,0,1,1,1,1,15,890,15,5,2017,2,15,5,0,1,7,3,8,NONOTUCK ST,HINCKLEY ST,99998,42.32931667,-72.66242222,0,9,0,0,2,2,0,1,1,1,0,1,0,0,15,5,15,10,15,49,0,0,0,1,0
25,250188,0,1,6,17,1,1,1,0,0,970,7,1,77,1,7,9,7,7,7,7,0,990,25,1,1,0,1,1,3,3,27,350,6,7,2017,5,99,99,0,2,7,3,8,ST BERNARD ST,BOUTELLE ST,99998,42.57495556,-71.78216389,9,9,0,0,2,2,0,1,1,1,0,1,0,0,15,27,15,28,15,47,99,99,99,1,0
25,250192,0,1,6,53,1,0,0,9,0,280,7,3,77,1,7,2,7,7,7,7,0,290,25,1,1,0,1,1,1,1,9,100,30,7,2017,1,16,19,0,2,4,4,8,935 HALE ST,NA,99998,42.56458333,-70.80143333,9,9,0,0,1,1,0,1,1,1,0,1,0,0,16,21,16,29,99,99,0,0,0,1,0
25,250195,0,1,6,51,1,0,0,0,0,280,7,2,77,1,7,1,7,7,7,7,0,290,25,1,1,0,1,1,1,1,13,1270,15,7,2017,7,4,1,1,2,3,4,2,US-20 PAGE BLVD,ROCUS ST,99998,42.15011389,-72.52601944,0,9,0,0,3,3,0,1,3,10,0,10,0,0,4,10,4,14,88,88,99,99,99,1,0
25,250247,0,1,6,40,1,0,0,0,0,144,7,1,77,1,7,1,7,7,7,7,0,145,25,1,1,0,1,1,1,1,27,185,15,9,2017,6,15,39,0,2,7,3,8,SOUTH STURBRIDGE RD,US-20,99998,42.14465833,-71.99492222,9,9,0,1,2,3,0,1,1,10,0,10,0,0,15,42,15,43,88,88,0,0,0,1,0
25,250299,0,1,6,6,1,1,1,0,0,160,7,1,77,3,7,3,7,7,7,7,0,190,25,2,2,0,2,2,5,5,21,1451,19,11,2017,1,14,21,0,2,5,3,8,POND ST,LASKE SHORE DR,99998,42.20822222,-71.22746389,9,9,0,0,2,3,0,1,1,1,0,1,0,0,14,23,14,25,14,52,0,0,0,1,0
25,250308,0,1,6,19,1,0,1,9,0,970,7,2,77,3,7,9,7,7,7,7,0,990,25,1,1,0,1,1,1,1,25,120,3,11,2017,6,13,53,0,2,5,4,8,EAST COTTAGE ST,NA,99998,42.32125556,-71.06753611,9,9,0,0,8,1,1,4,1,1,0,1,0,0,13,53,13,56,88,88,0,0,0,1,0
25,250351,0,1,6,70,1,0,0,0,0,141,7,1,77,1,7,1,7,7,7,7,0,140,25,1,1,0,1,1,1,1,5,251,19,5,2017,6,9,35,0,2,5,3,8,REED RD,195 EAST OFF RAMP,99998,41.63891944,-71.03672222,9,9,0,0,2,3,0,1,1,1,0,1,0,0,9,38,9,41,10,11,0,0,0,1,0
26,260040,0,1,6,66,1,0,0,0,0,239,7,3,77,1,7,1,7,7,7,7,0,230,26,1,1,0,2,2,1,1,45,0,21,1,2017,7,14,48,0,1,5,98,4,CR-BATTLE CREEK RD,NA,21,42.45676111,-84.98167222,0,9,0,0,1,1,0,1,1,1,0,1,0,0,14,50,15,1,99,99,0,0,0,1,0
26,260040,0,2,6,65,2,0,0,0,0,239,7,3,77,1,7,1,7,7,7,7,0,230,26,1,1,0,2,2,1,1,45,0,21,1,2017,7,14,48,0,1,5,98,4,CR-BATTLE CREEK RD,NA,21,42.45676111,-84.98167222,0,9,0,0,1,1,0,1,1,1,0,1,0,0,14,50,15,1,99,99,0,0,0,1,0
26,260091,0,1,6,77,1,0,0,0,0,144,7,1,77,1,7,1,7,7,7,7,0,145,26,1,1,0,1,1,3,3,99,4330,23,2,2017,5,13,42,1,2,3,98,3,SR-3 GRATIOT AVE,WALDRON ST,51,42.51574167,-82.92436111,0,9,0,0,2,3,0,1,1,1,0,1,0,0,13,45,13,48,99,99,0,0,0,1,0
26,260153,0,1,6,53,1,0,0,0,0,239,7,3,77,1,7,1,7,7,7,7,0,230,26,1,1,0,1,1,1,1,49,686,18,3,2017,7,22,51,0,2,4,98,6,BELSAY RD,NA,15,42.98231389,-83.59397778,0,9,0,0,1,1,0,1,2,2,0,2,0,0,22,53,99,99,88,88,0,0,0,1,0
26,260183,0,1,6,88,1,0,1,0,0,322,7,3,77,3,7,2,7,7,7,7,0,320,26,1,1,0,1,1,1,1,161,150,13,1,2017,6,15,11,0,2,5,98,6,NIXON RD,PLYMOUTH RD,1,42.30469722,-83.70735833,0,9,0,0,8,1,0,4,1,1,0,1,0,0,15,11,15,20,99,99,0,0,0,1,0
26,260301,0,1,6,65,1,0,0,0,0,239,7,3,77,1,7,1,7,7,7,7,0,230,26,1,1,0,1,1,2,2,75,0,29,5,2017,2,10,29,0,1,6,98,4,CR-GRASS LAKE RD,NA,13,42.24946667,-84.15547222,0,9,0,0,1,1,0,1,1,1,0,1,0,0,99,99,99,99,99,99,22,0,0,1,0
26,260379,0,1,6,40,2,0,0,0,0,239,7,3,77,1,7,1,7,7,7,7,0,230,26,1,1,0,1,1,1,1,15,0,23,6,2017,6,18,52,0,1,5,98,4,CR-WHITNEYVILLE RD,NA,28,42.75414444,-85.45720278,0,9,0,0,1,1,0,1,1,1,0,1,0,0,18,53,19,0,88,88,99,99,99,1,0
26,260388,0,1,6,21,2,0,0,0,0,239,7,3,77,1,7,1,7,7,7,7,0,230,26,1,1,0,1,1,1,1,81,2010,23,6,2017,6,22,0,1,2,3,98,6,KALAMAZOO AVE,NA,95,42.90436944,-85.62714167,0,9,0,0,1,1,0,1,3,1,0,1,0,0,22,5,22,9,99,99,99,99,99,1,1
26,260418,0,1,6,53,1,0,0,0,0,231,7,3,77,1,7,1,7,7,7,7,0,230,26,1,1,0,1,1,1,1,73,0,27,6,2017,3,20,25,0,2,4,98,4,CR-RIVER RD,NA,154,43.626375,-84.77803333,0,9,0,0,1,1,0,1,1,1,0,1,0,0,99,99,99,99,99,99,22,0,0,1,1
26,260452,0,1,6,76,1,0,0,0,0,231,7,3,77,1,7,1,7,7,7,7,0,230,26,1,1,0,2,2,1,1,81,0,15,7,2017,7,7,49,0,2,5,98,4,CR-HANNA LAKE AVE,NA,19,42.79605556,-85.58506389,0,9,0,0,1,1,0,1,1,10,0,10,0,0,99,99,99,99,99,99,0,0,0,1,0
26,260452,0,2,6,69,2,0,0,0,0,231,7,3,77,1,7,1,7,7,7,7,0,230,26,1,1,0,2,2,1,1,81,0,15,7,2017,7,7,49,0,2,5,98,4,CR-HANNA LAKE AVE,NA,19,42.79605556,-85.58506389,0,9,0,0,1,1,0,1,1,10,0,10,0,0,99,99,99,99,99,99,0,0,0,1,0
26,260453,0,1,6,73,1,0,0,0,0,319,7,3,77,1,7,3,7,7,7,7,0,310,26,1,1,0,1,1,1,1,125,1652,13,7,2017,5,11,1,0,2,4,98,6,FARMINGTON RD,NA,26,42.50262778,-83.37841944,0,9,0,0,1,1,0,1,1,1,0,1,0,0,11,1,11,5,99,99,0,0,0,1,0
26,260488,0,1,6,57,1,0,0,0,0,232,7,3,77,1,7,1,7,7,7,7,0,230,26,1,1,0,1,1,1,1,11,0,13,6,2017,3,6,39,0,1,4,98,3,SR-65,NA,95,44.13712222,-83.807625,0,9,0,0,1,1,0,1,1,10,0,10,0,0,6,43,6,58,99,99,0,0,0,1,0
26,260499,0,1,6,55,1,0,0,0,0,144,7,1,77,1,7,2,7,7,7,7,0,145,26,1,1,0,1,1,2,2,159,1143,13,7,2017,5,20,18,0,1,5,98,4,CR-378,72ND ST,31,42.30825833,-86.24287222,0,9,0,0,2,2,0,1,1,1,0,1,0,0,19,10,19,15,99,99,0,0,0,1,0
26,260534,0,1,6,20,1,0,0,0,0,232,7,3,77,1,7,1,7,7,7,7,0,230,26,1,1,0,1,1,1,1,77,4030,7,8,2017,2,18,31,1,2,3,98,6,PORTAGE RD,NA,93,42.2131,-85.55998611,0,9,0,0,1,1,0,1,1,1,0,1,0,0,18,33,18,39,88,88,2,0,0,1,0
26,260550,0,1,6,62,2,0,0,0,0,221,7,1,77,1,7,1,7,7,7,7,0,220,26,1,1,0,1,1,1,1,45,0,5,8,2017,7,12,27,0,1,4,98,3,SR-50 CLINTON TRL,FLANDERS RD,24,42.55230278,-84.78792778,0,9,0,0,2,2,0,1,1,1,0,1,0,0,12,30,12,38,99,99,0,0,0,1,0
26,260558,0,1,6,64,2,0,0,0,0,239,7,3,77,1,7,1,7,7,7,7,0,230,26,1,1,0,1,1,1,1,57,100,17,8,2017,5,7,15,0,2,4,98,6,MICHIGAN AVE,NA,9,43.38648333,-84.63714167,0,9,0,0,1,1,0,1,4,2,0,2,0,0,99,99,99,99,99,99,99,99,99,1,0
26,260599,0,1,6,55,1,1,0,0,0,318,7,3,77,3,7,3,7,7,7,7,0,310,26,1,1,0,1,1,2,2,121,0,26,8,2017,7,17,44,0,1,4,98,4,CR-MAPLE ISLAND RD,NA,45,43.18355278,-86.06643056,0,9,0,0,16,1,0,1,1,10,0,10,0,0,17,44,17,50,99,99,22,0,0,1,0
26,260625,0,1,6,54,1,0,0,0,0,231,7,3,77,1,7,1,7,7,7,7,0,230,26,2,2,0,1,1,2,2,55,0,5,9,2017,3,19,23,0,2,7,98,4,CR-SILVER PINES RD,NA,11,44.70835278,-85.66141389,0,9,0,0,1,1,0,1,1,1,0,1,0,0,99,99,99,99,99,99,0,0,0,1,2
26,260669,0,1,6,25,1,1,1,0,0,144,7,1,77,3,7,3,7,7,7,7,0,145,26,1,1,0,1,1,2,2,81,2010,25,9,2017,2,15,13,1,2,3,98,6,MICHIGAN ST NE,GRAND AVE NE,34,42.97013611,-85.65209722,0,9,0,0,3,2,0,1,1,1,0,1,0,0,15,14,15,17,99,99,0,0,0,1,0
26,260672,0,1,6,39,2,1,1,0,0,970,7,1,77,3,7,9,7,7,7,7,0,990,26,1,1,0,1,1,1,1,99,1009,24,9,2017,1,22,5,1,2,3,98,4,CR-METROPOLITAN PKWY,GRATIOT AVE,101,42.56946111,-82.89119167,0,9,0,0,3,2,0,1,3,1,0,1,0,0,99,99,99,99,99,99,99,99,99,1,0
26,260912,0,1,6,51,1,0,0,0,0,312,7,3,77,1,7,3,7,7,7,7,0,310,26,1,1,0,1,1,2,2,163,4815,10,12,2017,1,20,15,1,2,3,98,6,PELHAM RD,NA,4,42.23497222,-83.230175,0,9,0,0,8,1,0,1,3,1,0,1,0,0,20,15,20,20,99,99,0,0,0,1,1
26,260918,0,1,6,18,2,0,0,0,0,158,7,1,77,1,7,3,7,7,7,7,0,190,26,1,1,0,1,1,2,2,139,2290,18,12,2017,2,20,33,1,2,3,98,2,US-31,16TH ST,10,42.78311111,-86.08081667,0,9,0,0,3,2,0,1,3,1,0,1,0,0,20,33,20,40,88,88,99,99,99,1,1
27,270136,0,1,6,56,1,0,0,0,0,231,7,3,77,1,7,1,7,7,7,7,0,230,27,1,1,0,1,1,1,1,143,0,17,6,2017,7,7,36,0,1,4,1,3,SR-25,NA,41,44.64818889,-93.80383889,0,9,0,0,1,1,0,1,1,1,0,1,0,0,7,37,99,97,99,97,0,0,0,1,0
27,270194,0,1,6,17,1,0,0,0,0,318,7,3,77,1,7,3,7,7,7,7,0,310,27,1,1,0,1,1,1,1,169,7660,8,8,2017,3,12,7,0,2,7,4,6,LAKE BLVD,NA,12,44.03106111,-91.62853056,0,9,0,0,1,1,0,1,1,10,0,10,0,0,12,10,99,99,99,99,0,0,0,1,0
27,270203,0,1,6,34,2,1,1,0,0,158,7,1,77,1,7,1,7,7,7,7,0,190,27,1,1,0,1,1,1,1,53,4760,17,8,2017,5,5,42,9,2,4,2,4,CR-153 LOWRY AVE NE,2ND ST N,26,45.01312222,-93.28074444,0,9,0,1,2,2,0,1,3,2,0,2,0,0,5,42,5,51,6,21,0,0,0,1,0
27,270239,0,1,6,44,1,1,1,0,0,155,7,1,77,3,7,1,7,7,7,7,0,158,27,1,1,0,1,1,1,1,53,4760,11,9,2017,2,18,11,1,2,3,1,3,SR-55,MORGAN AVE NORTH,1888,44.98423056,-93.30454722,0,9,0,0,2,2,0,1,1,1,0,1,0,0,18,45,18,50,19,0,0,0,0,1,0
27,270261,0,1,6,38,1,0,0,0,0,160,7,1,77,1,7,1,7,7,7,7,0,190,27,1,1,0,1,1,1,1,163,5150,4,4,2017,3,17,10,0,2,4,2,4,CR-38A MAXWELL AVE,RED ROCK RD,3,44.88821111,-93.00940833,0,9,0,0,2,3,0,1,1,1,0,1,0,0,17,20,17,35,17,45,0,0,0,1,0
27,270313,0,1,6,52,1,1,1,0,0,154,7,1,77,1,7,1,7,7,7,7,0,150,27,1,1,0,1,1,1,1,123,6330,26,11,2017,1,0,10,0,2,4,1,3,SR-5,GRAND AVE,694,44.94131944,-93.10670833,0,9,0,0,2,2,0,1,3,1,0,1,0,0,99,99,99,99,99,99,0,0,0,1,0
28,280089,0,1,6,48,1,0,0,0,0,231,7,3,77,1,7,1,7,7,7,7,0,230,28,1,1,0,1,1,1,1,33,1145,6,3,2017,2,23,18,1,2,3,1,3,SR-302,NA,99998,34.96278611,-90.0218,0,9,0,0,1,1,0,1,3,2,0,2,0,0,23,18,23,20,23,45,0,0,0,1,0
28,280196,0,1,6,54,1,0,0,0,0,239,7,3,77,1,7,1,7,7,7,7,0,230,28,1,1,0,1,1,3,3,105,2430,14,5,2017,1,19,8,0,1,3,1,3,SR-25,NA,99998,33.45511389,-88.85375,0,9,0,0,1,1,0,1,1,1,0,1,0,0,99,98,99,98,88,88,0,0,0,1,0
28,280226,0,1,6,55,1,0,0,0,0,144,7,1,77,1,7,2,7,7,7,7,0,145,28,1,1,0,1,1,1,1,49,1220,4,4,2017,3,12,18,0,2,7,4,6,CS-ROSE ST,CS-DEER PARK ST,99998,32.30156111,-90.20143611,0,9,0,0,2,2,0,1,1,1,0,1,0,0,99,99,99,99,99,99,0,0,0,1,0