STATE.x,ST_CASE,VEH_NO,PER_NO,PBPTYPE,PBAGE,PBSEX,PBCWALK,PBSWALK,PBSZONE,PEDCTYPE,BIKECTYPE,PEDLOC,BIKELOC,PEDPOS,BIKEPOS,PEDDIR,BIKEDIR,MOTDIR,MOTMAN,PEDLEG,PEDSNR,PEDCGP,BIKECGP,STATE.y,VE_TOTAL,VE_FORMS,PVH_INVL,PEDS,PERNOTMVIT,PERMVIT,PERSONS,COUNTY,CITY,DAY,MONTH,YEAR,DAY_WEEK,HOUR,MINUTE,NHS,RUR_URB,FUNC_SYS,RD_OWNER,ROUTE,TWAY_ID,TWAY_ID2,MILEPT,LATITUDE,LONGITUD,SP_JUR,HARM_EV,MAN_COLL,RELJCT1,RELJCT2,TYP_INT,WRK_ZONE,REL_ROAD,LGT_COND,WEATHER1,WEATHER2,WEATHER,SCH_BUS,RAIL,NOT_HOUR,NOT_MIN,ARR_HOUR,ARR_MIN,HOSP_HR,HOSP_MN,CF1,CF2,CF3,FATALS,DRUNK_DR
28,280320,0,1,6,55,1,0,0,0,0,231,7,3,77,1,7,1,7,7,7,7,0,230,28,1,1,0,1,1,1,1,59,1680,21,3,2017,3,0,33,1,2,3,1,3,SR-613,NA,0,30.64783056,-88.49204722,0,9,0,0,1,1,0,1,2,1,0,1,0,0,99,98,99,98,88,88,0,0,0,1,0
28,280368,0,1,6,57,1,0,0,0,0,250,7,3,77,1,7,2,7,7,7,7,0,258,28,1,1,0,1,1,1,1,115,0,19,8,2017,7,22,25,0,2,4,1,3,SR-338,NA,99998,34.26192222,-89.02708611,0,9,0,0,1,1,0,1,2,1,0,1,0,0,88,88,88,88,88,88,99,99,99,1,0
28,280399,0,1,6,68,1,0,0,0,0,970,7,3,77,1,7,1,7,7,7,7,0,990,28,1,1,0,1,1,3,3,11,290,8,9,2017,6,18,8,1,2,3,1,2,US-61,NA,99998,33.71920278,-90.71760833,0,9,0,0,1,1,0,1,1,1,0,1,0,0,99,99,99,99,99,99,99,99,99,1,0
28,280435,0,1,6,18,1,0,0,0,0,221,7,3,77,1,7,1,7,7,7,7,0,220,28,2,2,0,1,1,3,3,105,0,25,9,2017,2,19,21,0,2,5,1,3,SR-OLD HIGHWAY 25 SOUTH,NA,99998,33.42122222,-88.83893056,0,9,0,0,1,1,0,1,2,1,0,1,0,0,19,21,19,30,19,53,99,99,99,1,0
29,290150,0,1,6,67,1,0,0,0,0,232,7,3,77,1,7,1,7,7,7,7,0,230,29,2,2,0,1,1,4,4,510,7080,24,2,2017,6,16,56,1,2,3,4,3,SR-H RIVERVIEW DR,NA,22,38.75260833,-90.191675,0,9,0,0,1,1,0,1,1,1,0,1,0,0,99,99,99,99,99,99,0,0,0,1,0
29,290204,0,1,6,49,1,0,1,0,0,160,7,1,77,1,7,1,7,7,7,7,0,190,29,1,1,0,1,1,1,1,510,7080,31,3,2017,6,20,38,1,2,3,4,6,HAMPTON AVE,JAMIESON AVE,45,38.57004722,-90.29617222,0,9,0,0,2,3,0,1,3,1,0,1,0,0,20,41,20,48,21,10,0,0,0,1,0
29,290238,0,1,6,7,1,0,1,0,0,160,7,1,77,1,7,1,7,7,7,7,0,190,29,1,1,0,1,1,4,4,510,7080,23,4,2017,1,18,37,0,2,7,4,6,SCHIRMER ST,ALY MICHIGAN AVE,3,38.5483,-90.26117222,0,9,0,0,1,1,0,1,1,10,0,10,0,0,18,36,18,42,19,16,0,0,0,1,0
29,290312,0,1,6,51,1,0,1,0,0,318,7,3,77,1,7,9,7,7,7,7,0,310,29,1,1,0,1,1,1,1,510,7080,5,5,2017,6,23,55,1,2,3,4,6,GRAVOIS AVE,NA,26,38.58603056,-90.26091111,0,9,0,1,18,1,0,1,3,1,0,1,0,0,23,52,99,98,88,88,0,0,0,1,0
29,290335,0,1,6,18,1,0,0,0,0,231,7,3,77,1,7,1,7,7,7,7,0,230,29,1,1,0,1,1,1,1,183,0,4,6,2017,1,17,25,0,1,5,1,3,SR-F,NA,76,38.63686111,-90.81902778,0,9,0,0,1,1,0,1,1,2,10,2,0,0,17,25,17,40,18,21,0,0,0,1,0
29,290483,0,1,6,58,1,0,1,0,0,318,7,3,77,1,7,9,7,7,7,7,0,310,29,1,1,0,1,1,5,5,510,7080,11,8,2017,6,23,46,0,2,4,4,6,CST-N FLORISSANT AVE,NA,9,38.65570278,-90.20293333,0,9,0,0,1,1,0,1,3,1,0,1,0,0,23,44,23,55,0,18,0,0,0,1,1
29,290501,0,1,6,56,1,0,0,0,0,250,7,3,77,1,7,2,7,7,7,7,0,258,29,1,1,0,1,1,1,1,201,7310,26,8,2017,7,13,45,0,2,7,4,6,CST-WILLIAM ST,NA,2,36.86792778,-89.60766111,0,9,0,0,1,1,0,1,1,1,0,1,0,0,13,46,13,51,14,13,0,0,0,1,0
29,290589,0,1,6,60,1,0,0,0,0,239,7,3,77,1,7,1,7,7,7,7,0,230,29,1,1,0,1,1,2,2,217,0,17,9,2017,1,19,0,0,1,6,1,3,SR-DD,NA,6,37.70563889,-94.29747222,0,9,0,0,1,1,0,1,1,1,0,1,0,0,99,98,99,98,88,88,0,0,0,1,0
29,290718,0,1,6,81,1,1,1,0,0,155,7,1,77,3,7,3,7,7,7,7,0,158,29,1,1,0,1,1,2,2,183,7010,2,9,2017,7,23,20,0,2,4,4,6,CST-5TH ST,CAT-AMERISTAR BLVD,25,38.77131389,-90.49281944,0,9,0,0,3,2,0,1,3,1,0,1,0,0,23,23,23,29,23,41,0,0,0,1,0
30,300049,0,1,6,73,1,0,0,0,0,239,7,3,77,9,7,1,7,7,7,7,0,230,30,1,1,0,1,1,2,2,47,0,21,5,2017,1,7,15,0,1,6,2,4,CR-ST MARYS LAKE ROAD WB,NA,99999,47.30547778,-114.0746306,0,9,0,0,1,1,0,99,1,1,0,1,0,0,8,14,8,22,9,1,0,0,0,1,1
31,310056,0,1,6,77,2,0,0,0,0,250,7,3,77,2,7,9,7,7,7,7,0,258,31,1,1,0,1,1,4,4,141,0,17,4,2017,2,20,5,0,1,6,2,4,CR-EAST 8TH STREET,NA,0,41.4237,-97.31767222,0,9,0,0,1,1,0,2,1,1,0,1,0,0,88,88,88,88,88,88,0,0,0,1,1
31,310087,0,1,6,10,1,0,0,0,0,311,7,3,77,1,7,3,7,7,7,7,0,310,31,1,1,0,1,1,1,1,145,0,20,6,2017,3,13,20,0,1,5,4,4,CR-FEDERAL AVE,NA,0,40.19526944,-100.64675,0,9,0,0,8,1,0,1,1,1,0,1,0,0,13,24,13,25,13,43,0,0,0,1,0
31,310157,0,1,6,52,1,0,0,0,0,239,7,2,77,1,7,1,7,7,7,7,0,230,31,1,1,0,1,1,1,1,109,0,23,9,2017,7,17,37,0,1,5,2,4,CR-W SPRAGUE RD,CR-SW 58TH ST,0,40.62453889,-96.80039444,0,9,0,0,3,3,0,1,1,1,0,1,0,0,88,88,88,88,88,88,0,0,0,1,1
33,330026,0,1,6,60,1,0,0,0,0,212,7,2,77,1,7,1,7,7,7,7,0,210,33,1,1,0,1,1,1,1,11,540,2,4,2017,1,15,0,0,1,5,1,3,SR-31,BURTON HIGHWAY,99998,42.85357222,-71.76276944,0,9,0,0,3,4,0,1,1,1,0,1,0,0,15,3,15,8,15,42,0,0,0,1,1
33,330076,0,1,6,56,1,0,0,0,0,212,7,1,77,1,7,2,7,7,7,7,0,210,33,1,1,0,1,1,1,1,11,401,29,9,2017,6,14,40,0,2,4,1,3,SR-38,JERICHO ROAD,0,42.70120556,-71.31427222,0,9,0,0,2,3,0,1,1,1,0,1,0,0,14,41,14,52,15,33,0,0,0,1,0
34,340004,0,1,6,55,2,0,1,9,0,250,7,3,77,1,7,2,7,7,7,7,0,258,34,1,1,0,1,1,2,2,29,0,27,1,2017,6,17,46,1,2,3,2,4,CR-528 CEDARBRIDGE AVE,NA,311,40.08279444,-74.20169722,0,9,0,0,1,1,0,1,2,1,0,1,0,0,99,99,99,99,99,99,0,0,0,1,0
34,340042,0,1,6,57,2,0,0,0,0,239,7,3,77,2,7,1,7,7,7,7,0,230,34,1,1,0,2,2,1,1,15,1082,15,2,2017,4,14,0,0,2,4,1,3,SR-47,NA,542,39.58901389,-75.05841944,0,9,0,0,8,1,0,2,1,1,0,1,0,0,99,99,99,99,99,99,0,0,0,1,1
34,340042,0,2,6,62,1,0,0,0,0,239,7,3,77,2,7,1,7,7,7,7,0,230,34,1,1,0,2,2,1,1,15,1082,15,2,2017,4,14,0,0,2,4,1,3,SR-47,NA,542,39.58901389,-75.05841944,0,9,0,0,8,1,0,2,1,1,0,1,0,0,99,99,99,99,99,99,0,0,0,1,1
34,340067,0,1,6,57,1,0,1,0,0,239,7,3,77,2,7,1,7,7,7,7,0,230,34,1,1,0,1,1,1,1,23,3110,17,1,2017,3,19,15,0,2,4,2,4,CR-684,NA,1,40.47863333,-74.29007222,0,9,0,0,1,1,0,2,3,2,0,2,0,0,99,99,99,99,99,99,0,0,0,1,1
34,340158,0,1,6,38,1,1,9,0,0,155,7,2,77,1,7,1,7,7,7,7,0,158,34,1,1,0,1,1,3,3,23,3705,24,2,2017,6,22,25,1,2,3,1,3,SR-35,WASHINGTON AVE,566,40.57484444,-74.29423889,0,9,0,0,3,2,0,1,3,1,0,1,0,0,99,99,99,99,88,88,0,0,0,1,0
34,340210,0,1,6,49,1,0,1,0,0,970,7,3,77,1,7,9,7,7,7,7,0,990,34,1,1,0,1,1,1,1,13,2130,7,6,2017,4,15,30,0,2,7,4,6,ROSE ST,NA,0,40.72882222,-74.19940833,0,9,0,0,1,1,0,1,1,1,0,1,0,0,99,99,99,99,99,99,0,0,0,1,0
34,340225,0,1,6,47,2,0,0,0,0,280,7,3,77,1,7,9,7,7,7,7,0,290,34,1,1,0,1,1,1,1,7,520,6,6,2017,3,8,30,0,2,7,4,6,LINDEN ST,NA,0,39.07493889,-74.90041667,0,9,0,0,1,1,0,1,1,1,0,1,0,0,99,99,99,99,99,99,0,0,0,1,0
34,340270,0,1,6,14,1,0,0,0,0,250,7,3,77,1,7,2,7,7,7,7,0,258,34,1,1,0,1,1,1,1,11,3460,8,7,2017,7,21,29,0,2,99,4,6,WEST AVE,SHIRLEY CT,0,39.47408056,-75.03608889,0,9,0,0,1,1,0,1,2,1,0,1,0,0,99,99,99,99,99,99,0,0,0,1,0
34,340299,0,1,6,15,1,1,1,0,0,153,7,2,77,1,7,1,7,7,7,7,0,158,34,1,1,0,1,1,1,1,29,416,19,8,2017,7,22,45,1,2,3,1,3,SR-70,CR-632 BURNT TAVERN RD,572,40.08805833,-74.10204722,0,9,0,0,3,2,0,1,3,1,0,1,0,0,99,99,99,99,88,88,0,0,0,1,1
34,340300,0,1,6,3,2,0,1,0,0,311,7,3,77,1,7,3,7,7,7,7,0,310,34,1,1,0,1,1,1,1,29,1590,24,8,2017,5,12,33,0,2,7,4,6,7TH STREET,NA,0,40.09664722,-74.21887222,0,9,0,0,8,1,0,1,1,1,0,1,0,0,99,99,99,99,88,88,0,0,0,1,0
34,340382,0,1,6,50,1,0,0,0,0,239,7,3,77,1,7,1,7,7,7,7,0,230,34,1,1,0,1,1,1,1,27,2810,25,9,2017,2,6,13,0,2,4,2,4,CR-694,NA,1,40.99832778,-74.30750556,0,9,0,0,1,1,0,1,4,1,0,1,0,0,99,99,99,99,99,99,0,0,0,1,0
34,340418,0,1,6,15,1,0,0,0,0,970,7,3,77,9,7,9,7,7,7,7,0,990,34,1,1,0,2,2,1,1,17,1520,18,10,2017,4,14,30,9,2,7,4,6,SECAUCUS RD,LEONARD AVE,0,40.75862778,-74.05215278,0,9,0,0,3,3,0,1,1,1,0,1,0,0,99,99,99,99,99,99,0,0,0,2,0
34,340418,0,2,6,16,1,0,0,0,0,970,7,3,77,9,7,9,7,7,7,7,0,990,34,1,1,0,2,2,1,1,17,1520,18,10,2017,4,14,30,9,2,7,4,6,SECAUCUS RD,LEONARD AVE,0,40.75862778,-74.05215278,0,9,0,0,3,3,0,1,1,1,0,1,0,0,99,99,99,99,99,99,0,0,0,2,0
34,340419,0,1,6,61,1,1,1,0,0,153,7,1,77,1,7,1,7,7,7,7,0,158,34,1,1,0,1,1,3,3,29,1590,9,10,2017,2,15,20,1,2,3,1,3,SR-70,BUCKINGHAM DR,522,40.05305556,-74.17886111,0,9,0,0,2,2,0,1,1,10,0,10,0,0,99,99,99,99,88,88,0,0,0,1,0
34,340439,0,1,6,45,2,0,0,0,0,980,7,9,77,9,7,9,7,7,7,7,0,990,34,1,1,0,1,1,1,1,25,1760,2,10,2017,2,15,0,0,2,7,4,6,WEST END AVE,SAIRS AVE,0,40.285825,-73.98819167,0,9,0,0,2,2,0,1,1,1,0,1,1,0,99,99,99,99,99,99,0,0,0,1,0
34,340448,0,1,6,16,1,0,0,0,0,217,7,1,77,3,7,1,7,7,7,7,0,215,34,1,1,0,1,1,2,2,17,3410,4,10,2017,4,19,30,0,2,5,4,6,PALISADES AVE,31ST ST,0,40.770525,-74.02726944,0,9,0,0,2,2,0,1,3,1,0,1,0,0,99,99,99,99,88,88,0,0,0,1,0
34,340483,0,1,6,75,1,0,0,0,0,221,7,3,77,1,7,1,7,7,7,7,0,220,34,1,1,0,1,1,1,1,35,425,4,10,2017,4,15,59,0,2,4,2,4,CR-614 EASTON TURNPIKE,NA,99999,99.9999,999.9999,0,9,0,0,1,1,0,1,1,1,0,1,0,0,99,99,99,99,99,99,0,0,0,1,0
34,340566,0,1,6,54,1,0,0,0,0,239,7,3,77,1,7,1,7,7,7,7,0,230,34,1,1,0,1,1,1,1,3,3480,7,11,2017,3,21,10,0,2,4,2,4,CR-120 PATERSON AVE,NA,7,40.84659167,-74.11086111,0,9,0,0,1,1,0,1,3,2,0,2,0,0,99,99,99,99,99,99,0,0,0,1,0
35,350189,0,1,6,34,1,0,1,0,0,180,7,1,77,1,7,2,7,7,7,7,0,190,35,1,1,0,1,1,1,1,1,30,14,7,2017,6,20,39,0,2,7,4,9,EDITH BLVD NE,HANNETT AVE NE,0,35.10107778,-106.6380139,0,9,0,0,2,3,0,1,3,1,0,1,0,0,20,43,20,48,20,57,0,0,0,1,0
35,350288,0,1,6,49,1,1,1,0,0,280,7,2,77,1,7,1,7,7,7,7,0,290,35,1,1,0,1,1,1,1,1,30,23,10,2017,2,16,36,0,2,4,4,6,4TH ST NW,CUTLER AVE NW,0,35.107675,-106.6471417,0,9,0,0,3,3,0,1,1,1,0,1,0,0,16,39,16,43,16,54,0,0,0,1,0
36,360016,0,1,6,69,1,0,1,1,0,280,7,3,77,1,7,1,7,7,7,7,0,290,36,1,1,0,1,1,2,2,47,4170,9,1,2017,2,16,42,0,2,7,4,6,AVE X,NA,0,40.59159722,-73.96100556,0,9,0,0,1,1,0,1,3,10,0,10,0,0,99,99,99,99,99,99,0,0,0,1,0
36,360100,0,1,6,76,1,1,1,0,0,970,7,1,77,1,7,9,7,7,7,7,0,990,36,1,1,0,1,1,1,1,81,4170,3,3,2017,6,17,30,0,2,7,4,6,COLDEN ST,ELDER AVE,0,40.75179722,-73.82424722,0,9,0,0,2,2,0,1,1,1,0,1,0,0,17,25,17,30,17,40,0,0,0,1,0
36,360112,0,1,6,74,1,0,1,0,0,221,7,3,77,1,7,1,7,7,7,7,0,220,36,1,1,0,1,1,1,1,59,4090,15,2,2017,4,1,20,0,2,7,3,5,NEW HYDE PARK RD,NA,0,40.75383611,-73.68741111,0,9,0,0,1,1,0,1,3,1,0,1,0,0,99,99,99,99,99,99,0,0,0,1,0
36,360116,0,1,6,14,1,1,0,0,0,211,7,1,77,3,7,1,7,7,7,7,0,210,36,1,1,0,1,1,1,1,103,705,24,2,2017,6,17,2,1,2,3,1,3,SR-25A,MILLER PLACE RD,0,40.941675,-72.98792778,0,9,0,0,3,2,0,1,1,1,0,1,0,0,99,99,99,99,99,99,0,0,0,1,0
36,360187,0,1,6,18,1,0,0,0,0,160,7,2,77,1,7,3,7,7,7,7,0,190,36,1,1,0,1,1,2,2,89,3900,18,4,2017,3,12,2,0,1,7,3,4,CR-6 BLACK LAKE RD,SR-5 BLACK LAKE BRIER HILL,0,44.52254444,-75.59305278,0,9,0,0,3,3,0,1,1,1,0,1,0,0,12,2,12,18,88,88,0,0,0,1,0
36,360227,0,1,6,48,1,1,1,0,0,212,7,1,77,1,7,1,7,7,7,7,0,210,36,1,1,0,1,1,1,1,5,4170,24,4,2017,2,23,8,0,2,7,4,6,E 180TH ST,SOUTHERN BLVD,0,40.84601111,-73.88443889,0,9,0,0,2,2,0,1,3,2,0,2,0,0,99,99,99,99,99,99,0,0,0,1,0
36,360237,0,1,6,31,2,1,1,0,0,211,7,1,77,2,7,1,7,7,7,7,0,210,36,1,1,0,1,1,1,1,61,4170,5,4,2017,4,7,19,1,2,3,4,6,1ST AVE,E 9TH ST,0,40.72818611,-73.98491667,0,9,0,0,2,2,0,1,1,10,0,10,0,0,99,99,99,99,99,99,0,0,0,1,0
36,360246,0,1,6,74,1,0,1,0,0,800,7,2,77,2,7,1,7,7,7,7,0,850,36,2,2,0,1,1,3,3,61,4170,4,5,2017,5,18,0,0,2,7,4,6,E 20TH ST,PARK AVE S,0,40.73820833,-73.98748056,0,9,0,0,3,2,0,1,1,1,0,1,0,0,99,99,99,99,99,99,0,0,0,1,0
36,360331,0,1,6,36,1,0,1,0,0,280,7,3,77,1,7,1,7,7,7,7,0,290,36,1,1,0,1,1,1,1,61,4170,12,6,2017,2,8,15,0,2,6,4,6,W 26TH ST,NA,0,40.74433889,-73.99025556,0,9,0,0,1,1,0,1,1,1,0,1,0,0,99,99,99,99,99,99,0,0,0,1,0
36,360341,0,1,6,80,1,1,1,0,0,213,7,1,77,1,7,1,7,7,7,7,0,215,36,1,1,0,1,1,1,1,61,4170,17,6,2017,7,13,36,0,2,7,4,6,7TH AVE,W 29TH ST,0,40.74785556,-73.99291389,0,9,0,0,2,2,0,1,1,10,0,10,0,0,99,99,99,99,99,99,0,0,0,1,0
36,360353,0,1,6,17,1,1,1,0,0,155,7,1,77,1,7,1,7,7,7,7,0,158,36,1,1,0,1,1,1,1,61,4170,29,6,2017,5,0,7,1,2,3,4,6,10TH AVE,W 55TH ST,0,40.76781389,-73.98951944,0,9,0,0,2,2,0,1,3,1,0,1,0,0,99,99,99,99,99,99,16,0,0,1,0
36,360363,0,1,6,15,1,0,0,0,0,250,7,3,77,1,7,1,7,7,7,7,0,258,36,1,1,0,1,1,1,1,13,2150,27,6,2017,3,13,20,1,1,3,1,2,US-20 W MAIN ST,NA,0,42.40861111,-79.40075833,0,9,0,0,1,1,0,1,1,10,0,10,0,0,13,25,13,30,14,42,0,0,0,1,0
36,360367,0,1,6,32,1,1,1,0,0,155,7,1,77,1,7,1,7,7,7,7,0,158,36,1,1,0,1,1,1,1,47,4170,30,6,2017,6,3,28,0,2,7,4,6,CENTRAL AVE,LINDEN ST,0,40.69431667,-73.91851667,0,9,0,0,2,2,0,1,3,1,0,1,0,0,99,99,99,99,99,99,0,0,0,1,0
36,360401,0,1,6,47,1,1,1,0,0,144,7,1,77,1,7,1,7,7,7,7,0,145,36,1,1,0,1,1,8,8,47,4170,11,7,2017,3,17,49,0,2,4,4,6,ATLANTIC AVE,ROCHESTER AVE,0,40.67716111,-73.92754722,0,9,0,0,2,2,0,1,1,1,0,1,0,0,99,99,99,99,18,10,0,0,0,1,0
36,360424,0,1,6,42,1,1,1,0,0,144,7,1,77,1,7,1,7,7,7,7,0,145,36,1,1,0,1,1,2,2,1,50,22,7,2017,7,15,1,0,2,4,4,3,SR-32 N PEARL ST,WILSON ST,0,42.65623333,-73.74970556,0,9,0,0,2,2,0,1,1,1,0,1,0,0,15,1,15,5,99,99,0,0,0,1,0
36,360425,0,1,6,27,1,1,1,0,0,158,7,1,77,1,7,1,7,7,7,7,0,190,36,1,1,0,1,1,1,1,47,4170,22,7,2017,7,0,26,0,2,4,4,6,FRANKLIN ST,NOBLE ST,0,40.72843611,-73.95737222,0,9,0,0,2,2,0,1,3,1,0,1,0,0,99,99,99,99,88,88,0,0,0,1,0
36,360429,0,1,6,48,1,1,1,0,0,158,7,1,77,1,7,9,7,7,7,7,0,190,36,1,1,0,1,1,1,1,59,2600,16,7,2017,1,22,1,1,2,3,1,3,SR-24,HENDRICKSON AVE,0,40.71159722,-73.61057222,0,9,0,0,2,3,0,1,3,1,0,1,0,0,22,2,22,10,22,22,0,0,0,1,0
36,360488,0,1,6,16,1,0,0,0,0,232,7,3,77,2,7,1,7,7,7,7,0,230,36,1,1,0,1,1,1,1,91,9997,15,8,2017,3,6,40,1,1,3,1,3,SR-32 GANSVOORT RD,NA,0,43.22015278,-73.64204167,0,9,0,0,1,1,0,2,1,1,0,1,0,0,6,40,6,46,99,99,0,0,0,2,0
36,360503,0,1,6,69,1,1,1,0,0,212,7,1,77,1,7,2,7,7,7,7,0,210,36,1,1,0,1,1,1,1,47,4170,14,8,2017,2,7,30,0,2,6,4,6,BEVERLEY RD,E 7TH ST,0,40.64345,-73.97274167,0,9,0,0,2,2,0,1,1,1,0,1,0,0,99,99,99,99,99,99,0,0,0,1,0
36,360521,0,1,6,68,1,0,0,0,0,318,7,3,77,1,7,2,7,7,7,7,0,310,36,1,1,0,1,1,1,1,79,630,25,8,2017,6,9,10,0,1,4,1,2,US-6,NA,0,41.39189167,-73.59355,0,9,0,0,1,1,0,1,1,1,0,1,0,0,9,10,9,15,99,99,0,0,0,1,0
36,360536,0,1,6,28,1,1,1,0,0,155,7,2,77,1,7,1,7,7,7,7,0,158,36,1,1,0,1,1,4,4,47,4170,1,9,2017,6,18,17,0,2,7,4,6,QUENTIN RD,OCEAN PKWY,0,40.60726667,-73.96698056,0,9,0,0,2,2,0,1,1,1,0,1,0,0,99,99,99,99,99,99,0,0,0,1,0
36,360558,0,1,6,58,1,1,1,0,0,180,7,1,77,3,7,2,7,7,7,7,0,190,36,1,1,0,1,1,2,2,103,360,24,8,2017,5,16,10,1,2,3,1,3,SR-27 SUNRISE HWY,ALBANY AVE,0,40.68785278,-73.41365833,0,9,0,0,2,2,0,1,1,1,0,1,0,0,99,99,99,99,88,88,0,0,0,1,0
36,360562,0,1,6,24,1,0,1,0,0,222,7,2,77,1,7,1,7,7,7,7,0,220,36,1,1,0,1,1,1,1,67,6010,22,8,2017,3,21,22,0,2,7,4,6,S SALINA ST,TALLMAN ST,0,43.03645,-76.14959167,0,9,0,0,3,3,0,1,3,10,0,10,0,0,21,24,21,25,21,32,0,0,0,1,0
36,360576,0,1,6,50,2,1,1,0,0,250,7,2,77,1,7,2,7,7,7,7,0,258,36,1,1,0,1,1,1,1,59,3360,14,9,2017,5,18,25,0,1,7,4,6,W BEECH ST,GEORGIA AVE,0,40.58602778,-73.69821944,0,9,0,0,3,2,0,1,1,1,0,1,0,0,18,26,18,30,18,42,0,0,0,1,0
36,360578,0,1,6,48,2,1,1,0,0,213,7,2,77,1,7,1,7,7,7,7,0,215,36,1,1,0,1,1,1,1,61,4170,14,9,2017,5,17,45,0,2,7,4,6,BROADWAY,WALKER ST,0,40.71858611,-74.00254167,0,9,0,0,2,2,0,1,1,1,0,1,0,0,99,99,99,99,99,99,0,0,0,1,0
36,360583,0,1,6,41,1,0,0,0,0,280,7,3,77,1,7,2,7,7,7,7,0,290,36,1,1,0,1,1,1,1,111,1885,14,9,2017,5,19,28,0,1,7,2,4,CR-25,NA,0,41.90201111,-74.00337778,0,9,0,0,1,1,0,1,3,2,0,2,0,0,19,35,19,40,20,1,0,0,0,1,1
36,360607,0,1,6,29,1,1,1,0,0,213,7,2,77,1,7,1,7,7,7,7,0,215,36,1,1,0,1,1,1,1,71,3730,21,9,2017,5,12,16,0,2,7,4,6,NORTH ST,SR-211 WICKHAM AVE,0,41.45034444,-74.41739167,0,9,0,0,3,2,0,1,1,1,0,1,0,0,12,16,12,17,12,43,0,0,0,1,0
36,360618,0,1,6,22,1,1,1,0,0,155,7,1,77,1,7,1,7,7,7,7,0,158,36,1,1,0,1,1,1,1,47,4170,30,9,2017,7,8,29,0,2,7,4,6,NOSTRAND AVE,CHURCH AVE,0,40.65082222,-73.94958333,0,9,0,0,2,2,0,1,1,1,0,1,0,0,99,99,99,99,99,99,0,0,0,1,0
36,360634,0,1,6,53,1,0,1,0,0,148,7,1,77,1,7,2,7,7,7,7,0,190,36,1,1,0,1,1,1,1,59,2600,25,9,2017,2,21,2,0,2,7,3,5,BALDWIN RD,WINDSOR PKWY,0,40.69276111,-73.61355833,0,9,0,0,2,2,0,1,2,1,0,1,0,0,21,3,21,10,99,99,0,0,0,1,0
36,360642,0,1,6,52,1,0,1,0,0,160,7,1,77,1,7,2,7,7,7,7,0,190,36,1,1,0,1,1,1,1,59,4090,5,10,2017,5,10,12,0,2,7,3,5,GLEN COVE RD,DOW AVE,0,40.750475,-73.61821944,0,9,0,0,2,3,0,1,1,1,0,1,0,0,10,12,10,20,10,35,0,0,0,1,0
36,360648,0,1,6,9,1,0,1,0,0,318,7,3,77,1,7,3,7,7,7,7,0,310,36,1,1,0,1,1,3,3,29,750,10,9,2017,1,15,41,0,2,7,4,6,BUSTI AVE,NA,0,42.89885,-78.89317222,0,9,0,0,1,1,0,1,1,1,0,1,0,0,99,99,99,99,99,99,0,0,0,1,0
36,360649,0,1,6,6,1,0,1,0,0,610,7,3,77,3,7,3,7,7,7,7,0,600,36,1,1,0,1,1,2,2,65,6220,2,8,2017,4,17,37,0,2,7,4,6,BOYCE AVE,NA,0,43.08538333,-75.24389444,0,9,0,0,4,1,0,1,1,1,0,1,0,0,17,37,17,39,17,45,0,0,0,1,0
36,360693,0,1,6,18,1,0,1,0,0,111,7,2,77,1,7,2,7,7,7,7,0,110,36,1,1,0,1,1,1,1,29,1117,11,8,2017,6,0,7,0,2,7,3,5,SHANLEY ST,RICHARD DR,0,42.882625,-78.79904167,0,9,0,0,3,2,0,1,3,1,0,1,0,0,0,8,0,9,0,25,0,0,0,1,1
36,360708,0,1,6,26,1,0,0,0,0,970,7,3,77,1,7,9,7,7,7,7,0,990,36,1,1,0,1,1,2,2,103,5270,8,9,2017,6,20,30,0,1,7,3,5,RAILROAD AVE,NA,0,40.80633889,-73.10199444,0,9,0,0,1,1,0,1,2,1,0,1,0,0,99,99,99,99,99,99,0,0,0,1,0
36,360711,0,1,6,30,1,1,0,0,0,250,7,2,77,1,7,2,7,7,7,7,0,258,36,1,1,0,1,1,1,1,1,50,19,10,2017,5,5,33,0,2,7,4,6,WASHINGTON AVE EXT,SPRINGSTREEN RD,0,42.69606667,-73.84963056,0,9,0,0,3,2,0,1,1,1,0,1,0,0,5,33,5,38,5,47,0,0,0,1,0
36,360734,0,1,6,66,1,0,1,0,0,180,7,2,77,1,7,2,7,7,7,7,0,190,36,1,1,0,1,1,1,1,103,2920,12,9,2017,3,19,31,0,2,7,3,5,WICKS RD,WILLIAM ST,0,40.78635833,-73.26325556,0,9,0,0,3,3,0,1,3,1,0,1,0,0,99,99,99,99,99,99,0,0,0,1,0
36,360760,0,1,6,24,1,0,1,0,0,239,7,2,77,1,7,1,7,7,7,7,0,230,36,1,1,0,1,1,2,2,61,4170,10,10,2017,3,22,16,0,2,7,4,6,AMSTERDAM AVE,W 72ND ST,0,40.77867222,-73.98156944,0,9,0,0,3,2,0,1,3,1,0,1,0,0,99,99,99,99,99,99,0,0,0,1,0
36,360790,0,1,6,64,1,0,0,0,0,239,7,3,77,1,7,1,7,7,7,7,0,230,36,1,1,0,1,1,1,1,65,9997,9,11,2017,5,12,13,0,1,7,2,4,CR-32,NA,0,99.9999,999.9999,0,9,0,0,1,1,0,1,1,1,0,1,0,0,12,13,12,15,12,40,0,0,0,1,0