STATE.x,ST_CASE,VEH_NO,PER_NO,PBPTYPE,PBAGE,PBSEX,PBCWALK,PBSWALK,PBSZONE,PEDCTYPE,BIKECTYPE,PEDLOC,BIKELOC,PEDPOS,BIKEPOS,PEDDIR,BIKEDIR,MOTDIR,MOTMAN,PEDLEG,PEDSNR,PEDCGP,BIKECGP,STATE.y,VE_TOTAL,VE_FORMS,PVH_INVL,PEDS,PERNOTMVIT,PERMVIT,PERSONS,COUNTY,CITY,DAY,MONTH,YEAR,DAY_WEEK,HOUR,MINUTE,NHS,RUR_URB,FUNC_SYS,RD_OWNER,ROUTE,TWAY_ID,TWAY_ID2,MILEPT,LATITUDE,LONGITUD,SP_JUR,HARM_EV,MAN_COLL,RELJCT1,RELJCT2,TYP_INT,WRK_ZONE,REL_ROAD,LGT_COND,WEATHER1,WEATHER2,WEATHER,SCH_BUS,RAIL,NOT_HOUR,NOT_MIN,ARR_HOUR,ARR_MIN,HOSP_HR,HOSP_MN,CF1,CF2,CF3,FATALS,DRUNK_DR
36,360797,0,1,6,84,1,1,1,0,0,144,7,1,77,1,7,1,7,7,7,7,0,145,36,1,1,0,1,1,1,1,81,4170,17,11,2017,6,14,43,0,2,7,4,6,FLEET ST,ALDERTON ST,0,40.71955278,-73.85913056,0,9,0,0,2,2,0,1,1,1,0,1,0,0,99,99,99,99,99,99,0,0,0,1,0
36,360798,0,1,6,14,1,1,1,0,0,155,7,1,77,1,7,1,7,7,7,7,0,158,36,1,1,0,1,1,5,5,47,4170,25,11,2017,7,17,42,0,2,7,4,5,5TH AVE,23RD ST,0,40.66020278,-73.99458611,0,9,0,0,2,2,0,1,3,1,0,1,0,0,99,99,99,99,99,99,0,0,0,1,0
36,360822,0,1,6,67,1,0,1,0,0,180,7,1,77,1,7,2,7,7,7,7,0,190,36,1,1,0,1,1,1,1,61,4170,28,11,2017,3,13,49,0,2,4,4,6,11TH AVE,W 30TH ST,0,40.75328611,-74.00383056,0,9,0,0,2,2,0,1,1,1,0,1,0,0,99,99,99,99,99,99,0,0,0,1,0
36,360827,0,1,6,23,1,0,1,0,0,213,7,1,77,1,7,1,7,7,7,7,0,215,36,1,1,0,1,1,1,1,81,4170,18,12,2017,2,7,47,0,2,7,4,6,48TH ST,I-495 LONG ISLAND EXPRESSWAY,0,40.73223889,-73.91912778,0,9,0,0,2,2,0,1,1,10,0,10,0,0,7,48,7,53,8,11,0,0,0,1,0
36,360844,0,1,6,40,1,0,0,0,0,235,7,3,77,1,7,1,7,7,7,7,0,230,36,1,1,0,1,1,2,2,111,5280,23,11,2017,5,18,14,0,1,7,2,4,CR-1,NA,0,99.9999,999.9999,0,9,0,0,1,1,0,1,2,1,0,1,0,0,18,14,18,21,18,57,0,0,0,1,0
36,360845,0,1,6,30,1,1,1,0,0,235,7,2,77,1,7,1,7,7,7,7,0,230,36,1,1,0,1,1,1,1,47,4170,19,12,2017,3,11,50,0,2,3,4,6,METROPOLITAN AVE,GRAHAM AVE,0,40.71455833,-73.94428333,0,9,0,0,3,2,0,1,1,1,0,1,0,0,99,99,99,99,99,99,0,0,0,1,0
36,360884,0,1,6,55,2,0,1,0,0,239,7,2,77,1,7,1,7,7,7,7,0,230,36,1,1,0,4,4,1,1,47,4170,10,9,2017,1,9,6,0,2,7,4,6,12TH AVE,39TH ST,0,40.64199722,-73.98841389,0,9,0,0,3,2,0,1,1,1,0,1,0,0,99,99,99,99,99,99,0,0,0,1,1
36,360884,0,2,6,31,1,0,1,0,0,239,7,2,77,1,7,1,7,7,7,7,0,230,36,1,1,0,4,4,1,1,47,4170,10,9,2017,1,9,6,0,2,7,4,6,12TH AVE,39TH ST,0,40.64199722,-73.98841389,0,9,0,0,3,2,0,1,1,1,0,1,0,0,99,99,99,99,99,99,0,0,0,1,1
36,360884,0,3,6,60,2,0,1,0,0,239,7,2,77,1,7,1,7,7,7,7,0,230,36,1,1,0,4,4,1,1,47,4170,10,9,2017,1,9,6,0,2,7,4,6,12TH AVE,39TH ST,0,40.64199722,-73.98841389,0,9,0,0,3,2,0,1,1,1,0,1,0,0,99,99,99,99,99,99,0,0,0,1,1
36,360884,0,4,6,35,1,0,1,0,0,239,7,2,77,1,7,1,7,7,7,7,0,230,36,1,1,0,4,4,1,1,47,4170,10,9,2017,1,9,6,0,2,7,4,6,12TH AVE,39TH ST,0,40.64199722,-73.98841389,0,9,0,0,3,2,0,1,1,1,0,1,0,0,99,99,99,99,99,99,0,0,0,1,1
36,360898,0,1,6,62,1,0,0,0,0,970,7,3,77,1,7,9,7,7,7,7,0,990,36,1,1,0,1,1,1,1,103,705,18,11,2017,7,18,37,0,2,7,3,5,FALCON AVE,NA,0,40.77392222,-73.00287778,0,9,0,0,1,1,0,1,2,2,0,2,0,0,99,99,99,99,88,88,0,0,0,1,0
37,370014,0,1,6,40,1,9,9,9,0,970,7,1,77,1,7,9,7,7,7,7,0,990,37,1,1,0,1,1,1,1,47,5020,16,1,2017,2,18,15,0,2,7,98,6,S J K POWELL,W HAY ST,0,34.30891111,-78.71524167,0,9,0,0,2,2,0,1,2,1,0,1,0,0,18,17,18,22,88,88,0,0,0,1,0
37,370056,0,1,6,34,1,0,0,0,0,231,7,3,77,1,7,1,7,7,7,7,0,230,37,1,1,0,1,1,1,1,119,870,23,1,2017,2,18,49,0,2,7,4,6,MONROE RD,NA,99999,35.19161389,-80.77744167,0,9,0,0,1,1,0,1,3,5,2,2,0,0,18,48,18,55,88,88,0,0,0,1,1
37,370065,0,1,6,24,2,0,0,0,0,231,7,3,77,1,7,1,7,7,7,7,0,230,37,1,1,0,1,1,1,1,129,5060,20,1,2017,6,2,9,0,2,7,4,6,SHIPYARD BLVD,NA,99999,34.19429444,-77.91491389,0,9,0,0,1,1,0,1,2,1,0,1,0,0,2,9,2,11,2,27,0,0,0,1,0
37,370146,0,1,6,47,1,0,0,0,0,970,7,3,77,1,7,1,7,7,7,7,0,990,37,2,2,0,1,1,2,2,81,2170,20,2,2017,2,23,11,1,2,1,1,1,I-85 B,NA,0,35.91586667,-80.00040278,0,9,0,0,5,1,0,1,2,1,0,1,0,0,99,99,99,99,99,99,0,0,0,1,0
37,370170,0,1,6,28,1,0,0,0,0,231,7,3,77,1,7,1,7,7,7,7,0,230,37,1,1,0,1,1,1,1,119,870,10,2,2017,6,23,52,0,2,7,98,6,WILKINSON BLVD,NA,0,35.22521111,-80.86355278,0,9,0,0,1,1,0,1,3,1,0,1,0,0,23,50,23,56,23,59,0,0,0,1,1
37,370194,0,1,6,51,1,0,0,0,0,232,7,3,77,1,7,1,7,7,7,7,0,230,37,1,1,0,1,1,1,1,155,0,10,2,2017,6,6,15,0,1,3,98,3,SR-41,NA,0,34.63501111,-78.98647778,0,9,0,0,1,1,0,1,2,1,0,1,0,0,99,99,99,99,99,99,0,0,0,1,0
37,370301,0,1,6,55,1,9,9,0,0,155,7,1,77,1,7,1,7,7,7,7,0,158,37,1,1,0,1,1,1,1,183,3750,20,3,2017,2,6,54,0,2,7,4,6,TRINITY RD,CORPORATE CENTER DR,99999,35.80324167,-78.73436389,0,9,0,1,2,2,0,1,2,1,0,1,0,0,6,54,6,59,88,88,0,0,0,1,0
37,370368,0,1,6,60,1,9,9,0,0,318,7,3,77,1,7,2,7,7,7,7,0,310,37,1,1,0,1,1,1,1,119,870,30,4,2017,1,15,44,0,2,7,98,6,SCOTT FUTRELL DR,NA,0,35.23871111,-80.92200278,0,9,0,0,1,1,0,1,1,1,0,1,0,0,15,43,15,46,16,14,0,0,0,1,0
37,370475,0,1,6,24,2,1,0,0,0,970,7,2,77,3,7,1,7,7,7,7,0,990,37,1,1,0,1,1,1,1,129,5060,15,5,2017,2,17,52,0,2,7,4,6,S 17TH ST,NA,99998,34.175688890000004,-77.89431111,0,9,0,0,1,1,0,1,1,1,0,1,0,0,17,54,18,2,88,88,0,0,0,1,0
37,370484,0,1,6,70,1,0,0,0,0,970,7,3,77,1,7,1,7,7,7,7,0,990,37,1,1,0,1,1,1,1,155,3510,5,5,2017,6,15,23,0,1,3,1,2,US-301,NA,99998,34.88311389,-78.97546111,0,9,0,0,1,1,0,1,1,1,0,1,0,0,15,19,15,32,16,0,0,0,0,1,0
37,370488,0,1,6,57,1,0,0,9,0,239,7,3,77,1,7,1,7,7,7,7,0,230,37,1,1,0,1,1,1,1,155,0,19,5,2017,6,14,7,0,1,3,3,3,SR-41,NA,0,34.63372222,-78.99032222,0,9,0,0,1,1,0,1,1,1,0,1,0,0,14,6,14,12,15,30,0,0,0,1,0
37,370519,0,1,6,68,2,9,9,9,0,232,7,3,77,1,7,1,7,7,7,7,0,230,37,1,1,0,1,1,2,2,103,0,28,5,2017,1,17,54,0,1,3,3,3,SR-1002,NA,0,35.19710833,-77.49040278,0,9,0,0,1,1,0,1,1,1,0,1,0,0,17,49,17,56,99,99,0,0,0,1,0
37,370523,0,1,6,56,1,9,9,9,0,232,7,3,77,1,7,1,7,7,7,7,0,230,37,1,1,0,1,1,1,1,193,0,29,5,2017,2,18,27,0,1,3,3,3,SR-268,NA,0,36.14613056,-81.16015,0,9,0,0,1,1,0,1,1,1,0,1,0,0,18,23,18,33,19,28,0,0,0,1,0
37,370580,0,1,6,59,1,0,0,0,0,123,7,1,77,1,7,2,7,7,7,7,0,110,37,1,1,0,1,1,1,1,129,5060,31,5,2017,4,16,13,0,2,7,4,6,QUEEN ST,17ST ST,99998,34.228266669999996,-77.92659722,0,9,0,0,2,2,0,1,1,1,0,1,0,0,16,13,16,15,16,27,0,0,0,1,0
37,370605,0,1,6,25,1,0,0,0,0,970,7,2,77,1,7,9,7,7,7,7,0,990,37,1,1,0,1,1,1,1,81,1940,24,6,2017,7,1,43,0,2,7,98,6,WARREN ST,SHERWOOD ST,0,36.06548333,-79.81900556,0,9,0,0,3,3,0,1,3,2,0,2,0,0,1,44,1,50,2,11,0,0,0,1,1
37,370613,0,1,6,29,1,9,9,9,0,239,7,3,77,1,7,9,7,7,7,7,0,230,37,1,1,0,1,1,1,1,119,870,9,6,2017,6,0,50,0,2,7,98,6,MATHESON AV,NA,0,35.24736111,-80.81435556,0,9,0,0,1,1,0,1,3,1,0,1,0,0,0,50,0,57,1,13,0,0,0,1,1
37,370700,0,1,6,62,1,9,9,0,0,212,7,1,77,1,7,2,7,7,7,7,0,210,37,1,1,0,1,1,2,2,149,0,1,7,2017,7,9,34,1,1,3,1,2,US-176,SR-1102,0,35.20738611,-82.23747222,0,9,0,0,2,3,0,1,1,1,0,1,0,0,99,99,99,99,99,99,0,0,0,1,0
37,370703,0,1,6,17,1,9,9,0,0,221,7,3,77,1,7,1,7,7,7,7,0,220,37,1,1,0,1,1,2,2,155,2770,20,7,2017,5,12,49,0,2,7,98,6,7TH ST,NA,0,34.62095833,-78.9731,0,9,0,0,1,1,0,1,1,1,0,1,0,0,12,51,12,54,13,37,0,0,0,1,0
37,370730,0,1,6,61,1,0,1,0,0,980,7,9,77,9,7,9,7,7,7,7,0,990,37,1,1,0,1,1,1,1,19,2584,4,7,2017,3,19,25,1,2,2,2,2,US-17,NA,99998,34.22353611,-78.01360556,0,9,0,0,1,1,0,6,5,1,0,1,0,0,99,99,99,99,88,88,0,0,0,1,0
37,370731,0,1,6,17,1,0,0,0,0,232,7,3,77,1,7,1,7,7,7,7,0,230,37,1,1,0,1,1,1,1,19,4160,19,7,2017,4,12,12,0,2,7,4,6,CIVIETOWN RD SW,NA,99998,33.97078889,-78.33307222,0,9,0,0,1,1,0,1,1,1,0,1,0,0,12,7,12,22,88,88,0,0,0,1,1
37,370790,0,1,6,53,1,0,0,0,0,232,7,3,77,1,7,1,7,7,7,7,0,230,37,1,1,0,1,1,1,1,85,0,3,8,2017,5,8,10,0,1,3,98,3,SR-1291,NA,0,35.40060278,-78.84794167,0,9,0,0,1,1,0,1,1,1,0,1,0,0,8,10,8,18,8,39,0,0,0,1,0
37,370834,0,1,6,16,1,0,0,0,0,239,7,3,77,1,7,1,7,7,7,7,0,230,37,1,1,0,1,1,1,1,183,0,3,8,2017,5,23,2,0,2,4,98,4,CR-1007,NA,99999,35.77511111,-78.39841944,0,9,0,0,1,1,0,1,2,1,0,1,0,0,22,52,23,9,23,24,0,0,0,1,0
37,370980,0,1,6,81,1,0,0,0,0,239,7,1,77,1,7,1,7,7,7,7,0,230,37,1,1,0,1,1,2,2,29,0,15,10,2017,1,17,31,1,1,3,1,2,US-17,SR-1225,0,36.47115833,-76.33790278,0,9,0,0,2,3,0,1,1,1,0,1,0,0,17,25,17,26,88,88,0,0,0,1,0
37,371072,0,1,6,44,1,0,0,0,0,111,7,1,77,1,7,2,7,7,7,7,0,110,37,1,1,0,1,1,1,1,161,1680,2,10,2017,2,19,49,0,2,7,98,6,WEST MAIN DR EXT,WEST MAIN DR,0,35.34340556,-81.88339167,0,9,0,0,2,4,0,1,2,1,0,1,0,0,99,99,99,99,99,99,0,0,0,1,0
37,371094,0,1,6,65,1,0,0,0,0,231,7,3,77,1,7,1,7,7,7,7,0,230,37,1,1,0,1,1,1,1,125,0,17,10,2017,3,17,17,0,1,5,98,3,SR-705,NA,99999,35.40141667,-79.57708056,0,9,0,0,1,1,0,1,5,1,0,1,0,0,99,99,99,99,99,99,0,0,0,1,0
37,371206,0,1,6,67,1,9,9,0,0,970,7,3,77,1,7,3,7,7,7,7,0,990,37,1,1,0,1,1,2,2,195,5070,20,11,2017,2,16,2,0,2,7,98,6,PIKE ST,NA,0,35.71788333,-77.93836389,0,9,0,0,1,1,0,1,1,1,0,1,0,0,16,4,16,7,16,49,0,0,0,1,0
37,371209,0,1,6,60,1,0,0,0,0,239,7,3,77,1,7,1,7,7,7,7,0,230,37,1,1,0,1,1,1,1,141,690,30,10,2017,2,16,14,0,1,7,98,4,CR-1343,NA,99999,34.55286667,-77.94511389,0,53,0,0,1,1,0,4,1,1,0,1,0,0,16,14,16,20,16,32,0,0,0,1,0
37,371245,0,1,6,67,1,0,0,0,0,239,7,3,77,1,7,1,7,7,7,7,0,230,37,1,1,0,1,1,1,1,63,1360,13,12,2017,4,22,52,0,2,3,4,7,GARRETT RD,NA,99998,35.94646389,-78.96830278,0,9,0,0,1,1,0,1,2,1,0,1,0,0,22,53,23,4,23,27,0,0,0,1,0
37,371281,0,1,6,57,1,1,9,0,0,180,7,1,77,3,7,9,7,7,7,7,0,190,37,1,1,0,1,1,1,1,119,870,24,12,2017,1,14,28,0,2,7,98,6,PINEVILLE MATTHEWS RD,JOHNSTON RD,0,35.08755556,-80.85283889,0,9,0,0,2,2,0,1,1,1,0,1,0,0,14,28,14,32,88,88,0,0,0,1,0
38,380057,0,1,6,14,2,0,0,0,0,259,7,3,77,1,7,2,7,7,7,7,0,258,38,1,1,0,1,1,1,1,73,0,20,7,2017,5,8,52,0,1,7,2,4,CR-68TH ST SE,NA,0,46.42743611,-97.66357778,0,9,0,0,1,1,0,1,1,1,0,1,0,0,8,55,9,3,88,88,0,0,0,1,0
38,380084,0,1,6,19,1,1,1,9,0,970,7,1,77,3,7,3,7,7,7,7,0,990,38,1,1,0,1,1,1,1,17,1020,19,9,2017,3,21,13,0,2,3,4,6,45TH ST S,17TH AVE S,99998,46.85457222,-96.8619,0,9,0,1,2,2,0,1,2,10,2,2,0,0,21,18,21,20,21,50,0,0,0,1,0
39,390006,0,1,6,47,1,0,0,0,0,239,7,3,77,1,7,1,7,7,7,7,0,230,39,1,1,0,1,1,2,2,113,0,1,1,2017,1,2,40,0,2,4,2,6,WAGNER FORD RD,NA,0,39.82233889,-84.16681389,0,9,0,0,1,1,0,1,2,1,0,1,0,0,2,44,2,50,88,88,0,0,0,1,0
39,390009,0,1,6,46,1,0,0,0,0,280,7,3,77,1,7,2,7,7,7,7,0,290,39,1,1,0,1,1,1,1,157,0,5,1,2017,5,4,38,0,1,7,3,5,TR-72,NA,0,40.57571111,-81.62732222,0,9,0,0,1,1,0,1,2,10,0,10,0,0,4,39,4,47,5,25,0,0,0,1,0
39,390012,0,1,6,35,1,0,1,0,0,222,7,3,77,1,7,2,7,7,7,7,0,220,39,2,2,0,1,1,2,2,49,1800,6,1,2017,6,5,11,0,2,3,1,6,MORSE RD,NA,0,40.06183611,-83.00435,0,9,0,0,1,1,0,1,3,10,0,10,0,0,5,13,5,18,88,88,0,0,0,1,0
39,390105,0,1,6,57,1,0,0,0,0,232,7,3,77,1,7,1,7,7,7,7,0,230,39,1,1,0,1,1,1,1,171,2400,16,2,2017,5,6,35,1,1,3,1,2,US-6,NA,38,41.45734722,-84.74108056,0,9,0,0,1,1,0,1,3,1,0,1,0,0,6,44,6,53,88,88,0,0,0,1,0
39,390120,0,1,6,60,1,0,0,0,0,239,7,3,77,1,7,1,7,7,7,7,0,230,39,1,1,0,1,1,1,1,143,2760,6,2,2017,2,5,56,0,2,4,4,6,N FRONT ST,HAYNES ST,0,41.35778333,-83.11275,0,9,0,0,3,3,0,1,3,1,0,1,0,0,5,58,6,1,6,29,0,0,0,1,0
39,390171,0,1,6,15,1,0,0,0,0,250,7,3,77,1,7,2,7,7,7,7,0,258,39,1,1,0,1,1,2,2,79,0,10,3,2017,6,14,55,0,1,5,1,3,SR-327,NA,15,38.99221944,-82.53972222,0,9,0,0,1,1,0,1,1,1,0,1,0,0,14,58,15,7,15,30,0,0,0,1,0
39,390367,0,1,6,11,1,0,0,0,0,231,7,3,77,1,7,1,7,7,7,7,0,230,39,1,1,0,1,1,1,1,23,0,2,6,2017,6,21,47,0,1,5,1,3,SR-235 DAYTON-LAKEVIEW RD,NA,62,39.96290833,-84.01498889,0,9,0,0,1,1,0,1,2,1,0,1,0,0,22,1,22,12,22,40,0,0,0,1,0
39,390440,0,1,6,61,1,0,0,0,0,231,7,3,77,2,7,1,7,7,7,7,0,230,39,1,1,0,1,1,1,1,61,0,22,5,2017,2,17,48,0,2,3,1,2,US-52 KELLOGG AVE,NA,385,39.02865556,-84.32438056,0,9,0,0,1,1,0,2,1,1,0,1,0,0,17,49,17,57,19,31,0,0,0,1,0
39,390591,0,1,6,41,1,0,1,0,0,231,7,3,77,1,7,1,7,7,7,7,0,230,39,1,1,0,1,1,1,1,49,0,16,8,2017,4,3,38,0,2,4,2,4,CR-16 AGLER RD,NA,0,40.02725278,-82.95758611,0,9,0,0,1,1,0,1,2,1,0,1,0,0,99,99,99,99,99,99,0,0,0,1,0
39,390639,0,1,6,42,1,0,0,0,0,143,7,1,77,1,7,1,7,7,7,7,0,140,39,1,1,0,1,1,2,2,169,0,18,8,2017,6,19,50,0,2,5,2,4,CR-6,CR-78,0,40.87993056,-81.95090556,0,9,0,0,2,2,0,1,1,1,0,1,0,0,19,51,20,0,88,88,0,0,0,1,0
39,390656,0,1,6,36,1,1,1,0,0,180,7,1,77,3,7,2,7,7,7,7,0,190,39,1,1,0,1,1,2,2,35,1680,8,8,2017,3,19,24,0,2,4,2,4,CR-740 LAKE AVE,US-6 CLIFTON BL,0,41.484775,-81.74631111,0,9,0,0,3,2,0,1,1,1,0,1,0,0,19,28,19,32,19,47,0,0,0,1,1
39,390666,0,1,6,44,1,0,0,0,0,250,7,3,77,1,7,2,7,7,7,7,0,258,39,2,2,0,1,1,2,2,61,1610,19,8,2017,7,22,44,0,2,7,4,6,WESTERN HILLS VIA RD,NA,0,39.12453611,-84.54273056,0,9,0,0,1,1,0,1,3,1,0,1,0,0,22,45,22,55,23,17,0,0,0,1,0
39,390739,0,1,6,67,1,0,0,0,0,318,7,3,77,1,7,3,7,7,7,7,0,310,39,1,1,0,1,1,1,1,107,0,27,9,2017,4,15,58,0,1,7,2,4,CR-110 ST ANTHONY RD,NA,0,40.50911944,-84.60240833,0,9,0,0,1,1,0,1,1,1,0,1,0,0,16,0,16,7,16,15,0,0,0,1,0
39,390776,0,1,6,80,1,0,0,0,0,221,7,1,77,1,7,1,7,7,7,7,0,220,39,1,1,0,1,1,1,1,75,8514,3,10,2017,3,5,4,0,1,4,1,3,SR-39,TR-401,268,40.54616111,-81.75128611,0,9,0,0,2,3,0,1,2,1,0,1,0,0,88,88,88,88,88,88,0,0,0,1,0
39,390867,0,1,6,14,1,0,0,0,0,232,7,3,77,1,7,1,7,7,7,7,0,230,39,1,1,0,1,1,1,1,31,0,1,11,2017,4,6,49,0,2,6,1,3,SR-643,NA,56,40.394,-81.8055,0,9,0,0,1,1,0,1,2,10,0,10,0,0,6,59,7,32,8,29,0,0,0,1,0
39,390883,0,1,6,26,1,0,0,0,0,232,7,3,77,1,7,1,7,7,7,7,0,230,39,1,1,0,1,1,1,1,93,0,24,10,2017,3,5,40,0,1,7,2,4,CR-30 QUARRY RD,NA,0,41.28264167,-82.259075,0,9,0,0,1,1,0,1,2,10,0,10,0,0,6,12,6,29,7,10,0,0,0,1,0
39,390901,0,1,6,49,2,0,0,0,0,221,7,2,77,1,7,1,7,7,7,7,0,220,39,1,1,0,1,1,1,1,167,0,27,10,2017,6,13,9,1,1,3,1,3,SR-7 OHIO RIVER SCENIC BYWAY,CR-244 DANA RD,398,39.40490278,-81.21116111,0,9,0,0,3,3,0,1,1,1,0,1,0,0,13,7,13,10,13,49,0,0,0,1,0
39,391010,0,1,6,65,1,0,0,0,0,231,7,3,77,1,7,1,7,7,7,7,0,230,39,1,1,0,1,1,1,1,151,0,29,11,2017,4,6,31,0,2,7,3,5,TR-7 MT PLEASANT ST,NA,0,40.90526389,-81.37621944,0,9,0,0,1,1,0,1,2,10,0,10,0,0,6,34,6,41,6,57,0,0,0,1,0
39,391048,0,1,6,12,1,0,0,0,0,231,7,3,77,1,7,1,7,7,7,7,0,230,39,1,1,0,1,1,1,1,157,0,14,12,2017,5,16,16,0,1,5,2,4,CR-52 CROOKED RUN RD,NA,0,40.47752222,-81.56909444,0,9,0,0,1,1,0,1,1,10,0,10,0,0,16,17,16,27,88,88,0,0,0,1,0
40,400026,0,1,6,52,2,0,0,0,0,231,7,3,77,1,7,1,7,7,7,7,0,230,40,1,1,0,1,1,1,1,27,3220,30,1,2017,2,5,36,0,2,4,1,3,SR-37,NA,0,35.33434167,-97.48452222,0,9,0,0,6,1,0,1,2,1,0,1,0,012189V,99,99,99,99,99,99,0,0,0,1,0
40,400027,0,1,6,48,1,0,1,0,0,231,7,3,77,1,7,1,7,7,7,7,0,230,40,1,1,0,1,1,1,1,109,3550,25,1,2017,4,18,28,0,2,3,4,6,S PENNSYLVANIA AVE,NA,0,35.41437222,-97.54798333,0,9,0,0,1,1,0,1,3,10,0,10,0,0,18,28,18,32,18,55,0,0,0,1,0
40,400333,0,1,6,9,1,0,0,0,0,313,7,3,77,1,7,1,7,7,7,7,0,310,40,1,1,0,1,1,1,1,115,0,9,8,2017,4,14,23,0,1,7,2,4,CR-S510,NA,0,36.8054,-94.9629,0,9,0,0,8,1,0,1,1,10,0,10,0,0,99,99,99,99,99,99,0,0,0,1,1
40,400367,0,1,7,50,1,0,1,0,0,231,7,3,77,1,7,1,7,7,7,7,0,230,40,1,1,0,1,1,1,1,27,3220,25,8,2017,6,0,24,0,2,7,4,6,SW 19TH ST,NA,0,35.31980833,-97.50069722,0,9,0,0,1,1,0,1,3,10,0,10,0,0,0,28,0,38,88,88,0,0,0,1,1
40,400396,0,1,6,30,1,0,1,0,0,319,7,3,77,1,7,3,7,7,7,7,0,310,40,1,1,0,1,1,1,1,143,4780,11,8,2017,6,21,6,0,2,7,4,6,W EDISON ST,NA,0,36.16129444,-96.01556667,0,9,0,0,1,1,0,1,2,1,0,1,0,0,21,4,21,7,88,88,0,0,0,1,0
40,400568,0,1,6,57,1,0,0,0,0,231,7,3,77,1,7,1,7,7,7,7,0,230,40,1,1,0,1,1,1,1,109,3550,30,12,2017,7,19,40,0,2,3,4,6,W RENO AVE,NA,0,35.46421944,-97.66696667,0,9,0,0,1,1,0,1,2,10,0,10,0,0,19,41,19,46,88,88,0,0,0,1,0
40,400609,0,1,6,72,1,0,0,0,0,142,7,1,77,1,7,9,7,7,7,7,0,145,40,1,1,0,1,1,2,2,115,1080,8,11,2017,4,18,41,1,1,3,1,2,US-69,A ST,0,36.93328611,-94.86740833,0,9,0,0,2,2,0,1,3,1,0,1,0,0,99,99,99,99,99,99,0,0,0,1,0
41,410024,0,1,6,53,1,0,0,0,0,213,7,1,77,2,7,1,7,7,7,7,0,215,41,1,1,0,1,1,1,1,51,1650,6,2,2017,2,9,6,0,2,4,4,6,N INTERSTATE AVE,N FARRAGUT ST,0,45.57931389,-122.6819722,0,9,0,0,2,3,0,1,1,10,2,2,0,0,9,7,99,99,88,88,0,0,0,1,0
41,410057,0,1,6,55,1,1,1,0,0,217,7,1,77,3,7,1,7,7,7,7,0,215,41,1,1,0,1,1,1,1,59,990,3,4,2017,2,20,18,1,2,3,1,3,SR-395 ODOT 54,SR-333 ODOT 333,48,45.84958611,-119.2901694,9,9,0,0,3,2,0,1,3,1,0,1,0,0,20,18,20,18,88,88,0,0,0,1,0
41,410223,0,1,6,53,1,0,1,0,0,311,7,3,77,1,7,3,7,7,7,7,0,310,41,1,1,0,1,1,1,1,39,1550,13,8,2017,1,21,35,1,1,3,1,3,SR-58 ODOT 18,NA,346,43.74666944,-122.4850833,0,9,0,0,8,1,0,1,3,1,0,1,0,0,21,40,21,41,22,39,0,0,0,1,0
41,410232,0,1,6,41,2,1,1,0,0,212,7,1,77,2,7,1,7,7,7,7,0,210,41,1,1,0,1,1,1,1,51,1650,21,8,2017,2,1,48,0,2,5,4,6,SE WATER AVE,SE TAYLOR ST,0,45.51510833,-122.6658278,0,9,0,0,3,2,0,1,3,1,0,1,0,0,1,50,1,54,2,20,0,0,0,1,0
41,410278,0,1,6,67,1,9,9,0,0,970,7,1,77,2,7,1,7,7,7,7,0,990,41,1,1,0,1,1,1,1,5,1580,26,10,2017,5,16,43,0,2,4,4,6,WASHINGTON STREET,15TH STREET,0,45.36216944,-122.5992611,0,9,0,0,2,4,0,1,1,1,0,1,0,0,4,43,4,45,99,99,0,0,0,1,0
41,410288,0,1,6,79,1,0,1,0,0,143,7,1,77,1,7,9,7,7,7,7,0,140,41,1,1,0,1,1,1,1,47,1810,4,11,2017,7,15,3,0,2,7,4,6,CR-ELMA AVE SE,CR-MAHRT AVE SE,3,44.92563611,-122.978075,0,9,0,0,2,2,0,1,1,2,0,2,0,0,15,3,15,8,99,99,0,0,0,1,0
41,410299,0,1,6,31,1,1,1,0,0,213,7,1,77,1,7,1,7,7,7,7,0,215,41,1,1,0,1,1,1,1,17,190,20,11,2017,2,11,20,0,2,4,4,6,WALL STREET,OLNEY AVE,0,44.06414444,-121.3088944,0,9,0,0,2,2,0,1,1,2,0,2,0,0,99,99,99,99,88,88,0,0,0,1,0
41,410311,0,1,6,13,1,0,0,0,0,318,7,3,77,1,7,3,7,7,7,7,0,310,41,1,1,0,1,1,1,1,39,0,6,12,2017,4,18,1,0,1,4,1,3,SR-99 ODOT 226,NA,104,43.85240833,-123.0403139,0,9,0,0,1,1,0,1,2,1,0,1,0,0,18,1,18,5,88,88,0,0,0,1,0
41,410326,0,1,6,38,2,0,0,0,0,255,7,3,77,1,7,1,7,7,7,7,0,258,41,1,1,0,1,1,1,1,17,0,30,12,2017,7,15,19,0,1,7,2,4,CR-DODDS ROAD,NA,0,44.032325,-121.0669194,0,9,0,0,1,1,0,1,1,1,0,1,0,0,15,21,15,30,88,88,0,0,0,1,0
41,410367,0,1,6,56,1,0,1,0,0,139,7,3,77,3,7,2,7,7,7,7,0,110,41,2,2,0,1,1,2,2,51,880,8,10,2017,1,16,55,0,2,4,4,6,SE STARK ST,NA,0,45.51913889,-122.4476611,0,12,6,0,1,1,0,1,1,1,0,1,0,0,16,56,17,2,99,99,0,0,0,1,1