STATE.x,ST_CASE,VEH_NO,PER_NO,PBPTYPE,PBAGE,PBSEX,PBCWALK,PBSWALK,PBSZONE,PEDCTYPE,BIKECTYPE,PEDLOC,BIKELOC,PEDPOS,BIKEPOS,PEDDIR,BIKEDIR,MOTDIR,MOTMAN,PEDLEG,PEDSNR,PEDCGP,BIKECGP,STATE.y,VE_TOTAL,VE_FORMS,PVH_INVL,PEDS,PERNOTMVIT,PERMVIT,PERSONS,COUNTY,CITY,DAY,MONTH,YEAR,DAY_WEEK,HOUR,MINUTE,NHS,RUR_URB,FUNC_SYS,RD_OWNER,ROUTE,TWAY_ID,TWAY_ID2,MILEPT,LATITUDE,LONGITUD,SP_JUR,HARM_EV,MAN_COLL,RELJCT1,RELJCT2,TYP_INT,WRK_ZONE,REL_ROAD,LGT_COND,WEATHER1,WEATHER2,WEATHER,SCH_BUS,RAIL,NOT_HOUR,NOT_MIN,ARR_HOUR,ARR_MIN,HOSP_HR,HOSP_MN,CF1,CF2,CF3,FATALS,DRUNK_DR
6,60362,0,1,5,79,1,0,1,0,760,0,3,7,3,7,8,7,8,8,8,8,750,0,6,1,1,0,1,1,3,3,59,2800,16,1,2017,2,17,32,0,2,4,4,6,ALTA VISTA ST,NA,0,33.87641389,-117.8600722,0,8,0,0,1,1,0,1,5,1,0,1,0,0,99,99,99,99,99,99,0,0,0,1,0
6,60366,0,1,5,28,2,0,0,0,410,0,3,7,3,7,8,7,8,8,8,8,400,0,6,1,1,0,1,1,1,1,37,2645,15,1,2017,1,1,0,0,2,3,4,6,SIERRA HWY,NA,0,34.61543333,-118.1234583,0,8,0,0,1,1,0,1,2,1,0,1,0,0,99,99,99,99,88,88,0,0,0,1,1
6,60367,0,1,5,50,1,0,0,0,461,0,3,7,5,7,8,7,8,8,8,8,460,0,6,1,1,0,1,1,3,3,37,1045,19,1,2017,5,18,34,0,2,7,4,6,STEWART AND GRAY RD ALY,NA,0,33.92816389,-118.1305139,0,8,0,0,4,1,0,1,2,10,0,10,0,0,99,99,99,99,88,88,0,0,0,1,0
6,60369,0,1,5,50,1,1,1,0,781,0,1,7,2,7,2,7,2,1,2,11a,790,0,6,1,1,0,1,1,2,2,59,1410,21,1,2017,7,17,58,0,2,4,4,6,LAMPSON AVE,HASTER ST,0,33.78166667,-117.9061833,0,8,0,0,3,2,0,1,3,10,0,10,0,0,99,99,99,99,99,99,0,0,0,1,0
6,60377,0,1,5,59,2,1,1,0,690,0,1,7,2,7,2,7,3,3,2,3b,990,0,6,1,1,0,1,1,1,1,37,1980,3,2,2017,6,6,50,0,2,5,4,6,ETIWANDA AVE,KESWICK ST,0,34.210225,-118.5317194,0,8,0,0,2,2,0,1,3,2,0,2,0,0,99,99,99,99,99,99,0,0,0,1,0
6,60385,0,1,5,26,2,0,1,0,680,0,3,7,3,7,8,7,8,8,8,8,990,0,6,1,1,0,1,1,1,1,87,3450,6,2,2017,2,2,48,0,2,7,4,6,SEABRIGHT AVE,NA,0,36.97502222,-122.0084528,0,8,0,0,1,1,0,1,3,2,0,2,0,0,99,99,99,99,88,88,0,0,0,1,0
6,60386,0,1,5,78,1,0,0,0,760,0,3,7,3,7,8,7,8,8,8,8,750,0,6,1,1,0,1,1,2,2,37,1980,3,1,2017,3,17,45,0,2,4,4,6,TAMPA AVE,NA,0,34.20127778,-118.5535333,0,8,0,0,1,1,0,1,2,1,0,1,0,0,99,99,99,99,99,99,0,0,0,1,0
6,60389,0,1,5,61,1,0,1,0,760,0,3,7,3,7,8,7,8,8,8,8,750,0,6,1,1,0,1,1,1,1,37,1840,9,2,2017,5,20,5,0,2,3,4,6,AVENUE I,NA,0,34.70394167,-118.1460222,0,8,0,0,1,1,0,1,3,1,0,1,0,0,99,99,99,99,99,99,0,0,0,1,0
6,60390,0,1,5,47,2,0,0,0,760,0,3,7,3,7,8,7,8,8,8,8,750,0,6,2,2,0,1,1,4,4,37,1980,17,1,2017,3,18,15,0,2,3,4,6,WESTERN AVE,NA,0,33.86214167,-118.3091417,0,8,0,0,1,1,0,1,3,1,0,1,0,0,99,99,99,99,88,88,0,0,0,1,0
6,60391,0,1,5,49,1,0,1,0,320,0,3,7,3,7,8,7,8,8,8,8,350,0,6,3,1,2,1,1,1,1,73,3260,19,1,2017,5,7,16,0,2,7,4,6,ALBEMARLE ST,NA,0,32.67761111,-117.0629917,0,8,0,0,1,1,0,1,4,10,2,2,0,0,99,99,99,99,88,88,0,0,0,1,0
6,60393,0,1,5,66,2,0,0,0,760,0,3,7,3,7,8,7,8,8,8,8,750,0,6,1,1,0,1,1,1,1,59,470,10,1,2017,3,17,36,0,2,4,4,6,WESTERN AVE,NA,0,33.86385,-118.0025194,0,8,0,0,1,1,0,1,3,10,0,10,0,0,99,99,99,99,99,99,0,0,0,1,0
6,60398,0,1,5,76,2,1,1,0,781,0,1,7,2,7,2,7,2,1,2,11a,790,0,6,1,1,0,1,1,1,1,75,3290,11,1,2017,4,12,15,0,2,5,4,6,UNION ST,BUCHANAN,0,37.79751389,-122.4321611,0,8,0,0,2,2,0,1,1,1,0,1,0,0,99,99,99,99,99,99,0,0,0,1,0
6,60411,0,1,5,40,1,0,0,0,910,0,3,7,3,7,8,7,8,8,8,8,910,0,6,1,1,0,1,1,2,2,83,0,14,2,2017,3,21,57,0,1,2,1,3,SR-135,NA,7,34.74605,-120.2920056,0,8,0,0,1,1,0,1,2,1,0,1,0,0,99,99,99,99,88,88,0,0,0,1,0
6,60424,0,1,5,34,1,0,1,0,313,0,3,7,3,7,8,7,8,8,8,8,600,0,6,1,1,0,1,1,1,1,67,0,14,4,2017,6,2,20,0,2,3,2,4,CR-WATT AVE,NA,1,38.65887778,-121.3827278,0,8,0,0,1,1,0,1,2,1,0,1,0,0,99,99,99,99,88,88,0,0,0,1,0
6,60425,0,1,5,21,1,0,0,0,760,0,3,7,3,7,8,7,8,8,8,8,750,0,6,1,1,0,1,1,1,1,71,0,6,5,2017,7,4,29,1,2,3,1,3,SR-18,NA,1097,34.50655278,-117.5530389,0,8,0,0,1,1,0,1,2,1,0,1,0,0,99,99,99,99,88,88,19,0,0,1,0
6,60428,0,1,8,58,1,0,1,0,760,0,3,7,3,7,8,7,8,8,8,8,750,0,6,1,1,0,1,1,1,1,67,0,11,5,2017,5,3,45,0,2,3,2,4,CR-WATT AVE,NA,83,38.65590278,-121.382925,0,15,0,0,1,1,0,1,3,1,0,1,0,0,99,99,99,99,88,88,0,0,0,1,0
6,60437,0,1,5,65,1,1,1,0,782,0,1,7,2,7,3,7,2,1,1,9a,790,0,6,1,1,0,1,1,1,1,67,0,2,5,2017,3,6,35,0,2,7,98,9,CEMENT WY,BLACKTOP RD,0,38.681925,-121.4810222,0,8,0,0,3,10,0,1,4,1,0,1,0,0,99,99,99,99,99,99,0,0,0,1,0
6,60439,0,1,5,33,1,1,0,0,440,0,3,7,3,7,8,7,8,8,8,8,400,0,6,1,1,0,1,1,2,2,115,0,25,4,2017,3,20,57,1,1,3,1,3,SR-70,NA,167,39.17794722,-121.5914,0,8,0,0,1,1,0,1,2,1,0,1,0,0,99,99,99,99,88,88,0,0,0,1,0
6,60447,0,1,5,36,1,0,0,0,230,0,3,7,4,7,8,7,8,8,8,8,100,0,6,2,1,1,1,1,1,1,71,2550,16,4,2017,1,5,52,1,2,1,1,1,I-15,NA,6,34.04312222,-117.5504139,0,8,0,0,1,1,0,2,4,1,0,1,0,0,99,99,99,99,88,88,23,0,0,1,1
6,60450,0,1,5,67,1,0,0,0,910,0,3,7,3,7,8,7,8,8,8,8,910,0,6,1,1,0,1,1,1,1,81,3390,12,4,2017,4,22,6,1,2,2,1,3,SR-92 J ARTHUR YOUNGER FWY,SR-82 EL CAMINO REAL,120,37.5501,-122.3125,0,8,0,1,18,1,0,1,3,2,0,2,0,0,99,99,99,99,88,88,0,0,0,1,0
6,60453,0,1,5,24,1,0,0,0,320,0,3,7,3,7,8,7,8,8,8,8,350,0,6,2,2,0,2,2,1,1,71,0,24,4,2017,2,21,10,1,1,1,1,1,I-15,NA,1402,35.18991111,-116.1579722,0,12,1,0,1,1,0,1,2,1,0,1,0,0,99,99,99,99,88,88,15,0,0,2,0
6,60453,0,2,5,36,2,0,0,0,320,0,3,7,3,7,8,7,8,8,8,8,350,0,6,2,2,0,2,2,1,1,71,0,24,4,2017,2,21,10,1,1,1,1,1,I-15,NA,1402,35.18991111,-116.1579722,0,12,1,0,1,1,0,1,2,1,0,1,0,0,99,99,99,99,88,88,15,0,0,2,0
6,60464,0,1,5,51,1,0,0,0,230,0,3,7,3,7,8,7,8,8,8,8,100,0,6,1,1,0,1,1,1,1,65,2327,22,4,2017,7,21,19,1,2,1,1,1,I-215,NA,413,33.62675556,-117.1710417,0,8,0,0,1,1,0,1,2,1,0,1,0,0,99,98,99,98,88,88,19,23,0,1,0
6,60466,0,1,5,49,1,0,0,0,410,0,3,7,3,7,8,7,8,8,8,8,400,0,6,2,2,0,1,1,4,4,23,0,5,5,2017,6,0,40,1,1,3,1,2,US-101,NA,945,40.97865,-124.1173611,1,8,0,0,1,1,0,1,3,1,0,1,0,0,99,99,99,99,88,88,0,0,0,1,1
6,60468,0,1,5,28,2,0,0,0,410,0,2,7,4,7,9,7,2,3,1,2d,400,0,6,1,1,0,2,2,1,1,73,0,25,5,2017,5,16,40,0,1,5,2,4,CR-ARNOLD WAY,NA,290,32.83626667,-116.7707583,0,8,0,0,1,1,0,2,1,1,0,1,0,0,99,99,99,99,99,99,0,0,0,1,0
6,60468,0,2,5,33,2,0,0,0,410,0,2,7,6,7,9,7,2,3,1,2d,400,0,6,1,1,0,2,2,1,1,73,0,25,5,2017,5,16,40,0,1,5,2,4,CR-ARNOLD WAY,NA,290,32.83626667,-116.7707583,0,8,0,0,1,1,0,2,1,1,0,1,0,0,99,99,99,99,99,99,0,0,0,1,0
6,60470,0,1,5,34,1,0,0,0,910,0,3,7,3,7,8,7,8,8,8,8,910,0,6,1,1,0,1,1,2,2,53,3180,15,6,2017,5,18,33,1,2,2,1,2,US-101,NA,892,36.69896944,-121.6647972,0,8,0,0,1,1,0,1,1,1,0,1,0,0,99,99,99,99,88,88,20,0,0,1,0
6,60472,0,1,5,26,1,0,0,0,760,0,3,7,3,7,8,7,8,8,8,8,750,0,6,1,1,0,1,1,1,1,39,0,29,5,2017,2,99,99,0,1,4,2,4,CR-AVENUE 9,NA,275,36.88055278,-119.8504694,0,8,0,0,1,1,0,1,2,1,0,1,0,0,99,99,99,99,88,88,0,0,0,1,0
6,60479,0,1,5,56,1,1,1,0,760,0,3,7,3,7,8,7,8,8,8,8,750,0,6,1,1,0,1,1,2,2,85,0,12,5,2017,6,21,20,0,2,3,2,4,CR-S BASCOM AVE,NA,49,37.32103333,-121.931875,0,8,0,0,1,1,0,1,3,1,0,1,0,0,99,99,99,99,88,88,0,0,0,1,1
6,60484,0,1,8,89,1,0,1,0,465,0,3,7,5,7,8,7,8,8,8,8,460,0,6,1,1,0,1,1,1,1,67,0,15,2,2017,4,15,5,0,1,3,2,4,CR-ANTELOPE RD,NA,0,38.70313333,-121.3352333,0,15,0,0,8,1,0,1,1,1,0,1,0,0,99,99,99,99,99,99,0,0,0,1,0
6,60486,0,1,5,64,2,0,1,0,440,0,2,7,4,7,9,7,1,3,1,2d,400,0,6,1,1,0,1,1,1,1,71,0,26,4,2017,4,5,20,0,2,5,2,4,CR-MACY ST,NA,298,34.13949167,-117.3397861,0,8,0,0,1,1,0,2,4,1,0,1,0,0,99,99,99,99,99,99,0,0,0,1,0
6,60487,0,1,5,59,1,0,0,0,910,0,3,7,3,7,8,7,8,8,8,8,910,0,6,1,1,0,1,1,1,1,71,790,26,5,2017,6,4,5,1,2,1,1,1,I-215,NA,37,34.05998611,-117.2974722,0,8,0,0,1,1,0,1,2,1,0,1,0,0,99,99,99,99,88,88,0,0,0,1,0
6,60489,0,1,5,53,1,1,0,0,440,0,3,7,3,7,8,7,8,8,8,8,400,0,6,1,1,0,1,1,1,1,29,240,28,5,2017,1,5,2,1,2,2,1,3,SR-204 GOLDEN STATE HWY,NA,53,35.39162222,-119.0258833,0,8,0,0,1,1,0,1,2,1,0,1,0,0,99,99,99,99,88,88,0,0,0,1,0
6,60490,0,1,5,55,1,0,0,0,230,0,3,7,4,7,8,7,8,8,8,8,100,0,6,2,1,1,1,1,1,1,73,3260,23,2,2017,5,17,8,1,1,2,1,3,SR-52,NA,102,32.84931111,-117.0740361,0,14,0,0,1,1,0,2,1,1,0,1,0,0,99,99,99,99,88,88,23,0,0,1,1
6,60492,0,1,5,57,1,1,1,0,791,0,1,7,2,7,1,7,1,2,2,7a,790,0,6,1,1,0,1,1,1,1,37,1980,4,1,2017,4,17,54,0,2,3,4,6,LANKERSHIM BLVD,VANOWEN ST,0,34.19388056,-118.3878194,0,8,0,0,3,2,0,1,3,2,0,2,0,0,99,99,99,99,99,99,0,0,0,1,0
6,60493,0,1,5,65,1,0,1,0,760,0,3,7,3,7,8,7,8,8,8,8,750,0,6,1,1,0,1,1,1,1,59,3420,5,1,2017,5,5,31,0,2,3,4,6,WARNER AVE,NA,0,33.71437778,-117.9132722,0,8,0,0,1,1,0,1,3,2,10,2,0,0,99,99,99,99,99,99,0,0,0,1,0
6,60499,0,1,5,47,1,0,1,0,610,0,3,7,3,7,8,7,8,8,8,8,600,0,6,1,1,0,1,1,1,1,13,0,5,6,2017,2,3,55,0,2,7,2,4,CR-PULLMAN AVE,NA,209,38.02970556,-121.9348056,0,8,0,0,1,1,0,1,3,1,0,1,0,0,99,99,99,99,99,99,0,0,0,1,1
6,60506,0,1,8,60,1,0,1,0,760,0,3,7,3,7,8,7,8,8,8,8,750,0,6,1,1,0,1,1,1,1,77,3770,9,2,2017,5,19,14,0,2,3,4,6,WILSON WY,NA,0,37.96559167,-121.2740778,0,15,0,0,1,1,0,1,3,2,0,2,0,0,99,99,99,99,88,88,0,0,0,1,0
6,60514,0,1,5,35,1,0,0,0,230,0,3,7,3,7,8,7,8,8,8,8,100,0,6,1,1,0,1,1,1,1,1,2480,22,3,2017,4,4,28,1,2,1,1,1,I-580,NA,447,37.82268056,-122.260725,0,8,0,0,1,1,0,1,2,10,2,2,0,0,99,99,99,99,88,88,19,0,0,1,0
6,60519,0,1,5,58,1,0,1,0,770,0,1,7,2,7,4,7,3,3,2,3a,750,0,6,1,1,0,1,1,1,1,37,0,11,1,2017,4,23,55,0,2,3,4,6,FIGUEROA ST,52ND PL,0,33.995,-118.2827,0,8,0,0,2,2,0,1,3,2,0,2,0,0,99,99,99,99,88,88,0,0,0,1,0
6,60521,0,1,5,21,1,0,0,0,760,0,3,7,3,7,8,7,8,8,8,8,750,0,6,1,1,0,1,1,1,1,37,1980,18,1,2017,4,21,12,1,2,1,1,1,I-210 RAMP,NA,121,34.29046667,-118.4092889,0,8,0,1,20,1,0,1,3,10,0,10,0,0,99,98,99,98,88,88,0,0,0,1,0
6,60523,0,1,5,24,1,0,1,0,760,0,3,7,3,7,8,7,8,8,8,8,750,0,6,1,1,0,1,1,1,1,37,1980,12,1,2017,5,2,0,0,2,3,4,6,VENICE  BL,NA,0,33.99042778,-118.4598139,0,8,0,0,1,1,0,1,3,10,2,2,0,0,99,99,99,99,88,88,0,0,0,1,0
6,60526,0,1,5,23,1,0,0,0,910,0,3,7,3,7,8,7,8,8,8,8,910,0,6,1,1,0,1,1,2,2,7,0,3,6,2017,7,0,46,1,1,3,1,3,SR-70,NA,142,39.50188333,-121.5744972,0,8,0,0,1,1,0,1,3,1,0,1,0,0,99,99,99,99,88,88,0,0,0,1,0
6,60530,0,1,5,3,2,0,0,0,312,0,3,7,3,7,8,7,8,8,8,8,310,0,6,1,1,0,1,1,1,1,85,2280,13,2,2017,2,15,36,0,2,7,4,6,JAMES LEX LN,NA,0,37.13241389,-121.6389944,0,8,0,0,1,1,0,1,1,1,0,1,0,0,99,99,99,99,99,99,0,0,0,1,0
6,60542,0,1,5,51,1,0,1,0,760,0,2,7,3,7,3,7,4,3,2,4b,750,0,6,1,1,0,1,1,1,1,59,1410,12,1,2017,5,18,55,0,2,4,4,6,TRASK AVE,DONEGAL DR,0,33.76674167,-117.9614222,0,8,0,0,3,3,0,1,3,2,0,2,0,0,99,99,99,99,99,99,0,0,0,1,0
6,60547,0,1,5,27,2,0,0,0,760,0,3,7,3,7,8,7,8,8,8,8,750,0,6,1,1,0,1,1,1,1,67,3150,21,2,2017,3,20,3,0,2,3,4,6,POWER INN RD,NA,0,38.50041389,-121.4090611,0,8,0,0,1,1,0,1,3,2,10,2,0,0,99,99,99,99,99,99,0,0,0,1,0
6,60548,0,1,5,41,1,0,1,0,770,0,1,7,1,7,1,7,4,3,1,2a,750,0,6,1,1,0,1,1,1,1,37,1980,11,1,2017,4,18,15,0,2,3,4,6,MARENGO ST,CUMMINGS ST,0,34.05653889,-118.2072139,0,8,0,0,2,3,0,1,3,10,0,10,0,0,99,99,99,99,99,99,0,0,0,1,0
6,60555,0,1,5,57,2,0,1,0,430,0,3,7,3,7,8,7,8,8,8,8,400,0,6,1,1,0,1,1,1,1,67,0,27,4,2017,5,22,47,0,1,3,2,4,CR-47TH AVE,NA,0,38.510375,-121.4598222,0,8,0,0,1,1,0,1,2,1,0,1,0,0,99,99,99,99,99,99,0,0,0,1,1
6,60560,0,1,5,22,1,0,0,0,140,0,3,7,3,7,8,7,8,8,8,8,100,0,6,2,2,0,3,3,1,1,71,680,6,2,2017,2,2,55,1,2,2,1,3,SR-71,NA,14,34.01596389,-117.7402861,0,12,7,0,1,1,0,1,3,2,0,2,0,0,99,99,99,99,99,99,19,0,0,2,0
6,60560,0,2,5,31,1,0,0,0,140,0,3,7,3,7,8,7,8,8,8,8,100,0,6,2,2,0,3,3,1,1,71,680,6,2,2017,2,2,55,1,2,2,1,3,SR-71,NA,14,34.01596389,-117.7402861,0,12,7,0,1,1,0,1,3,2,0,2,0,0,99,99,99,99,99,99,19,0,0,2,0
6,60560,0,3,5,34,1,0,0,0,140,0,3,7,3,7,8,7,8,8,8,8,100,0,6,2,2,0,3,3,1,1,71,680,6,2,2017,2,2,55,1,2,2,1,3,SR-71,NA,14,34.01596389,-117.7402861,0,12,7,0,1,1,0,1,3,2,0,2,0,0,99,99,99,99,99,99,19,0,0,2,0
6,60562,0,1,5,25,1,0,0,0,320,0,3,7,3,7,8,7,8,8,8,8,350,0,6,2,1,1,1,4,1,4,71,0,8,6,2017,5,1,5,1,1,1,1,1,I-15,NA,141,34.22861111,-117.4140889,0,8,0,1,18,1,0,1,3,1,0,1,0,0,99,99,99,99,88,88,0,0,0,1,0
6,60571,0,1,5,40,1,0,0,0,680,0,3,7,4,7,8,7,8,8,8,8,990,0,6,2,1,1,1,1,1,1,61,3110,3,5,2017,4,15,30,1,2,1,1,1,I-80,NA,9,38.73158333,-121.2826194,0,14,0,0,1,1,0,2,1,1,0,1,0,0,99,99,99,99,99,99,0,0,0,1,0
6,60575,0,1,5,38,1,0,0,0,313,0,3,7,3,7,8,7,8,8,8,8,600,0,6,1,1,0,1,1,1,1,99,0,7,5,2017,1,3,22,0,1,3,1,3,SR-219,NA,38,37.71134444,-121.0131167,0,8,0,0,1,1,0,1,2,10,0,10,0,0,99,99,99,99,88,88,0,0,0,1,0
6,60576,0,1,5,33,1,0,0,0,910,0,3,7,3,7,8,7,8,8,8,8,910,0,6,1,1,0,1,1,4,4,37,1980,17,3,2017,6,23,24,1,2,1,1,1,I-405,NA,437,34.22058056,-118.47315,0,8,0,0,1,1,0,1,2,1,0,1,0,0,99,99,99,99,88,88,0,0,0,1,0
6,60579,0,1,5,27,1,0,0,0,910,0,3,7,3,7,8,7,8,8,8,8,910,0,6,1,1,0,1,1,1,1,37,1716,23,5,2017,3,22,10,1,2,1,1,1,I-605  SAN GABRIEL RIVER FWY,NA,218,34.07782778,-117.9980889,0,8,0,0,1,1,0,1,2,10,0,10,0,0,99,99,99,99,88,88,0,0,0,1,0
6,60582,0,1,5,36,1,0,0,0,910,0,3,7,3,7,8,7,8,8,8,8,910,0,6,1,1,0,1,1,2,2,37,1980,18,4,2017,3,23,0,1,2,1,1,1,I-110,NA,154,33.95179444,-118.2800278,0,8,0,0,1,1,0,1,3,1,0,1,0,0,99,99,99,99,88,88,0,0,0,1,0
6,60583,0,1,5,32,1,0,0,0,910,0,3,7,3,7,8,7,8,8,8,8,910,0,6,1,1,0,1,1,1,1,73,3260,3,6,2017,7,23,26,1,2,1,1,1,I-805,NA,170,32.76387778,-117.1275222,0,8,0,0,1,1,0,1,2,1,0,1,0,0,99,99,99,99,88,88,0,0,0,1,0
6,60587,0,1,5,25,1,0,0,0,910,0,3,7,3,7,8,7,8,8,8,8,910,0,6,1,1,0,1,1,1,1,73,1200,7,4,2017,6,21,40,0,2,2,1,3,SR-78,NA,170,33.12935,-117.0969306,0,8,0,0,1,1,0,1,3,1,0,1,0,0,99,99,99,99,88,88,0,0,0,1,0
6,60593,0,1,5,41,1,1,1,0,760,0,1,7,2,7,2,7,1,3,1,1a,750,0,6,1,1,0,1,1,1,1,61,0,24,5,2017,4,23,10,1,2,3,1,3,SR-49 GRASS VALLEY HWY,BELL RD,70,38.941925,-121.0970111,0,8,0,0,2,2,0,1,3,1,0,1,0,0,99,99,99,99,88,88,0,0,0,1,0
6,60599,0,1,5,39,2,0,0,0,910,0,3,7,3,7,8,7,8,8,8,8,910,0,6,2,2,0,1,1,3,3,1,1560,20,4,2017,5,20,35,1,2,1,1,1,I-880,NA,135,37.60444722,-122.0649194,0,8,0,1,18,1,1,1,3,1,0,1,0,0,99,99,99,99,99,99,0,0,0,1,0
6,60604,0,1,5,54,1,0,0,0,140,0,3,7,3,7,8,7,8,8,8,8,100,0,6,1,1,0,1,1,1,1,85,3790,22,5,2017,2,22,8,1,2,2,1,2,US-101 RAMP,NA,441,37.39202222,-121.9991361,0,8,0,0,1,1,0,1,2,1,0,1,0,0,99,99,99,99,99,99,0,0,0,1,0
6,60610,0,1,5,84,1,0,1,0,770,0,1,7,1,7,4,7,3,3,1,2a,750,0,6,1,1,0,1,1,1,1,13,2790,5,1,2017,5,17,39,0,2,5,4,6,CREST VIEW DR,NA,0,38.00361667,-121.9028,0,8,0,0,1,1,0,1,3,1,0,1,0,0,99,99,99,99,99,99,0,0,0,1,0
6,60611,0,1,5,50,2,1,1,0,770,0,1,7,2,7,4,7,1,3,2,3b,750,0,6,1,1,0,1,1,2,2,75,3290,1,3,2017,4,18,44,0,2,3,4,6,MISSION ST,NEY ST,0,37.72998333,-122.4300167,0,8,0,0,3,2,0,1,1,1,0,1,0,0,99,99,99,99,99,99,0,0,0,1,0
6,60614,0,1,5,57,1,0,0,0,230,0,3,7,4,7,8,7,8,8,8,8,100,0,6,1,1,0,1,1,0,0,45,0,10,6,2017,7,16,0,0,1,4,4,4,CR-RUSSIAN RIVER ACCESS RD,NA,0,39.13502778,-123.1876278,0,8,0,0,1,1,0,2,1,1,0,1,0,0,99,99,99,99,88,88,23,0,0,1,0
6,60637,0,1,5,36,1,0,0,0,910,0,3,7,3,7,8,7,8,8,8,8,910,0,6,1,1,0,1,1,1,1,29,0,26,6,2017,2,23,55,1,1,3,1,3,SR-99,NA,329,35.46418889,-119.1173306,0,8,0,0,1,1,0,1,2,1,0,1,0,0,99,99,99,99,88,88,0,0,0,1,0
6,60640,0,1,5,49,1,0,0,0,440,0,3,7,3,7,8,7,8,8,8,8,400,0,6,2,2,0,1,1,1,1,37,1980,2,7,2017,1,2,11,1,2,1,1,1,I-110 HARBOR FRWY,NA,209,34.02971944,-118.2744111,0,8,0,0,1,1,0,1,3,1,0,1,0,0,99,99,99,99,88,88,0,0,0,1,1
6,60648,0,1,5,30,1,0,1,0,313,0,3,7,3,7,8,7,8,8,8,8,600,0,6,1,1,0,1,1,1,1,59,3420,5,5,2017,6,1,23,1,2,2,4,3,SR-55,NA,94,33.72160833,-117.8385222,0,8,0,0,1,1,0,1,3,1,0,1,0,0,99,99,99,99,99,99,0,0,0,1,0
6,60651,0,1,5,26,2,0,0,0,120,0,3,7,3,7,8,7,8,8,8,8,100,0,6,1,1,0,1,1,1,1,71,3210,26,5,2017,6,23,48,1,2,1,1,1,I-215,NA,13,34.07630556,-117.295775,0,8,0,0,1,1,0,1,2,1,0,1,0,0,99,99,99,99,88,88,0,0,0,1,0
6,60652,0,1,5,27,1,0,0,0,910,0,3,7,3,7,8,7,8,8,8,8,910,0,6,2,2,0,1,1,5,5,71,3210,14,6,2017,4,21,55,1,2,1,1,1,I-215,NA,76,34.11498056,-117.3024778,0,8,0,0,1,1,0,1,2,1,0,1,0,0,99,99,99,99,88,88,0,0,0,1,0
6,60658,0,1,5,67,1,0,1,0,313,0,3,7,3,7,8,7,8,8,8,8,600,0,6,1,1,0,1,1,1,1,71,0,23,6,2017,6,3,42,0,1,4,2,4,CR-CEDAR AVENUE,NA,0,34.07440556,-117.3965111,0,8,0,0,1,1,0,1,3,1,0,1,0,0,99,99,99,99,99,99,19,0,0,1,0
6,60661,0,1,5,49,2,0,0,0,440,0,3,7,3,7,8,7,8,8,8,8,400,0,6,1,1,0,1,1,1,1,25,0,7,7,2017,6,21,30,1,1,1,1,1,I-8,NA,911,32.7429,-114.7142333,0,8,0,0,1,1,1,1,2,1,0,1,0,0,99,99,99,99,99,99,0,0,0,1,0
6,60666,0,1,5,26,1,0,0,0,680,0,3,7,9,7,8,7,8,8,8,8,990,0,6,2,1,1,1,1,1,1,71,3210,5,6,2017,2,4,31,1,2,1,1,1,I-215,NA,76,34.10513611,-117.3019306,0,8,0,0,5,1,0,8,3,1,0,1,0,0,99,99,99,99,99,99,14,0,0,1,1
6,60668,0,1,5,20,1,0,0,0,230,0,3,7,3,7,8,7,8,8,8,8,100,0,6,1,1,0,1,1,1,1,77,3050,22,4,2017,7,4,33,1,2,2,1,3,SR-99,NA,5,37.7364,-121.1173389,0,8,0,0,1,1,0,1,2,1,0,1,0,0,99,99,99,99,88,88,23,0,0,1,0
6,60678,0,1,5,42,1,0,0,0,140,0,3,7,3,7,8,7,8,8,8,8,100,0,6,1,1,0,1,1,1,1,19,1370,31,3,2017,6,0,25,0,1,7,2,4,CR-FLORAL AVE,NA,0,36.576175,-119.6408556,0,8,0,0,1,1,0,1,2,1,0,1,0,0,99,99,99,99,88,88,19,0,0,1,0
6,60681,0,1,5,71,1,0,1,0,410,0,2,7,3,7,9,7,4,3,2,4d,400,0,6,1,1,0,1,1,1,1,29,240,7,1,2017,7,19,3,0,2,3,1,3,SR-178,WTH ST,17,35.38103611,-119.0141583,0,8,0,0,3,4,0,1,2,2,0,2,0,0,99,99,99,99,88,88,0,0,0,1,0
6,60693,0,1,5,58,2,0,1,0,459,0,3,7,3,7,8,7,8,8,8,8,400,0,6,1,1,0,1,1,1,1,37,0,26,1,2017,5,21,50,0,2,4,2,4,CR-WILLOWBROOK AVE,NA,0,33.919275,-118.2333083,0,8,0,0,1,1,0,1,2,1,0,1,0,0,99,99,99,99,99,99,0,0,0,1,0
6,60702,0,1,5,41,1,0,0,0,770,0,3,7,3,7,8,7,8,8,8,8,750,0,6,1,1,0,1,1,1,1,13,0,6,6,2017,3,22,52,1,1,3,2,4,CR-PORT CHICAGO HIGHWAY,NA,0,38.03994444,-121.9695222,0,11,0,0,1,1,0,1,2,1,0,1,0,0,99,99,99,99,88,88,0,0,0,1,0
6,60703,0,1,5,39,1,0,0,0,410,0,3,7,4,7,8,7,8,8,8,8,400,0,6,1,1,0,1,1,1,1,29,0,3,6,2017,7,21,40,1,1,2,1,3,SR-184,NA,5,35.24396111,-118.9143111,0,8,0,0,1,1,0,2,2,1,0,1,0,0,99,99,99,99,88,88,0,0,0,1,1
6,60704,0,1,5,58,1,0,0,0,230,0,3,7,3,7,8,7,8,8,8,8,100,0,6,3,3,0,1,1,1,1,19,1370,15,5,2017,2,21,56,1,2,2,1,3,SR-41 RAMP,NA,221,36.71558889,-119.7829,0,12,7,0,5,1,0,1,3,10,0,10,0,0,99,99,99,99,88,88,14,23,0,1,0