STATE.x,ST_CASE,VEH_NO,PER_NO,PBPTYPE,PBAGE,PBSEX,PBCWALK,PBSWALK,PBSZONE,PEDCTYPE,BIKECTYPE,PEDLOC,BIKELOC,PEDPOS,BIKEPOS,PEDDIR,BIKEDIR,MOTDIR,MOTMAN,PEDLEG,PEDSNR,PEDCGP,BIKECGP,STATE.y,VE_TOTAL,VE_FORMS,PVH_INVL,PEDS,PERNOTMVIT,PERMVIT,PERSONS,COUNTY,CITY,DAY,MONTH,YEAR,DAY_WEEK,HOUR,MINUTE,NHS,RUR_URB,FUNC_SYS,RD_OWNER,ROUTE,TWAY_ID,TWAY_ID2,MILEPT,LATITUDE,LONGITUD,SP_JUR,HARM_EV,MAN_COLL,RELJCT1,RELJCT2,TYP_INT,WRK_ZONE,REL_ROAD,LGT_COND,WEATHER1,WEATHER2,WEATHER,SCH_BUS,RAIL,NOT_HOUR,NOT_MIN,ARR_HOUR,ARR_MIN,HOSP_HR,HOSP_MN,CF1,CF2,CF3,FATALS,DRUNK_DR
6,61433,0,1,5,56,2,1,0,0,741,0,1,7,2,7,1,7,4,3,2,3a,740,0,6,1,1,0,1,1,1,1,59,1713,17,1,2017,3,5,39,1,2,3,4,6,MAIN ST,SIGLO,0,33.68167778,-117.8414639,0,8,0,0,3,3,0,1,3,1,0,1,0,0,99,99,99,99,99,99,0,0,0,1,0
6,61434,0,1,5,28,1,1,1,0,760,0,1,7,2,7,2,7,1,3,2,3a,750,0,6,2,2,0,1,1,2,2,37,1980,30,4,2017,1,0,0,1,2,3,4,6,SEPULVEDA BLVD,VANOWEN ST,0,34.19394722,-118.4661694,0,8,0,0,3,2,0,1,3,1,0,1,0,0,99,99,99,99,88,88,14,0,0,1,0
6,61435,0,1,5,68,2,1,1,0,461,0,3,7,2,7,8,7,8,8,8,8,460,0,6,1,1,0,1,1,1,1,85,3340,23,2,2017,5,11,15,1,2,3,4,6,CAMPBELL AVE,NA,0,37.29051944,-121.9904917,0,8,0,0,8,1,0,1,1,10,0,10,0,0,99,99,99,99,99,99,0,0,0,1,0
6,61439,0,1,5,55,1,0,0,0,230,0,3,7,3,7,8,7,8,8,8,8,100,0,6,2,2,0,1,1,3,3,37,639,11,3,2017,7,1,9,1,2,1,1,1,I-605,NA,0,33.87682778,-118.102675,0,12,2,1,18,1,0,1,2,1,0,1,0,0,99,99,99,99,99,99,19,23,0,1,1
6,61440,0,1,5,21,1,0,0,0,910,0,3,7,3,7,8,7,8,8,8,8,910,0,6,1,1,0,1,1,2,2,73,2510,20,10,2017,6,21,15,1,2,2,1,3,SR-78,NA,45,33.18900556,-117.2775806,0,8,0,0,1,1,0,1,3,1,0,1,0,0,99,99,99,99,88,88,0,0,0,1,0
6,61441,0,1,5,15,1,0,1,0,741,0,3,7,3,7,8,7,8,8,8,8,740,0,6,1,1,0,1,1,2,2,65,3070,24,1,2017,3,10,34,1,2,3,4,6,ARLINGTON AVE,NA,0,33.94591667,-117.4400306,0,8,0,0,1,1,0,1,1,10,0,10,0,0,99,99,99,99,99,99,0,0,0,1,0
6,61445,0,1,5,49,2,1,1,0,770,0,1,7,2,7,3,7,2,3,2,3a,750,0,6,1,1,0,1,1,1,1,97,3490,7,2,2017,3,5,35,0,2,5,4,6,W STEELE LN,APPLE VALLEY LN,0,38.45974444,-122.7429472,0,8,0,0,3,2,0,1,3,2,0,2,0,0,99,99,99,99,88,88,0,0,0,1,0
6,61470,0,1,5,67,1,0,0,0,760,0,3,7,3,7,8,7,8,8,8,8,750,0,6,1,1,0,1,1,1,1,65,1690,13,3,2017,2,23,10,1,2,3,4,6,INDIO BLVD,NA,0,33.70018889,-116.191525,0,8,0,0,1,1,0,1,3,1,0,1,0,0,99,99,99,99,88,88,0,0,0,1,0
6,61472,0,1,5,71,1,1,0,0,760,0,3,7,3,7,8,7,8,8,8,8,750,0,6,1,1,0,1,1,1,1,85,3340,3,4,2017,2,20,7,0,2,3,4,6,MONTEREY RD,NA,0,37.26000278,-121.8094861,0,8,0,0,1,1,0,1,3,1,0,1,0,0,99,99,99,99,99,99,0,0,0,1,0
6,61474,0,1,5,75,1,1,1,0,760,0,3,7,3,7,8,7,8,8,8,8,750,0,6,1,1,0,1,1,1,1,65,1690,5,4,2017,4,5,58,0,2,4,4,6,PALM DR,NA,0,33.95038056,-116.5012861,0,8,0,0,1,1,0,1,4,1,0,1,0,0,99,99,99,99,99,99,0,0,0,1,0
6,61475,0,1,5,42,1,0,1,0,760,0,3,7,3,7,8,7,8,8,8,8,750,0,6,1,1,0,1,1,1,1,37,1980,11,5,2017,5,20,10,0,2,4,4,6,GAREY AVE,NA,0,34.07523889,-117.7522611,0,8,0,0,1,1,0,1,3,10,0,10,0,0,99,99,99,99,88,88,0,0,0,1,0
6,61476,0,1,5,42,1,1,1,0,760,0,1,7,1,7,9,7,4,3,1,2c,750,0,6,1,1,0,1,1,1,1,77,3770,12,5,2017,6,3,9,1,2,3,4,6,HAMMER LN,LORRAINE AVE,0,38.02102778,-121.2832639,0,8,0,1,2,2,0,1,3,1,0,1,0,0,99,99,99,99,88,88,0,0,0,1,0
6,61480,0,1,5,30,1,0,0,0,910,0,3,7,3,7,8,7,8,8,8,8,910,0,6,1,1,0,1,1,1,1,65,1801,16,10,2017,2,1,50,1,2,1,1,1,I-15,NA,201,33.67723333,-117.3237806,0,8,0,0,1,1,0,1,2,1,0,1,0,0,99,99,99,99,88,88,0,0,0,1,0
6,61481,0,1,5,85,2,1,0,0,760,0,2,7,3,7,3,7,2,3,1,2a,750,0,6,1,1,0,1,1,1,1,59,80,1,5,2017,2,7,38,0,2,4,4,6,CANYON RIM RD,THE HIGHLANDS,0,33.84371667,-117.7440333,0,8,0,0,3,3,0,1,1,1,0,1,0,0,99,99,99,99,99,99,0,0,0,1,0
6,61484,0,1,5,83,2,1,1,0,690,0,2,7,5,7,9,7,4,3,2,4d,990,0,6,1,1,0,1,1,1,1,77,3770,4,5,2017,5,13,44,1,2,3,4,6,MARIPOSA RD,EIGHTS ST,0,37.93821667,-121.2428556,0,33,0,0,3,2,0,4,1,1,0,1,0,0,99,99,99,99,99,99,0,0,0,1,0
6,61495,0,1,5,58,1,0,0,0,410,0,3,7,3,7,8,7,8,8,8,8,400,0,6,1,1,0,1,1,1,1,19,0,11,9,2017,2,20,30,0,1,5,98,5,MOUNTAIN VIEW AVE,NA,0,36.54701667,-119.5996417,0,8,0,0,1,1,0,1,2,10,0,10,0,0,99,99,99,99,88,88,0,0,0,1,0
6,61496,0,1,5,22,1,0,0,0,760,0,3,7,3,7,8,7,8,8,8,8,750,0,6,1,1,0,1,1,1,1,37,0,7,9,2017,5,0,36,0,2,4,98,5,AVE S,NA,0,34.55784444,-117.9604667,0,8,0,0,1,1,0,1,3,1,0,1,0,0,99,99,99,99,99,99,0,0,0,1,0
6,61501,0,1,5,49,1,0,0,0,440,0,3,7,3,7,8,7,8,8,8,8,400,0,6,1,1,0,1,1,3,3,71,3210,29,8,2017,3,20,50,1,2,1,1,1,I-215,NA,61,34.08523056,-117.3011611,0,8,0,0,1,1,0,1,2,1,0,1,0,0,99,99,99,99,88,88,19,0,0,1,0
6,61513,0,1,5,37,1,0,0,0,313,0,2,7,3,7,9,7,1,3,1,2c,600,0,6,1,1,0,1,1,2,2,77,0,18,8,2017,6,1,20,0,2,5,98,5,LEO GIRON DR,NA,0,37.89404167,-121.2832556,0,8,0,0,1,1,0,1,2,1,0,1,0,0,99,99,99,99,88,88,0,0,0,1,0
6,61521,0,1,5,60,1,1,1,0,781,0,1,7,2,7,2,7,4,1,2,11b,790,0,6,1,1,0,1,1,2,2,37,1970,18,4,2017,3,1,10,1,2,3,4,6,7TH ST,PARK AVE,0,33.77534167,-118.1374583,0,8,0,0,3,2,0,1,3,1,0,1,0,0,99,99,99,99,88,88,0,0,0,1,0
6,61522,0,1,5,65,1,0,1,0,680,0,3,7,5,7,8,7,8,8,8,8,990,0,6,1,1,0,1,1,1,1,59,1660,26,4,2017,4,4,4,1,2,3,1,3,SR-39 BEACH BLVD,NA,57,33.731075,-117.9892222,0,33,0,0,1,1,0,4,3,1,0,1,0,0,99,99,99,99,99,99,0,0,0,1,1
6,61523,0,1,5,21,1,1,1,0,760,0,1,7,1,7,9,7,3,3,9,99,750,0,6,1,1,0,1,1,1,1,65,3320,2,5,2017,3,5,18,1,2,3,4,6,SAN JACINTO AVE,WAL-MART ENTRANCE,0,33.76671111,-116.9588333,0,8,0,0,2,3,0,1,3,1,0,1,0,0,99,99,99,99,88,88,0,0,0,1,0
6,61525,0,1,5,21,1,0,0,0,680,0,3,7,3,7,8,7,8,8,8,8,990,0,6,1,1,0,1,1,1,1,23,1220,5,1,2017,5,0,24,1,2,3,1,2,US-101,NA,800,40.80568056,-124.1374056,0,8,0,0,1,1,0,1,2,10,0,10,0,0,99,99,99,99,99,99,0,0,0,1,0
6,61536,0,1,5,39,1,0,1,0,910,0,3,7,3,7,8,7,8,8,8,8,910,0,6,2,2,0,1,1,3,3,73,2510,5,5,2017,6,21,35,1,2,4,1,3,SR-76 MISSION AVE,NA,534,33.19989444,-117.3725667,0,8,0,1,18,1,0,1,2,1,0,1,0,0,99,99,99,99,88,88,0,0,0,1,0
6,61537,0,1,5,20,1,0,0,0,760,0,2,7,3,7,3,7,4,3,2,4b,750,0,6,1,1,0,1,1,1,1,71,681,31,1,2017,3,18,24,1,2,3,1,3,SR-42 CARBON CNYN RD,NA,12,33.95864722,-117.76795,0,8,0,0,1,1,0,1,2,1,0,1,0,0,99,99,99,99,99,99,0,0,0,1,0
6,61538,0,1,5,33,1,1,1,0,760,0,2,7,3,7,3,7,2,3,1,2a,750,0,6,1,1,0,2,2,2,2,77,3770,9,5,2017,3,21,31,0,2,5,4,6,WATERLOO RD,SOLARI AVE,0,37.96763056,-121.2720889,0,8,0,0,3,2,0,1,3,1,0,1,0,0,99,99,99,99,21,43,0,0,0,1,0
6,61538,0,2,5,33,2,1,1,0,760,0,2,7,3,7,3,7,2,3,1,2a,750,0,6,1,1,0,2,2,2,2,77,3770,9,5,2017,3,21,31,0,2,5,4,6,WATERLOO RD,SOLARI AVE,0,37.96763056,-121.2720889,0,8,0,0,3,2,0,1,3,1,0,1,0,0,99,99,99,99,21,43,0,0,0,1,0
6,61546,0,1,5,29,1,0,1,0,760,0,3,7,3,7,8,7,8,8,8,8,750,0,6,1,1,0,1,1,1,1,37,1970,2,2,2017,5,2,47,0,2,4,4,6,ANAHEIM ST,NA,0,33.78264167,-118.2024361,0,8,0,0,1,1,0,1,3,1,0,1,0,0,99,99,99,99,88,88,0,0,0,1,0
6,61553,0,1,5,42,1,0,0,0,760,0,3,7,3,7,8,7,8,8,8,8,750,0,6,2,2,0,1,1,2,2,53,0,10,9,2017,1,19,56,0,2,5,98,9,HALL RD,NA,0,36.86411667,-121.7213111,0,8,0,0,1,1,0,1,2,10,0,10,0,0,99,99,99,99,88,88,0,0,0,1,1
6,61558,0,1,5,61,1,0,0,0,760,0,3,7,3,7,8,7,8,8,8,8,750,0,6,1,1,0,1,1,1,1,19,1370,1,10,2017,1,4,25,1,2,2,1,3,SR-99,NA,219,36.74094167,-119.8152528,0,8,0,1,8,1,0,1,2,1,0,1,0,0,99,99,99,99,88,88,0,0,0,1,0
6,61566,0,1,5,30,1,0,0,0,910,0,3,7,3,7,8,7,8,8,8,8,910,0,6,1,1,0,2,2,1,1,73,3260,17,9,2017,1,2,5,1,2,1,1,1,I-5,NA,12,32.55088333,-117.0445611,0,8,0,0,1,1,0,1,3,10,0,10,0,0,99,99,99,99,88,88,0,0,0,2,0
6,61566,0,2,5,30,2,0,0,0,910,0,3,7,3,7,8,7,8,8,8,8,910,0,6,1,1,0,2,2,1,1,73,3260,17,9,2017,1,2,5,1,2,1,1,1,I-5,NA,12,32.55088333,-117.0445611,0,8,0,0,1,1,0,1,3,10,0,10,0,0,99,99,99,99,88,88,0,0,0,2,0
6,61568,0,1,5,29,1,0,0,0,760,0,2,7,3,7,2,7,1,3,1,2a,750,0,6,1,1,0,1,1,1,1,29,0,31,8,2017,5,0,16,0,2,5,98,5,MADISON ST,NA,0,35.34455833,-118.9942306,0,8,0,0,1,1,0,1,2,1,0,1,0,0,99,99,99,99,99,99,0,0,0,1,0
6,61570,0,1,5,60,2,0,0,0,910,0,3,7,3,7,8,7,8,8,8,8,910,0,6,2,2,0,1,1,2,2,73,3260,19,7,2017,4,21,20,1,2,1,1,1,I-5,NA,186,32.74524444,-117.1888028,0,8,0,0,1,1,0,1,3,1,0,1,0,0,99,99,99,99,99,99,0,0,0,1,0
6,61575,0,1,5,58,1,1,1,0,760,0,1,7,2,7,1,7,2,3,1,1b,750,0,6,1,1,0,1,1,1,1,37,1970,4,3,2017,7,17,52,1,2,3,4,6,7TH ST,OLIVE AVE,0,33.77534167,-118.1824056,0,8,0,0,3,2,0,1,1,10,0,10,0,0,99,99,99,99,99,99,0,0,0,1,0
6,61576,0,1,5,83,2,0,1,0,910,0,3,7,3,7,8,7,8,8,8,8,910,0,6,1,1,0,1,1,1,1,37,2054,20,5,2017,7,6,38,1,2,3,4,3,SR-1 PACIFIC COAST HWY,NA,444,34.03740556,-118.6391083,0,8,0,0,1,1,0,1,1,1,0,1,0,0,99,99,99,99,88,88,0,0,0,1,0
6,61577,0,1,5,56,2,1,1,0,770,0,1,7,2,7,1,7,4,3,2,3a,750,0,6,1,1,0,1,1,1,1,23,1220,9,3,2017,5,11,14,0,2,3,1,3,SR-101,S ST,792,40.80471389,-124.1525806,0,8,0,0,3,2,0,1,1,10,0,10,0,0,99,99,99,99,99,99,0,0,0,1,0
6,61578,0,1,5,58,1,1,0,0,770,0,1,7,2,7,3,7,4,3,1,1b,750,0,6,1,1,0,1,1,3,3,37,1980,13,3,2017,2,17,55,1,2,3,4,6,WENTWORTH ST,MARY BELL AVE,0,34.26423056,-118.3441278,0,8,0,0,3,3,0,1,1,1,0,1,0,0,99,99,99,99,99,99,0,0,0,1,0
6,61579,0,1,5,57,1,1,1,0,782,0,1,7,2,7,2,7,3,1,1,9b,790,0,6,1,1,0,1,1,1,1,37,922,23,5,2017,3,16,20,1,2,3,4,6,ATLANTIC AVE,ELIZABETH ST,0,33.96318889,-118.1864167,0,8,0,0,3,2,0,1,1,1,0,1,0,0,99,99,99,99,99,99,0,0,0,1,0
6,61582,0,1,5,38,2,0,0,0,910,0,3,7,3,7,8,7,8,8,8,8,910,0,6,1,1,0,1,1,1,1,73,3260,24,9,2017,1,2,5,1,1,2,1,3,SR-56,NA,25,32.94842778,-117.20415560000001,0,8,0,0,1,1,0,1,2,1,0,1,0,0,99,99,99,99,88,88,0,0,0,1,0
6,61587,0,1,5,24,1,0,1,0,760,0,3,7,3,7,8,7,8,8,8,8,750,0,6,1,1,0,1,1,1,1,65,3070,21,5,2017,1,21,14,0,2,4,4,6,CALIFORNIA AVE,NA,0,33.93737222,-117.4326972,0,8,0,0,1,1,0,1,3,1,0,1,0,0,99,99,99,99,99,99,0,0,0,1,0
6,61596,0,1,5,75,2,1,1,0,781,0,1,7,2,7,3,7,1,1,2,11b,790,0,6,1,1,0,1,1,1,1,1,3360,31,3,2017,6,16,56,1,2,3,1,3,SR-185 E 14TH ST,W JUANA AVE,55,37.72354167,-122.1538722,0,8,0,0,3,2,0,1,1,1,0,1,0,0,99,99,17,5,99,99,0,0,0,1,0
6,61600,0,1,5,28,1,0,0,0,910,0,3,7,3,7,8,7,8,8,8,8,910,0,6,1,1,0,1,1,1,1,59,1782,23,7,2017,1,5,0,1,2,1,1,1,I-5,NA,187,33.614,-117.70715,0,8,0,0,1,1,0,1,3,1,0,1,0,0,99,99,99,99,88,88,0,0,0,1,0
6,61602,0,1,5,62,2,0,0,0,140,0,3,7,9,7,8,7,8,8,8,8,100,0,6,2,2,0,1,1,4,4,37,2458,18,5,2017,5,16,22,1,2,1,1,1,I-605,NA,84,33.92488333,-118.1037722,0,42,0,1,19,1,0,8,1,1,0,1,0,0,99,99,99,99,99,99,0,0,0,1,0
6,61606,0,1,5,12,1,0,0,0,410,0,3,7,3,7,8,7,8,8,8,8,400,0,6,1,1,0,1,1,1,1,33,0,2,8,2017,4,3,27,1,1,3,1,3,SR-29,NA,384,38.99908056,-122.8903,0,8,0,0,1,1,0,1,2,1,0,1,0,0,99,99,99,99,88,88,0,0,0,1,0
6,61609,0,1,5,55,1,0,0,0,140,0,3,7,4,7,8,7,8,8,8,8,100,0,6,2,1,1,2,2,1,1,73,1876,17,10,2017,3,17,50,1,2,2,1,3,SR-94 RAMP,NA,90,32.74680278,-117.0323,0,18,0,1,5,1,0,2,1,1,0,1,0,0,99,99,99,99,99,99,14,15,23,1,0
6,61609,0,2,5,39,1,0,0,0,230,0,3,7,4,7,8,7,8,8,8,8,100,0,6,2,1,1,2,2,1,1,73,1876,17,10,2017,3,17,50,1,2,2,1,3,SR-94 RAMP,NA,90,32.74680278,-117.0323,0,18,0,1,5,1,0,2,1,1,0,1,0,0,99,99,99,99,99,99,14,15,23,1,0
6,61610,0,1,5,61,1,0,0,0,760,0,3,7,3,7,8,7,8,8,8,8,750,0,6,2,2,0,1,1,2,2,37,1980,31,3,2017,6,19,40,0,2,4,4,6,COMPTON AVE,NA,0,33.93541389,-118.2463028,0,8,0,0,1,1,0,1,3,1,0,1,0,0,99,99,99,99,99,99,0,0,0,1,0
6,61615,0,1,5,30,2,0,1,0,760,0,3,7,3,7,8,7,8,8,8,8,750,0,6,1,1,0,1,1,1,1,29,0,6,10,2017,6,3,42,0,2,4,98,5,OLIVE DRIVE,NA,0,35.41231389,-119.0665,0,8,0,0,1,1,0,1,2,1,0,1,0,0,99,99,99,99,99,99,0,0,0,1,0
6,61619,0,1,5,67,2,0,0,0,760,0,3,7,3,7,8,7,8,8,8,8,750,0,6,1,1,0,1,1,1,1,73,0,27,10,2017,6,20,48,0,2,4,98,3,SR-54,NA,0,32.72760556,-116.9657528,0,8,0,0,1,1,0,1,3,1,0,1,0,0,99,99,99,99,99,99,0,0,0,1,0
6,61623,0,1,5,36,1,0,0,0,220,0,3,7,4,7,8,7,8,8,8,8,100,0,6,2,1,1,1,1,0,0,67,2934,18,5,2017,5,5,45,0,2,7,4,6,CARDIFF WY,NA,0,38.58479444,-121.3046,0,8,0,0,1,1,0,7,4,1,0,1,0,0,99,99,99,99,88,88,0,0,0,1,0
6,61624,0,1,5,24,1,0,0,0,410,0,3,7,3,7,8,7,8,8,8,8,400,0,6,1,1,0,1,1,1,1,71,1305,18,5,2017,5,20,44,0,2,4,4,6,SLOVER AVE,NA,0,34.06286389,-117.4929694,0,8,0,0,1,1,0,1,2,1,0,1,0,0,99,99,99,99,99,99,0,0,0,1,0
6,61637,0,1,5,83,1,1,1,0,760,0,3,7,3,7,8,7,8,8,8,8,750,0,6,1,1,0,1,1,2,2,37,300,9,6,2017,6,15,24,1,2,3,4,6,FLORENCE AVE,NA,0,33.970225,-118.1873556,0,8,0,0,1,1,0,1,1,1,0,1,0,0,99,99,99,99,99,99,0,0,0,1,0
6,61638,0,1,5,64,1,0,0,0,140,0,3,7,4,7,8,7,8,8,8,8,100,0,6,2,1,1,1,2,1,2,71,0,23,11,2017,5,14,35,1,2,1,1,1,I-15,NA,149,34.23627778,-117.4233694,0,14,0,1,5,1,0,2,1,1,0,1,0,0,99,99,99,99,99,99,15,0,0,1,0
6,61642,0,1,5,40,1,0,0,0,680,0,3,7,3,7,8,7,8,8,8,8,990,0,6,1,1,0,1,1,4,4,71,0,30,9,2017,7,20,10,0,1,4,1,3,SR-247,NA,753,34.84608056,-117.0151417,0,8,0,0,1,1,0,1,2,1,0,1,0,0,99,99,99,99,88,88,0,0,0,1,0
6,61647,0,1,5,52,1,0,0,0,910,0,3,7,3,7,8,7,8,8,8,8,910,0,6,1,1,0,1,1,1,1,75,3290,19,9,2017,3,3,20,1,2,1,1,1,I-80,NA,48,37.77772778,-122.4018861,0,8,0,0,1,1,0,1,3,1,0,1,0,0,99,99,99,99,99,99,0,0,0,1,0
6,61648,0,1,5,17,1,0,1,0,770,0,1,7,2,7,2,7,1,3,2,3a,750,0,6,1,1,0,1,1,2,2,29,0,8,9,2017,6,22,50,0,1,5,98,5,COMANCHE DR,PANAMA LN,0,35.296475,-118.8429361,0,8,0,0,3,2,0,1,2,1,0,1,0,0,99,99,99,99,88,88,0,0,0,1,1
6,61652,0,1,5,12,2,1,1,0,770,0,1,7,2,7,1,7,2,3,1,1b,750,0,6,1,1,0,1,1,1,1,67,2934,13,6,2017,3,6,40,0,2,4,4,6,COLOMA RD,EL MANTO DR,0,38.61542222,-121.2843389,0,8,0,0,3,2,0,1,1,1,0,1,0,0,99,99,99,99,99,99,0,0,0,1,0
6,61654,0,1,5,15,1,0,0,0,410,0,3,7,4,7,8,7,8,8,8,8,400,0,6,1,1,0,1,1,1,1,71,1603,15,6,2017,5,11,34,0,2,4,4,6,SANTA FE AVE E,NA,0,34.39258611,-117.3076056,0,8,0,0,1,1,0,2,1,1,0,1,0,0,99,99,99,99,99,99,0,0,0,1,0
6,61655,0,1,5,33,1,0,1,0,760,0,3,7,3,7,8,7,8,8,8,8,750,0,6,1,1,0,1,1,1,1,59,3420,3,6,2017,7,0,48,0,2,4,4,6,5TH ST,NA,0,33.748875,-117.9123278,0,8,0,0,1,1,0,1,3,1,0,1,0,0,99,99,99,99,99,99,0,0,0,1,0
6,61656,0,1,5,25,1,0,1,0,760,0,3,7,3,7,8,7,8,8,8,8,750,0,6,2,2,0,1,1,2,2,37,1980,24,6,2017,7,7,30,1,2,3,3,6,ROSCOE BL,NA,0,34.22168889,-118.4298972,0,8,0,0,1,1,0,1,1,1,0,1,0,0,99,99,99,99,99,99,0,0,0,1,0
6,61660,0,1,5,44,2,0,1,0,465,0,3,7,5,7,8,7,8,8,8,8,460,0,6,3,1,2,2,2,1,1,59,80,13,6,2017,3,13,53,0,2,5,4,6,S NUTWOOD ST,NA,0,33.81961389,-117.9501306,0,31,0,0,8,1,0,5,1,1,0,1,0,0,99,99,99,99,99,99,14,0,0,1,0
6,61660,0,2,5,1,2,0,1,0,465,0,3,7,5,7,8,7,8,8,8,8,460,0,6,3,1,2,2,2,1,1,59,80,13,6,2017,3,13,53,0,2,5,4,6,S NUTWOOD ST,NA,0,33.81961389,-117.9501306,0,31,0,0,8,1,0,5,1,1,0,1,0,0,99,99,99,99,99,99,14,0,0,1,0
6,61662,0,1,5,57,1,0,0,0,770,0,3,7,3,7,8,7,8,8,8,8,750,0,6,3,3,0,1,1,6,6,73,3260,14,10,2017,7,5,31,1,2,2,1,3,SR-163,NA,23,32.74198333,-117.1565444,0,8,0,0,1,1,0,1,2,1,0,1,0,0,99,99,99,99,88,88,0,0,0,1,0
6,61666,0,1,5,71,2,1,1,0,781,0,1,7,2,7,1,7,3,1,2,11b,790,0,6,1,1,0,1,1,1,1,59,3420,17,6,2017,7,18,19,0,2,7,4,6,CIVIC CENTER DR,LACY ST,0,33.75208333,-117.8621,0,8,0,0,3,2,0,1,1,1,0,1,0,0,99,99,99,99,99,99,0,0,0,1,0
6,61667,0,1,5,62,1,1,0,0,760,0,1,7,1,7,1,7,4,3,1,2a,750,0,6,1,1,0,1,1,2,2,65,2650,18,6,2017,1,21,38,1,2,3,1,3,SR-111 E VSTA CHINO,SUNRISE WY,529,33.84483333,-116.5281833,0,8,0,0,2,2,0,1,3,1,0,1,0,0,99,99,99,99,99,99,0,0,0,1,1
6,61676,0,1,5,68,1,0,1,0,770,0,1,7,1,7,1,7,2,3,1,2b,750,0,6,1,1,0,1,1,1,1,13,3010,3,6,2017,7,9,46,1,2,3,4,6,CUTTING BL,S 16TH ST,0,37.92521111,-122.3539722,0,8,0,0,2,2,0,1,1,1,0,1,0,0,99,99,99,99,88,88,0,0,0,1,0
6,61682,0,1,8,57,1,1,1,0,760,0,2,7,3,7,3,7,4,3,2,4b,750,0,6,1,1,0,1,1,1,1,65,1580,27,6,2017,3,22,4,1,2,3,1,3,SR-74 FLORIDA AVE,FRANKLIN ST,409,33.74756111,-116.9663083,0,15,0,0,3,2,0,1,3,1,0,1,0,0,99,99,99,99,99,99,0,0,0,1,1
6,61684,0,1,5,57,1,1,1,0,760,0,3,7,3,7,8,7,8,8,8,8,750,0,6,1,1,0,1,1,1,1,55,2330,29,6,2017,5,21,22,1,2,3,4,6,REDWOOD RD,NA,0,38.32086944,-122.3110528,0,8,0,0,1,1,0,1,3,1,0,1,0,0,99,99,99,99,99,99,0,0,0,1,1
6,61687,0,1,5,24,2,0,0,0,230,0,3,7,3,7,8,7,8,8,8,8,100,0,6,3,3,0,1,1,2,2,37,639,11,3,2017,7,1,11,1,2,1,1,1,I-605,NA,55,33.87608056,-118.1024111,0,12,6,1,18,1,0,1,2,1,0,1,0,0,99,99,99,99,99,99,15,23,0,1,1
6,61688,0,1,5,54,1,0,0,0,440,0,3,7,3,7,8,7,8,8,8,8,400,0,6,1,1,0,1,1,1,1,77,0,16,8,2017,4,23,20,0,1,5,98,5,AIRPORT WAY,NA,0,37.67770833,-121.2622472,0,8,0,0,1,1,0,1,2,1,0,1,0,0,99,99,99,99,88,88,0,0,0,1,0
6,61692,0,1,5,48,1,0,1,0,741,0,3,7,3,7,8,7,8,8,8,8,740,0,6,1,1,0,1,1,1,1,37,4120,5,6,2017,2,15,23,1,2,3,4,6,VALLEY BL,NA,0,34.00328611,-117.8889361,0,8,0,0,1,1,0,1,1,1,0,1,0,0,99,99,99,99,88,88,0,0,0,1,0
6,61694,0,1,5,79,1,0,0,0,230,0,3,7,3,7,8,7,8,8,8,8,100,0,6,2,2,0,1,1,6,6,71,0,1,1,2017,1,4,47,1,1,1,1,1,I-15,NA,1674,35.46950278,-115.6014083,0,8,0,0,1,1,0,1,2,5,0,5,0,0,99,99,99,99,99,99,19,23,0,2,0
6,61698,0,1,5,55,1,0,0,0,910,0,3,7,3,7,8,7,8,8,8,8,910,0,6,3,3,0,1,1,3,3,73,3260,25,10,2017,4,5,59,1,2,1,1,1,I-8,NA,17,32.75986389,-117.187875,0,8,0,0,1,1,0,1,2,1,0,1,0,0,99,99,99,99,88,88,0,0,0,1,0
6,61707,0,1,5,21,1,0,1,0,140,0,3,7,5,7,8,7,8,8,8,8,100,0,6,2,2,0,1,1,4,4,37,0,7,5,2017,1,3,11,0,2,4,98,5,COMPTON AVE,NA,0,33.98265,-118.2477611,0,12,6,0,8,1,0,1,3,10,0,10,0,0,99,99,99,99,99,99,0,0,0,1,1
6,61708,0,1,5,47,1,0,1,0,760,0,3,7,3,7,8,7,8,8,8,8,750,0,6,1,1,0,1,1,1,1,81,0,24,7,2017,2,2,25,0,2,4,98,5,MIDDLEFIELD RD,NA,0,37.47831111,-122.21395,0,18,0,0,1,1,0,1,3,1,0,1,0,0,99,99,99,99,99,99,0,0,0,1,0
6,61711,0,1,5,53,1,0,1,0,741,0,3,7,3,7,8,7,8,8,8,8,740,0,6,1,1,0,1,1,2,2,37,0,27,8,2017,1,1,48,0,2,4,98,5,INGLEWOOD AVE.,NA,0,33.9395,-118.3613389,0,8,0,0,1,1,0,1,3,1,0,1,0,0,99,99,99,99,88,88,0,0,0,1,0
6,61712,0,1,5,20,2,0,0,0,910,0,3,7,3,7,8,7,8,8,8,8,910,0,6,1,1,0,1,1,2,2,73,3260,16,9,2017,7,19,59,1,2,1,1,1,I-8,NA,71,32.78111944,-117.0875,0,8,0,0,1,1,0,1,3,1,0,1,0,0,99,99,99,99,88,88,0,0,0,1,0
6,61716,0,1,5,49,2,0,0,0,420,0,3,7,3,7,8,7,8,8,8,8,400,0,6,1,1,0,1,1,3,3,19,0,12,8,2017,7,99,99,0,2,4,2,4,CR-MILLERTON RD,NA,0,36.98416389,-119.6599611,0,8,0,0,1,1,0,1,2,1,0,1,0,0,99,99,99,99,88,88,0,0,0,1,0
6,61734,0,1,5,51,2,1,0,0,770,0,1,7,2,7,2,7,1,3,1,1a,750,0,6,1,1,0,1,1,1,1,37,1980,7,7,2017,6,21,15,1,2,3,4,6,VERMONT AVE,106TH ST,0,33.93989722,-118.2916056,0,8,0,0,3,2,0,1,3,1,0,1,0,0,99,99,99,99,88,88,0,0,0,1,0